John Armstrong,I canâ€™t begin to express how happy I am to see the #OldSpice man is back!Look again!Back at me!,This was nutty #OldSpice #Speedruntech #TearsOfTheKingdom #Zelda #NintendoSwitch, The 
Michael Barrio,Birthdays hit different in your 40â€™sâ€¦,Birthdays hit different in your 40â€™sâ€¦#birthdayboy #birthdayvibes #oldspice,
Michael Barrio,Birthdays hit different in your 40â€™sâ€¦,Birthdays hit different in your 40â€™sâ€¦#birthdayboy #birthdayvibes #oldspice,
Busayo Oyenuga,"In 2010, Old Spice stole the attention from Obama's Victory speechAnd Dove's super bowl Ad They used a simple tactic you can replicateThis way, you'll steal customers from your competitorsHere's the story + how you can do the same;",,
OldSpice_Dad,"Is China's big shopping spree beginning?Does the population of Russia actually know that ""Vladolf"" is selling your country? ",,
,"A self insert.  They used a SELF INTEREST to promote that out of touch commercial from a soap company, that sells more to women mostly, to virtue signal.
Guess I can scrap Dove For Men products off my list now.  I did it for Old Spice and Axe.
JFC, do these people ever LEARN?
Quote Tweet
Bounding Into Comics
Dove's New 'Real Virtual Beauty' Ad Campaign Calls On Gamers ""To Challenge The Narrow Definitions Of Beauty Still Visible In The Virtual World"" https://boundingintocomics.com/2023/05/17/doves-new-real-virtual-beauty-ad-campaign-calls-on-gamers-to-challenge-the-narrow-definitions-of-beauty-still-visible-in-the-virtual-world/",,
,"Nigga tried to clown Sauvage just to bring up basic 1 million. LMAOO you canâ€™t make this stuff up.

This is really like trying to clown someone wearing axe while you wearing old spice. Goobers fr",,
,"old spice is the best deodorant brand because of its gay little ""wilderness"" lavender-scented variet
",,
,"But you know which hookup rumor did turn out to be true? Neve and Isaiah Mustafa aka the Old Spice Guy. He apparently had denied dating Neve back in 2010, but she says they had a â€œmomentâ€, which probably means it was more of a fling. Iâ€™m Andy Cohen at the end of this clip!",,
Kevin Hart,"I don't mess with AI and this is the reason why!! Bad enough my wife keeps taking my 
@OldSpice
 Lotion but now ""the box"" does too - technology has gone too far.... #sponsoredobviously #menhaveskintoo

Shout out to 
@itsadamw
, 
@spiceadams
, and 
@jesustrejo
 for losing my Old Spice!!",,
,"Dawg we was wearing old spice and it made our under arms burn this kid is def 55yrs old",,
Mythical Chef Josh,"Big thanks to 
@Karamo
 both for coming on Last Meals and also for succinctly diagramming the toxic traits I need to work on. I refuse to stop using Old Spice though. Bear Glove smells like orange Starburst and I like it.
Show this thread

",,
,"Kendall
@Kenny___Rose
Â·
16h
real women use old spice deoderant",,
,"""Maomao - old spice, smell like a hero!""
Old spice advert parody. Your welcome...ğŸ˜
#maomao #maomaoheroesofpureheart #oldspice #sketch",,
Managemensfashion,"6. Chanel allure homme sport

A little-known fact is that women love Old Spice. Itâ€™s sporty and casual while smelling crazy good. So if youâ€™re looking for a fragrance with the Old Spice effect, minus the locker room undertones, Chanel Allure Homme ",,
,"The answer is clear and obvious and if you pick ice spice and old spice - youâ€™re either a colorist or a racist fr.
Jordan Edeh
@edeh_jordan
Â·

Thanks to YouTube Tv I discovered  old spice
0:04 / 0:13
JOLT! ğŸ‚ MAY 27
@joltjot
Â·
May 16
<-- smells like used motor oil and old spice
Show this thread
ğŸ’œğ‚ğšğ¥ğ¥ğ¢ğ | ğ”ğ§ğ¡ğ¢ğ§ğ ğğ ğŸğ¨ğ« ğ‘ğšÃºğ¥ğŸ’œ
@Callie_Calz
Â·
Old SpiceğŸ‚ worn by RaÃºl Esparza as Lenny in The Homecoming. 

First launched in 1938, RaÃºl shares that ""I wore Old Spice because my dad wore Old Spice [and] I'm drawn to those tobaccoy musky smells.""",,
,I like that old spice looks unsafe to use,,
,"I remember last Fatherâ€™s Day my uncle got a gift from his wife and it was socks and old spice deodorant (he donâ€™t like old spice ) and he responded â€œ What I do to yâ€™all ? â€œ idk why but I laughed so hard",,
,"what joe keery characters smell like

steve: hairspray and old spice

keys: coffee or something

kurt: sweat and grease, nothing can convince me that man smells good. someone introduce him to dry shampoo or something. itâ€™s ok because heâ€™s babygirl though",,
,Can we all agree that the kid in the lower left has cornered the global market on swagger?  Kid should have an Old Spice deodorant named after him.,,
,"Dove used to be the most preferred men's body wash 

Initially Old Spice used to be the first choice for men but fell off

Not to worry, I'll show you how Old Spice regained its position

Here's how to read this story; 

Read the headline then the story after to understand",,
,"2. They Looked for a problem their competitors were oblivious of

So many men lost their jobs, pride and sense of masculinity (Observe, this is a problem)

Deodorant companies offered a way to get it back (Provide a solution)

And Old Spice changed their target market back to men",,
,ğŸ˜œ When Old Spice just doesnâ€™t do the trick. ğŸ¤£ Thank you Ace! Have a fantastic day!,,
,"Please don't feed the seniors after 1 pm,  they wont take their nap and it causes rush hour to smell like mothballs and old spice.  

#RP #OneBitRP #roleplaying #FiveM #GTA5 #GTARP #storytelling #roleplayer #Onebit #GTAV",,
,"Let's start the day with these. Take a cold bath using an Old Spice Shower gel, & wear a deodorant for all day freshness.

Price tag: ugx: 30K for shower gel 
Ugx: 25K&30K for sticks 
Ugx: 20K for sprays .

Call/Whatsapp 0758965626/0775659292 for orders.",,
,"I may not live as a trans man anymore but you'll have to pry the Old Spice from my soft, estrogenized hands",,
,"appeared on YouTube and Facebook a day before the super bowl Ad

On day 1, they had 5.9 million views

That was more than Obama's Victory speech after 24 hours

Day 2, Old Spice's video was trending all over the internet and became the number 1 most viewed brand on YouTube

Now",,
,"
Reverend good doctor JB Applesauce
@VictorySlap4700
Â·
Somebody said Ice Spice momma is Old Spice ğŸ˜‚ğŸ˜‚ğŸ˜‚ğŸ˜‚ğŸ˜‚ğŸ˜‚ğŸ˜‚ğŸ˜‚ğŸ˜‚
Quote Tweet
AuxGod
@AuxGod_
Â·
Ice Spice and her Mom (2021)
Back on my bully
@Hes_jus_nicee
Â·
Replying to 
@PRINCESSGENES1S
Somebody called her old spice, that funny
_KU5H_
@_KU5H
Â·
All you buy is Irish spring & old spice  anyway Nigga so you good ğŸ˜‚ğŸ˜‚
Quote Tweet
Step Realâ€™Solid ğŸ’¸
@_SolidForever
Â·
Damn Everything Closing We Ainâ€™t Gone Have Shit But Family Dollar in a Minute. twitter.com/chelseyshanae/â€¦
Brody Mac
@716gamR
Â·
Ice Spice, Old Spice, Spice 1... don't matter, I'm rollinğŸ”¥
Quote Tweet
Pretty Synto
@SyntoBaby
Â·
Bhadie Kelly Vs Ice spice
Tiktok challenge
Check out the video thread ğŸ‘‡
Show this thread
á´€á´„Êœâ„¢ğŸŒ
@StepbackAch1
Â·
Going straight into an old spice ad after that sad Nick Gilbert passing away announcement is just special by ESPN ....
Sleepski Too$uaveğŸ•ºğŸ¾ğŸ’¤
@2drowsyy
Â·
Replying to 
@SenseiKee
Ice spice, old spice and all purpose seasoningğŸ˜
Johnie Homeless Degen ğŸ‡ºğŸ‡¦
@Johnie36149708
Â·
Replying to 
@InaTailHedged
 and 
@Kenny___Rose
No idea..this is what she looked like before she discovered Old Spice and b3came a real woman.
",,
,"
Â©ï¸HÂ®ï¸â—ï¸ğŸ’²
@__Prevost__
Â·
May 12
Okkk Old Spice is thick!!
Quote Tweet
Daily Loud
@DailyLoud
Â·
May 12
Ice Spiceâ€™s mom is going viral after these pictures surface online ğŸ‘€ğŸ“¸
Anaisa Pye
@__Charlie24
Â·
May 13
Lmaoooooo not old spice
Quote Tweet
Sensei Kee
@SenseiKee
Â·
May 12
Someone find pics of her grandma, Iâ€™m tryna see sum twitter.com/auxgod_/statusâ€¦
Jay
@scruffyjay
Â·
21h
not to simp for a brand but old spice 2 in 1 shampoo conditioner makes my hair incredibly soft
$trawberry$hotgun
@crybabybruises
Â·
May 11
Hot girls wear old spice deodorant
boss mayne Cree
@creolebaby216_
Â·
May 13
Ice Spice and Old Spice ğŸ”¥ ğŸ˜
Quote Tweet
AuxGod
@AuxGod_
Â·
May 12
Ice Spice and her Mom (2021)
Terry Rymer
@TerryRymer7
Â·
May 18
Replying to 
@popsyosh34
 and 
@CWStalker9
His famous anti slipstream tactic of splashing old spice on his leathers before a race forcing competitors to wear ear plugs up their noses as well as in their ears!     
@CWStalker9
 AKA Spice boy!
old spice. | Parody.
@VancityGin
Â·
May 18
I will never hate anything more than when I try to click on something at the top of my screen and a notification pops down, intercepts my click and drags me to an entirely different app across the universe.

Iâ€™m maulding five times a day.",,
,"
KTs Deals And Discounts
@KayTee15355740
Â·
May 12
Â£7.03 >>>> FROM Â£12.00
.
PRICE DROP
.
amazon.co.uk
Old Spice Mens Deodorant Stick and Shower Gel For Men, Captain, Aluminium Free, 48H Long Lasting...
Old Spice Mens Deodorant Stick and Shower Gel For Men, Captain, Aluminium Free, 48H Long Lasting Scent VALUE PACK 85ml + 675ml
Sunshine â˜€ï¸
@ms_mukundi
Â·
5h
Replying to 
@Evey_Muthoni
No other old spice variants you like???
Bigkat209 |ğŸ”´ LIVE on Twitch/Kick
@BigKat209TV
Â·
20h
If you are getting spammed by the same video from the same creator today on 
@tiktok_us
 and you donâ€™t want to see that shit anymore you can block the creator. I seen that stupid foil in the arm pit shit and the guy doing a trick shot for old spice literally every other video
scott
@LeBeauJauneRoi
Â·
9h
Iâ€™d have that room with ice and old spice so musty ğŸ”¥ğŸ’¯
Quote Tweet
K.P. ğŸ‡µğŸ‡·
@1KingPrime
Â·
May 17
Choose your fighter ğŸ‘€
Mama Spice or Mama Miami
Mâ€™balz Es Hari (Bomb maker, trans âš§ respecter)
@hari_balz
Â·
16h
Replying to 
@Kenny___Rose
These women use old spice Ken
amon
@r9kstalker
Â·
May 17
Amon tutorial to being hygienic:
do not use old spice. they recently had to pay out $8 mil to everyone whoâ€™s used it. use dove + men deodorant.
brush your teeth every morning and night, flossing at night. scrub your tongue and scrape it weekly.",,
,"
Manganum
@manganumapp
Manganum helps you stay organized and focused. Whether working on a big project or trying to stay on top of your to-do list, Manganum streamlines your workflow and helps you get more done.
manganum.app
Simplify your workflow and increase productivity with Manganum.
Promoted
ğŸ…±ï¸enny ğŸ…±ï¸ap ğŸ‘º
@BennyBap15
Â·
May 12
Old Spice right ğŸ¥µ
Quote Tweet
Daily Loud
@DailyLoud
Â·
May 12
Ice Spiceâ€™s mom is going viral after these pictures surface online ğŸ‘€ğŸ“¸
Sir David of Retrohenshire
@HenninghamDavid
Â·
4h
Well, Iâ€™m currently using Hai Karate but I also love Old Spice, Denim, Tabac, Brut and Blue Stratos. Iâ€™m loving Hai Karate at the moment though x
ReisğŸŒŸ
@steelsharkz
Â·
4h
old spice wolfthorn smells so fruity it's actually really nice
A
@Antonvsworld
Â·
May 18
i used this a couple times bc of tiktok and had fucking reptile skin. gentrified old spice ass body wash
Quote Tweet
â­ï¸
@asharinevergaf
Â·
May 9
my love for method is unmatched",,
,"
MoneyManMtho
@corruptedwrld
Â·
May 14
Old Spice >>>
Quote Tweet
AuxGod
@AuxGod_
Â·
May 12
Ice Spice and her Mom (2021)
Jordan4Hunnid__
@mr_freshprincee
Â·
May 12
Old spice look IghğŸ¤£
Quote Tweet
Daily Loud
@DailyLoud
Â·
May 12
Ice Spiceâ€™s mom is going viral after these pictures surface online ğŸ‘€ğŸ“¸
wayne scot lukas
@lukastyle
Â·
May 13
Great support but she's giving you ""old spice""
Quote Tweet
LGBTQ Nation
@lgbtqnation
Â·
May 13
.@EmmaBunton has long vocalized her support for LGBTQ+ people. #LGBTQ https://lgbtq.to/3M1qxtZ
fbgethanğŸ‘ğŸ¾
@ethan_basquiat
Â·
May 13
old spice can get every blood,sweat, and tears out of me too
Quote Tweet
AuxGod
@AuxGod_
Â·
May 12
Ice Spice and her Mom (2021)
NumberzğŸ”
@_Phillysown
Â·
May 14
Old Spice & Ice SpiceğŸ¤“
Quote Tweet
AuxGod
@AuxGod_
Â·
May 12
Ice Spice and her Mom (2021)",,
,"
Sheryl Marie
@sheyszie
Â·
May 17
Let your manliness shine with the help of Old Spice products. No need to worry about your scent sweating off when the going gets tough. We got you covered! Shop now: https://tinyurl.com/OldSpicePHShopee #PGemployee
ambassadors.pg.com
Let your manliness shine with the help of Old Spice products. No need to worry about your scent...
Let your manliness shine with the help of Old Spice products. No need to worry about your scent sweating off when the going gets tough. We got you covered! Shop now: https://tinyurl.com/OldSpicePHS...
Mayhem Skully â˜  ğŸ´â€â˜ ï¸
@MayhemSkully
Â·
May 13
(Old Spice commercial)
Look, I'm on a horse!
Quote Tweet
RUSH OFICIAL
@rushtoroblanco
Â·
May 12
NOTHING HAPPENS UNLESS I SAY SO.
#ToroBlanco
#AEW #LFI #NopasaNothing
0:00 / 0:17
ceddy cage ğŸ˜ğŸ¥·ğŸ¾
@ceddy__2x
Â·
May 14
Old spice sponsorship otw ğŸ¥´
Quote Tweet
The Pettiest Laker Fan ğŸ¤«
@ThePettiestLA
Â·
May 12
I always rocked with OldSpice anyways twitter.com/dailyloud/statâ€¦
Show this thread",,