Joe Goes Gaming!,Ultra-rare find!!! NIISES BALS (1993) starring the up and coming actor Donald Trump. #RareBeauty,,omg i just got my package email omg i'm crying man i can't wait for tomorrow i'm so excited aaaaahhhh I'm so Happy besties omg Thank you so much @SelenaFanClub @selenagomez @rarebeauty #SelenaGomez #RareBeauty #YouAreRare
Kirsty,omg i just got my package email omg i'm crying man i can't wait for tomorrow i'm so excited aaaaahhhh I'm so Happy besties omg Thank you so much @SelenaFanClub @selenagomez @rarebeauty #SelenaGomez #RareBeauty #YouAreRare,,
Kirsty,omg i just got my package email omg i'm crying man i can't wait for tomorrow i'm so excited aaaaahhhh I'm so Happy besties omg Thank you so much @SelenaFanClub @selenagomez @rarebeauty #SelenaGomez #RareBeauty #YouAreRare,please i care so much please follow me please you are so special to me please I'm a huge fan of rare beauty please besties @SelenaFanClub @selenagomez @rarebeauty #SelenaGomez #RareBeauty #YouAreRare,Finally kebeli mascara + tinted oil lip Rare Beauty#RareBeauty
LalaLose_You,please i care so much please follow me please you are so special to me please I'm a huge fan of rare beauty please besties @SelenaFanClub @selenagomez @rarebeauty #SelenaGomez #RareBeauty #YouAreRare,I swear I still don't realize I have it all it doesn't feel real is it real?is this a dream?no it's obviously true it's all literally true my collection of rare beauty@SelenaFanClub @selenagomez @rarebeauty #SelenaGomez #RareBeauty #YouAreRare,Retweet if you love the @rarebeauty mascara as much as @selenagomez doesShop Nowhttps://bit.ly/3IqrsTN #SpaceNK #RareBeauty #Mascara
Space NK,I swear I still don't realize I have it all it doesn't feel real is it real?is this a dream?no it's obviously true it's all literally true my collection of rare beauty@SelenaFanClub @selenagomez @rarebeauty #SelenaGomez #RareBeauty #YouAreRare,,my rare beauty productsShis so beautiful @SelenaFanClub @selenagomez @rarebeauty #SelenaGomez #RareBeauty #YouAreRare
,Retweet if you love the @rarebeauty mascara as much as @selenagomez doesShop Nowhttps://bit.ly/3IqrsTN #SpaceNK #RareBeauty #Mascara,my rare beauty productsShis so beautiful @SelenaFanClub @selenagomez @rarebeauty #SelenaGomez #RareBeauty #YouAreRare,"When it comes to lipsticks, @rarebeauty never fails to deliver!From vibrant hues to timeless neutrals, their collection is a true beauty lover's dream. #Fashiontv #fashiontvindia #ftv #makeup #beauty #skincare #rarebeauty"
ùêíùêöùê´ùêö | Fan account) ,,"When it comes to lipsticks, @rarebeauty never fails to deliver!From vibrant hues to timeless neutrals, their collection is a true beauty lover's dream. #Fashiontv #fashiontvindia #ftv #makeup #beauty #skincare #rarebeauty","Experience makeup made to feel good in, without hiding what makes you unique from @rarebeauty by @selenagomez.Be the first to shop the feel good formulas now only at Sephora Sogo Plaza Senayan, Level 1 ‚Äã‚Äã#RareBeauty#NewAtSephora#WhatsOnPlazaSenayan#PlazaSenayan"
FTV Beauty,my rare beauty productsShis so beautiful @SelenaFanClub @selenagomez @rarebeauty #SelenaGomez #RareBeauty #YouAreRare,"Experience makeup made to feel good in, without hiding what makes you unique from @rarebeauty by @selenagomez.Be the first to shop the feel good formulas now only at Sephora Sogo Plaza Senayan, Level 1 ‚Äã‚Äã#RareBeauty#NewAtSephora#WhatsOnPlazaSenayan#PlazaSenayan","It‚Äôs FINALLY HERE!Experience makeup made to feel good in, without hiding what makes you unique from @rarebeauty by @selenagomez Be the first to shop the feel good formulas now only at Sephora 1st Floor - Senayan City, online, or in-app!#SENAYANCITY #RareBeauty #NewAtSephora"
Plaza Senayan,"When it comes to lipsticks, @rarebeauty never fails to deliver!From vibrant hues to timeless neutrals, their collection is a true beauty lover's dream. #Fashiontv #fashiontvindia #ftv #makeup #beauty #skincare #rarebeauty","It‚Äôs FINALLY HERE!Experience makeup made to feel good in, without hiding what makes you unique from @rarebeauty by @selenagomez Be the first to shop the feel good formulas now only at Sephora 1st Floor - Senayan City, online, or in-app!#SENAYANCITY #RareBeauty #NewAtSephora",Love how my bf got me a @selenagomez shirt#SelenaGomez #selena #rarebeauty #loveselena
Senayan City,"Experience makeup made to feel good in, without hiding what makes you unique from @rarebeauty by @selenagomez.Be the first to shop the feel good formulas now only at Sephora Sogo Plaza Senayan, Level 1 ‚Äã‚Äã#RareBeauty#NewAtSephora#WhatsOnPlazaSenayan#PlazaSenayan",Love how my bf got me a @selenagomez shirt#SelenaGomez #selena #rarebeauty #loveselena,"It‚Äôs FINALLY HERE! Experience makeup made to feel good in, without hiding what makes you unique from @rarebeauty by @selenagomez. Be the first to shop the feel-good formulas now only at Sephora in-store! ‚Äã‚Äã#RareBeauty #NewAtSephora"
Bluebabes_1990,"It‚Äôs FINALLY HERE!Experience makeup made to feel good in, without hiding what makes you unique from @rarebeauty by @selenagomez Be the first to shop the feel good formulas now only at Sephora 1st Floor - Senayan City, online, or in-app!#SENAYANCITY #RareBeauty #NewAtSephora","It‚Äôs FINALLY HERE! Experience makeup made to feel good in, without hiding what makes you unique from @rarebeauty by @selenagomez. Be the first to shop the feel-good formulas now only at Sephora in-store! ‚Äã‚Äã#RareBeauty #NewAtSephora",
ùêíùêöùê´ùêö | Fan account) ,omg i just got my package email omg i'm crying man i can't wait for tomorrow i'm so excited aaaaahhhh I'm so Happy besties omg Thank you so much @SelenaFanClub @selenagomez @rarebeauty #SelenaGomez #RareBeauty #YouAreRare,A Beauty Wishlist| https://buff.ly/3AlZcxe @sotonbloggers #bbloggers #TeacupClub @BloggersTribe #fentyskin #rarebeauty #wishlist,please i care so much please follow me please you are so special to me please I'm a huge fan of rare beauty please besties @SelenaFanClub @selenagomez @rarebeauty #SelenaGomez #RareBeauty #YouAreRare
Kirsty,omg i just got my package email omg i'm crying man i can't wait for tomorrow i'm so excited aaaaahhhh I'm so Happy besties omg Thank you so much @SelenaFanClub @selenagomez @rarebeauty #SelenaGomez #RareBeauty #YouAreRare,,
Kirsty,omg i just got my package email omg i'm crying man i can't wait for tomorrow i'm so excited aaaaahhhh I'm so Happy besties omg Thank you so much @SelenaFanClub @selenagomez @rarebeauty #SelenaGomez #RareBeauty #YouAreRare,please i care so much please follow me please you are so special to me please I'm a huge fan of rare beauty please besties @SelenaFanClub @selenagomez @rarebeauty #SelenaGomez #RareBeauty #YouAreRare,Finally kebeli mascara + tinted oil lip Rare Beauty#RareBeauty
LalaLose_You,please i care so much please follow me please you are so special to me please I'm a huge fan of rare beauty please besties @SelenaFanClub @selenagomez @rarebeauty #SelenaGomez #RareBeauty #YouAreRare,I swear I still don't realize I have it all it doesn't feel real is it real?is this a dream?no it's obviously true it's all literally true my collection of rare beauty@SelenaFanClub @selenagomez @rarebeauty #SelenaGomez #RareBeauty #YouAreRare,Retweet if you love the @rarebeauty mascara as much as @selenagomez doesShop Nowhttps://bit.ly/3IqrsTN #SpaceNK #RareBeauty #Mascara
Space NK,I swear I still don't realize I have it all it doesn't feel real is it real?is this a dream?no it's obviously true it's all literally true my collection of rare beauty@SelenaFanClub @selenagomez @rarebeauty #SelenaGomez #RareBeauty #YouAreRare,,my rare beauty productsShis so beautiful @SelenaFanClub @selenagomez @rarebeauty #SelenaGomez #RareBeauty #YouAreRare
,Retweet if you love the @rarebeauty mascara as much as @selenagomez doesShop Nowhttps://bit.ly/3IqrsTN #SpaceNK #RareBeauty #Mascara,my rare beauty productsShis so beautiful @SelenaFanClub @selenagomez @rarebeauty #SelenaGomez #RareBeauty #YouAreRare,"When it comes to lipsticks, @rarebeauty never fails to deliver!From vibrant hues to timeless neutrals, their collection is a true beauty lover's dream. #Fashiontv #fashiontvindia #ftv #makeup #beauty #skincare #rarebeauty"
ùêíùêöùê´ùêö | Fan account) ,,"When it comes to lipsticks, @rarebeauty never fails to deliver!From vibrant hues to timeless neutrals, their collection is a true beauty lover's dream. #Fashiontv #fashiontvindia #ftv #makeup #beauty #skincare #rarebeauty","Experience makeup made to feel good in, without hiding what makes you unique from @rarebeauty by @selenagomez.Be the first to shop the feel good formulas now only at Sephora Sogo Plaza Senayan, Level 1 ‚Äã‚Äã#RareBeauty#NewAtSephora#WhatsOnPlazaSenayan#PlazaSenayan"
FTV Beauty,my rare beauty productsShis so beautiful @SelenaFanClub @selenagomez @rarebeauty #SelenaGomez #RareBeauty #YouAreRare,"Experience makeup made to feel good in, without hiding what makes you unique from @rarebeauty by @selenagomez.Be the first to shop the feel good formulas now only at Sephora Sogo Plaza Senayan, Level 1 ‚Äã‚Äã#RareBeauty#NewAtSephora#WhatsOnPlazaSenayan#PlazaSenayan","It‚Äôs FINALLY HERE!Experience makeup made to feel good in, without hiding what makes you unique from @rarebeauty by @selenagomez Be the first to shop the feel good formulas now only at Sephora 1st Floor - Senayan City, online, or in-app!#SENAYANCITY #RareBeauty #NewAtSephora"
Plaza Senayan,"When it comes to lipsticks, @rarebeauty never fails to deliver!From vibrant hues to timeless neutrals, their collection is a true beauty lover's dream. #Fashiontv #fashiontvindia #ftv #makeup #beauty #skincare #rarebeauty","It‚Äôs FINALLY HERE!Experience makeup made to feel good in, without hiding what makes you unique from @rarebeauty by @selenagomez Be the first to shop the feel good formulas now only at Sephora 1st Floor - Senayan City, online, or in-app!#SENAYANCITY #RareBeauty #NewAtSephora",Love how my bf got me a @selenagomez shirt#SelenaGomez #selena #rarebeauty #loveselena
Senayan City,"Experience makeup made to feel good in, without hiding what makes you unique from @rarebeauty by @selenagomez.Be the first to shop the feel good formulas now only at Sephora Sogo Plaza Senayan, Level 1 ‚Äã‚Äã#RareBeauty#NewAtSephora#WhatsOnPlazaSenayan#PlazaSenayan",Love how my bf got me a @selenagomez shirt#SelenaGomez #selena #rarebeauty #loveselena,"It‚Äôs FINALLY HERE! Experience makeup made to feel good in, without hiding what makes you unique from @rarebeauty by @selenagomez. Be the first to shop the feel-good formulas now only at Sephora in-store! ‚Äã‚Äã#RareBeauty #NewAtSephora"
Bluebabes_1990,"It‚Äôs FINALLY HERE!Experience makeup made to feel good in, without hiding what makes you unique from @rarebeauty by @selenagomez Be the first to shop the feel good formulas now only at Sephora 1st Floor - Senayan City, online, or in-app!#SENAYANCITY #RareBeauty #NewAtSephora","It‚Äôs FINALLY HERE! Experience makeup made to feel good in, without hiding what makes you unique from @rarebeauty by @selenagomez. Be the first to shop the feel-good formulas now only at Sephora in-store! ‚Äã‚Äã#RareBeauty #NewAtSephora",sooo I changed up my rare beauty testimonial! let me know what you think! #UGC #ugcexample #ugcportfolio #ugccommunity #UGCcreator #RareBeauty #rarebeautyblush
Pondok Indah Mall,Love how my bf got me a @selenagomez shirt#SelenaGomez #selena #rarebeauty #loveselena,sooo I changed up my rare beauty testimonial! let me know what you think! #UGC #ugcexample #ugcportfolio #ugccommunity #UGCcreator #RareBeauty #rarebeautyblush,"It‚Äôs FINALLY HERE!Experience makeup made to feel good in, without hiding what makes you unique from @rarebeauty by @selenagomez.Be the first to shop the feel good formulas now only at Sephora in-stores, online, or in-app!‚Äã-#centralparkmall#RareBeauty #NewAtSephora‚Ä¶"
Suha Khan,"It‚Äôs FINALLY HERE! Experience makeup made to feel good in, without hiding what makes you unique from @rarebeauty by @selenagomez. Be the first to shop the feel-good formulas now only at Sephora in-store! ‚Äã‚Äã#RareBeauty #NewAtSephora","It‚Äôs FINALLY HERE!Experience makeup made to feel good in, without hiding what makes you unique from @rarebeauty by @selenagomez.Be the first to shop the feel good formulas now only at Sephora in-stores, online, or in-app!‚Äã-#centralparkmall#RareBeauty #NewAtSephora‚Ä¶",My products From rare beauty @SelenaFanClub @selenagomez @rarebeauty #SelenaGomez #RareBeauty #YouAreRare
Central Park Mall,sooo I changed up my rare beauty testimonial! let me know what you think! #UGC #ugcexample #ugcportfolio #ugccommunity #UGCcreator #RareBeauty #rarebeautyblush,My products From rare beauty @SelenaFanClub @selenagomez @rarebeauty #SelenaGomez #RareBeauty #YouAreRare,https://youtu.be/9BzCW-g8n8E@rarebeauty Light Touch Weightless Foundation face off! What do you think about this Foundation?What do you think of these shades on me?#DionLuvsMakeup #TheCrazyTrollNation #RareBeauty #Foundation #MakeupOver50 Don't forget to subscribe 
Dion Luvs Makeup,My products From rare beauty @SelenaFanClub @selenagomez @rarebeauty #SelenaGomez #RareBeauty #YouAreRare,"Oops!Same dlsame, but different #RareBeauty #ABG",Unveiling the Magic of Rare Beauty Eye Brightener: Illuminate Your Eyes with Elegance.#RareBeauty#Elegance
MaleeMind ,https://youtu.be/9BzCW-g8n8E@rarebeauty Light Touch Weightless Foundation face off! What do you think about this Foundation?What do you think of these shades on me?#DionLuvsMakeup #TheCrazyTrollNation #RareBeauty #Foundation #MakeupOver50 Don't forget to subscribe ,Unveiling the Magic of Rare Beauty Eye Brightener: Illuminate Your Eyes with Elegance.#RareBeauty#Elegance,It's #WorldBakingDay! Here's a throwback to our gorgeous #RareBeauty 1st Birthday CakeShop @rarebeautyhttps://bit.ly/3MEMjFl
Health space,"Oops!Same dlsame, but different #RareBeauty #ABG",It's #WorldBakingDay! Here's a throwback to our gorgeous #RareBeauty 1st Birthday CakeShop @rarebeautyhttps://bit.ly/3MEMjFl,"Friends, how do adhd girlies organize their makeup, because I drunk purchased a bunch of Rare Beauty and I don‚Äôt want to disrespect it #makeup #rarebeauty"
Space NK,Unveiling the Magic of Rare Beauty Eye Brightener: Illuminate Your Eyes with Elegance.#RareBeauty#Elegance,"Friends, how do adhd girlies organize their makeup, because I drunk purchased a bunch of Rare Beauty and I don‚Äôt want to disrespect it #makeup #rarebeauty",
Kirsty,omg i just got my package email omg i'm crying man i can't wait for tomorrow i'm so excited aaaaahhhh I'm so Happy besties omg Thank you so much @SelenaFanClub @selenagomez @rarebeauty #SelenaGomez #RareBeauty #YouAreRare,,
Kirsty,omg i just got my package email omg i'm crying man i can't wait for tomorrow i'm so excited aaaaahhhh I'm so Happy besties omg Thank you so much @SelenaFanClub @selenagomez @rarebeauty #SelenaGomez #RareBeauty #YouAreRare,please i care so much please follow me please you are so special to me please I'm a huge fan of rare beauty please besties @SelenaFanClub @selenagomez @rarebeauty #SelenaGomez #RareBeauty #YouAreRare,Finally kebeli mascara + tinted oil lip Rare Beauty#RareBeauty
LalaLose_You,please i care so much please follow me please you are so special to me please I'm a huge fan of rare beauty please besties @SelenaFanClub @selenagomez @rarebeauty #SelenaGomez #RareBeauty #YouAreRare,I swear I still don't realize I have it all it doesn't feel real is it real?is this a dream?no it's obviously true it's all literally true my collection of rare beauty@SelenaFanClub @selenagomez @rarebeauty #SelenaGomez #RareBeauty #YouAreRare,Retweet if you love the @rarebeauty mascara as much as @selenagomez doesShop Nowhttps://bit.ly/3IqrsTN #SpaceNK #RareBeauty #Mascara
Space NK,I swear I still don't realize I have it all it doesn't feel real is it real?is this a dream?no it's obviously true it's all literally true my collection of rare beauty@SelenaFanClub @selenagomez @rarebeauty #SelenaGomez #RareBeauty #YouAreRare,my rare beauty productsShis so beautiful @SelenaFanClub @selenagomez @rarebeauty #SelenaGomez #RareBeauty #YouAreRare,"When it comes to lipsticks, @rarebeauty never fails to deliver!From vibrant hues to timeless neutrals, their collection is a true beauty lover's dream. #Fashiontv #fashiontvindia #ftv #makeup #beauty #skincare #rarebeauty"
ùêíùêöùê´ùêö | Fan account) ,Retweet if you love the @rarebeauty mascara as much as @selenagomez doesShop Nowhttps://bit.ly/3IqrsTN #SpaceNK #RareBeauty #Mascara,"When it comes to lipsticks, @rarebeauty never fails to deliver!From vibrant hues to timeless neutrals, their collection is a true beauty lover's dream. #Fashiontv #fashiontvindia #ftv #makeup #beauty #skincare #rarebeauty","Experience makeup made to feel good in, without hiding what makes you unique from @rarebeauty by @selenagomez.Be the first to shop the feel good formulas now only at Sephora Sogo Plaza Senayan, Level 1 ‚Äã‚Äã#RareBeauty#NewAtSephora#WhatsOnPlazaSenayan#PlazaSenayan"
FTV Beauty,my rare beauty productsShis so beautiful @SelenaFanClub @selenagomez @rarebeauty #SelenaGomez #RareBeauty #YouAreRare,"Experience makeup made to feel good in, without hiding what makes you unique from @rarebeauty by @selenagomez.Be the first to shop the feel good formulas now only at Sephora Sogo Plaza Senayan, Level 1 ‚Äã‚Äã#RareBeauty#NewAtSephora#WhatsOnPlazaSenayan#PlazaSenayan","It‚Äôs FINALLY HERE!Experience makeup made to feel good in, without hiding what makes you unique from @rarebeauty by @selenagomez Be the first to shop the feel good formulas now only at Sephora 1st Floor - Senayan City, online, or in-app!#SENAYANCITY #RareBeauty #NewAtSephora"
Plaza Senayan,"When it comes to lipsticks, @rarebeauty never fails to deliver!From vibrant hues to timeless neutrals, their collection is a true beauty lover's dream. #Fashiontv #fashiontvindia #ftv #makeup #beauty #skincare #rarebeauty","It‚Äôs FINALLY HERE!Experience makeup made to feel good in, without hiding what makes you unique from @rarebeauty by @selenagomez Be the first to shop the feel good formulas now only at Sephora 1st Floor - Senayan City, online, or in-app!#SENAYANCITY #RareBeauty #NewAtSephora",Love how my bf got me a @selenagomez shirt#SelenaGomez #selena #rarebeauty #loveselena
Senayan City,"Experience makeup made to feel good in, without hiding what makes you unique from @rarebeauty by @selenagomez.Be the first to shop the feel good formulas now only at Sephora Sogo Plaza Senayan, Level 1 ‚Äã‚Äã#RareBeauty#NewAtSephora#WhatsOnPlazaSenayan#PlazaSenayan",Love how my bf got me a @selenagomez shirt#SelenaGomez #selena #rarebeauty #loveselena,"It‚Äôs FINALLY HERE! Experience makeup made to feel good in, without hiding what makes you unique from @rarebeauty by @selenagomez. Be the first to shop the feel-good formulas now only at Sephora in-store! ‚Äã‚Äã#RareBeauty #NewAtSephora"
Bluebabes_1990,"It‚Äôs FINALLY HERE!Experience makeup made to feel good in, without hiding what makes you unique from @rarebeauty by @selenagomez Be the first to shop the feel good formulas now only at Sephora 1st Floor - Senayan City, online, or in-app!#SENAYANCITY #RareBeauty #NewAtSephora","It‚Äôs FINALLY HERE! Experience makeup made to feel good in, without hiding what makes you unique from @rarebeauty by @selenagomez. Be the first to shop the feel-good formulas now only at Sephora in-store! ‚Äã‚Äã#RareBeauty #NewAtSephora",sooo I changed up my rare beauty testimonial! let me know what you think! #UGC #ugcexample #ugcportfolio #ugccommunity #UGCcreator #RareBeauty #rarebeautyblush
Pondok Indah Mall,Love how my bf got me a @selenagomez shirt#SelenaGomez #selena #rarebeauty #loveselena,sooo I changed up my rare beauty testimonial! let me know what you think! #UGC #ugcexample #ugcportfolio #ugccommunity #UGCcreator #RareBeauty #rarebeautyblush,"It‚Äôs FINALLY HERE!Experience makeup made to feel good in, without hiding what makes you unique from @rarebeauty by @selenagomez.Be the first to shop the feel good formulas now only at Sephora in-stores, online, or in-app!‚Äã-#centralparkmall#RareBeauty #NewAtSephora‚Ä¶"
Suha Khan,"It‚Äôs FINALLY HERE! Experience makeup made to feel good in, without hiding what makes you unique from @rarebeauty by @selenagomez. Be the first to shop the feel-good formulas now only at Sephora in-store! ‚Äã‚Äã#RareBeauty #NewAtSephora","It‚Äôs FINALLY HERE!Experience makeup made to feel good in, without hiding what makes you unique from @rarebeauty by @selenagomez.Be the first to shop the feel good formulas now only at Sephora in-stores, online, or in-app!‚Äã-#centralparkmall#RareBeauty #NewAtSephora‚Ä¶",My products From rare beauty @SelenaFanClub @selenagomez @rarebeauty #SelenaGomez #RareBeauty #YouAreRare
Central Park Mall,sooo I changed up my rare beauty testimonial! let me know what you think! #UGC #ugcexample #ugcportfolio #ugccommunity #UGCcreator #RareBeauty #rarebeautyblush,My products From rare beauty @SelenaFanClub @selenagomez @rarebeauty #SelenaGomez #RareBeauty #YouAreRare,https://youtu.be/9BzCW-g8n8E@rarebeauty Light Touch Weightless Foundation face off! What do you think about this Foundation?What do you think of these shades on me?#DionLuvsMakeup #TheCrazyTrollNation #RareBeauty #Foundation #MakeupOver50 Don't forget to subscribe 
Dion Luvs Makeup,My products From rare beauty @SelenaFanClub @selenagomez @rarebeauty #SelenaGomez #RareBeauty #YouAreRare,"Oops!Same dlsame, but different #RareBeauty #ABG",Unveiling the Magic of Rare Beauty Eye Brightener: Illuminate Your Eyes with Elegance.#RareBeauty#Elegance
MaleeMind ,https://youtu.be/9BzCW-g8n8E@rarebeauty Light Touch Weightless Foundation face off! What do you think about this Foundation?What do you think of these shades on me?#DionLuvsMakeup #TheCrazyTrollNation #RareBeauty #Foundation #MakeupOver50 Don't forget to subscribe ,Unveiling the Magic of Rare Beauty Eye Brightener: Illuminate Your Eyes with Elegance.#RareBeauty#Elegance,It's #WorldBakingDay! Here's a throwback to our gorgeous #RareBeauty 1st Birthday CakeShop @rarebeautyhttps://bit.ly/3MEMjFl
Health space,"Oops!Same dlsame, but different #RareBeauty #ABG",It's #WorldBakingDay! Here's a throwback to our gorgeous #RareBeauty 1st Birthday CakeShop @rarebeautyhttps://bit.ly/3MEMjFl,"Friends, how do adhd girlies organize their makeup, because I drunk purchased a bunch of Rare Beauty and I don‚Äôt want to disrespect it #makeup #rarebeauty"
Space NK,Unveiling the Magic of Rare Beauty Eye Brightener: Illuminate Your Eyes with Elegance.#RareBeauty#Elegance,"Friends, how do adhd girlies organize their makeup, because I drunk purchased a bunch of Rare Beauty and I don‚Äôt want to disrespect it #makeup #rarebeauty",
Kirsty,omg i just got my package email omg i'm crying man i can't wait for tomorrow i'm so excited aaaaahhhh I'm so Happy besties omg Thank you so much @SelenaFanClub @selenagomez @rarebeauty #SelenaGomez #RareBeauty #YouAreRare,,
Kirsty,omg i just got my package email omg i'm crying man i can't wait for tomorrow i'm so excited aaaaahhhh I'm so Happy besties omg Thank you so much @SelenaFanClub @selenagomez @rarebeauty #SelenaGomez #RareBeauty #YouAreRare,please i care so much please follow me please you are so special to me please I'm a huge fan of rare beauty please besties @SelenaFanClub @selenagomez @rarebeauty #SelenaGomez #RareBeauty #YouAreRare,Finally kebeli mascara + tinted oil lip Rare Beauty#RareBeauty
LalaLose_You,please i care so much please follow me please you are so special to me please I'm a huge fan of rare beauty please besties @SelenaFanClub @selenagomez @rarebeauty #SelenaGomez #RareBeauty #YouAreRare,I swear I still don't realize I have it all it doesn't feel real is it real?is this a dream?no it's obviously true it's all literally true my collection of rare beauty@SelenaFanClub @selenagomez @rarebeauty #SelenaGomez #RareBeauty #YouAreRare,Retweet if you love the @rarebeauty mascara as much as @selenagomez doesShop Nowhttps://bit.ly/3IqrsTN #SpaceNK #RareBeauty #Mascara
Space NK,I swear I still don't realize I have it all it doesn't feel real is it real?is this a dream?no it's obviously true it's all literally true my collection of rare beauty@SelenaFanClub @selenagomez @rarebeauty #SelenaGomez #RareBeauty #YouAreRare,my rare beauty productsShis so beautiful @SelenaFanClub @selenagomez @rarebeauty #SelenaGomez #RareBeauty #YouAreRare,"When it comes to lipsticks, @rarebeauty never fails to deliver!From vibrant hues to timeless neutrals, their collection is a true beauty lover's dream. #Fashiontv #fashiontvindia #ftv #makeup #beauty #skincare #rarebeauty"
ùêíùêöùê´ùêö | Fan account) ,Retweet if you love the @rarebeauty mascara as much as @selenagomez doesShop Nowhttps://bit.ly/3IqrsTN #SpaceNK #RareBeauty #Mascara,"When it comes to lipsticks, @rarebeauty never fails to deliver!From vibrant hues to timeless neutrals, their collection is a true beauty lover's dream. #Fashiontv #fashiontvindia #ftv #makeup #beauty #skincare #rarebeauty","Experience makeup made to feel good in, without hiding what makes you unique from @rarebeauty by @selenagomez.Be the first to shop the feel good formulas now only at Sephora Sogo Plaza Senayan, Level 1 ‚Äã‚Äã#RareBeauty#NewAtSephora#WhatsOnPlazaSenayan#PlazaSenayan"
FTV Beauty,my rare beauty productsShis so beautiful @SelenaFanClub @selenagomez @rarebeauty #SelenaGomez #RareBeauty #YouAreRare,"Experience makeup made to feel good in, without hiding what makes you unique from @rarebeauty by @selenagomez.Be the first to shop the feel good formulas now only at Sephora Sogo Plaza Senayan, Level 1 ‚Äã‚Äã#RareBeauty#NewAtSephora#WhatsOnPlazaSenayan#PlazaSenayan","It‚Äôs FINALLY HERE!Experience makeup made to feel good in, without hiding what makes you unique from @rarebeauty by @selenagomez Be the first to shop the feel good formulas now only at Sephora 1st Floor - Senayan City, online, or in-app!#SENAYANCITY #RareBeauty #NewAtSephora"
Plaza Senayan,"When it comes to lipsticks, @rarebeauty never fails to deliver!From vibrant hues to timeless neutrals, their collection is a true beauty lover's dream. #Fashiontv #fashiontvindia #ftv #makeup #beauty #skincare #rarebeauty","It‚Äôs FINALLY HERE!Experience makeup made to feel good in, without hiding what makes you unique from @rarebeauty by @selenagomez Be the first to shop the feel good formulas now only at Sephora 1st Floor - Senayan City, online, or in-app!#SENAYANCITY #RareBeauty #NewAtSephora",Love how my bf got me a @selenagomez shirt#SelenaGomez #selena #rarebeauty #loveselena
Senayan City,"Experience makeup made to feel good in, without hiding what makes you unique from @rarebeauty by @selenagomez.Be the first to shop the feel good formulas now only at Sephora Sogo Plaza Senayan, Level 1 ‚Äã‚Äã#RareBeauty#NewAtSephora#WhatsOnPlazaSenayan#PlazaSenayan",Love how my bf got me a @selenagomez shirt#SelenaGomez #selena #rarebeauty #loveselena,"It‚Äôs FINALLY HERE! Experience makeup made to feel good in, without hiding what makes you unique from @rarebeauty by @selenagomez. Be the first to shop the feel-good formulas now only at Sephora in-store! ‚Äã‚Äã#RareBeauty #NewAtSephora"
Bluebabes_1990,"It‚Äôs FINALLY HERE!Experience makeup made to feel good in, without hiding what makes you unique from @rarebeauty by @selenagomez Be the first to shop the feel good formulas now only at Sephora 1st Floor - Senayan City, online, or in-app!#SENAYANCITY #RareBeauty #NewAtSephora","It‚Äôs FINALLY HERE! Experience makeup made to feel good in, without hiding what makes you unique from @rarebeauty by @selenagomez. Be the first to shop the feel-good formulas now only at Sephora in-store! ‚Äã‚Äã#RareBeauty #NewAtSephora",sooo I changed up my rare beauty testimonial! let me know what you think! #UGC #ugcexample #ugcportfolio #ugccommunity #UGCcreator #RareBeauty #rarebeautyblush
Pondok Indah Mall,Love how my bf got me a @selenagomez shirt#SelenaGomez #selena #rarebeauty #loveselena,sooo I changed up my rare beauty testimonial! let me know what you think! #UGC #ugcexample #ugcportfolio #ugccommunity #UGCcreator #RareBeauty #rarebeautyblush,"It‚Äôs FINALLY HERE!Experience makeup made to feel good in, without hiding what makes you unique from @rarebeauty by @selenagomez.Be the first to shop the feel good formulas now only at Sephora in-stores, online, or in-app!‚Äã-#centralparkmall#RareBeauty #NewAtSephora‚Ä¶"
Suha Khan,"It‚Äôs FINALLY HERE! Experience makeup made to feel good in, without hiding what makes you unique from @rarebeauty by @selenagomez. Be the first to shop the feel-good formulas now only at Sephora in-store! ‚Äã‚Äã#RareBeauty #NewAtSephora","It‚Äôs FINALLY HERE!Experience makeup made to feel good in, without hiding what makes you unique from @rarebeauty by @selenagomez.Be the first to shop the feel good formulas now only at Sephora in-stores, online, or in-app!‚Äã-#centralparkmall#RareBeauty #NewAtSephora‚Ä¶",My products From rare beauty @SelenaFanClub @selenagomez @rarebeauty #SelenaGomez #RareBeauty #YouAreRare
Central Park Mall,sooo I changed up my rare beauty testimonial! let me know what you think! #UGC #ugcexample #ugcportfolio #ugccommunity #UGCcreator #RareBeauty #rarebeautyblush,My products From rare beauty @SelenaFanClub @selenagomez @rarebeauty #SelenaGomez #RareBeauty #YouAreRare,https://youtu.be/9BzCW-g8n8E@rarebeauty Light Touch Weightless Foundation face off! What do you think about this Foundation?What do you think of these shades on me?#DionLuvsMakeup #TheCrazyTrollNation #RareBeauty #Foundation #MakeupOver50 Don't forget to subscribe 
Dion Luvs Makeup,My products From rare beauty @SelenaFanClub @selenagomez @rarebeauty #SelenaGomez #RareBeauty #YouAreRare,"Oops!Same dlsame, but different #RareBeauty #ABG",Unveiling the Magic of Rare Beauty Eye Brightener: Illuminate Your Eyes with Elegance.#RareBeauty#Elegance
MaleeMind ,https://youtu.be/9BzCW-g8n8E@rarebeauty Light Touch Weightless Foundation face off! What do you think about this Foundation?What do you think of these shades on me?#DionLuvsMakeup #TheCrazyTrollNation #RareBeauty #Foundation #MakeupOver50 Don't forget to subscribe ,Unveiling the Magic of Rare Beauty Eye Brightener: Illuminate Your Eyes with Elegance.#RareBeauty#Elegance,It's #WorldBakingDay! Here's a throwback to our gorgeous #RareBeauty 1st Birthday CakeShop @rarebeautyhttps://bit.ly/3MEMjFl
Health space,"Oops!Same dlsame, but different #RareBeauty #ABG",It's #WorldBakingDay! Here's a throwback to our gorgeous #RareBeauty 1st Birthday CakeShop @rarebeautyhttps://bit.ly/3MEMjFl,"Friends, how do adhd girlies organize their makeup, because I drunk purchased a bunch of Rare Beauty and I don‚Äôt want to disrespect it #makeup #rarebeauty"
Space NK,Unveiling the Magic of Rare Beauty Eye Brightener: Illuminate Your Eyes with Elegance.#RareBeauty#Elegance,"Friends, how do adhd girlies organize their makeup, because I drunk purchased a bunch of Rare Beauty and I don‚Äôt want to disrespect it #makeup #rarebeauty",
,please i care so much please follow me please you are so special to me please I'm a huge fan of rare beauty please besties @SelenaFanClub @selenagomez @rarebeauty #SelenaGomez #RareBeauty #YouAreRare,,A Beauty Wishlist| https://buff.ly/3AlZcxe @sotonbloggers #bbloggers #TeacupClub @BloggersTribe #fentyskin #rarebeauty #wishlist
LalaLose_You,please i care so much please follow me please you are so special to me please I'm a huge fan of rare beauty please besties @SelenaFanClub @selenagomez @rarebeauty #SelenaGomez #RareBeauty #YouAreRare,I swear I still don't realize I have it all it doesn't feel real is it real?is this a dream?no it's obviously true it's all literally true my collection of rare beauty@SelenaFanClub @selenagomez @rarebeauty #SelenaGomez #RareBeauty #YouAreRare,A Beauty Wishlist| https://buff.ly/3AlZcxe @sotonbloggers #bbloggers #TeacupClub @BloggersTribe #fentyskin #rarebeauty #wishlist
Space NK,I swear I still don't realize I have it all it doesn't feel real is it real?is this a dream?no it's obviously true it's all literally true my collection of rare beauty@SelenaFanClub @selenagomez @rarebeauty #SelenaGomez #RareBeauty #YouAreRare,my rare beauty productsShis so beautiful @SelenaFanClub @selenagomez @rarebeauty #SelenaGomez #RareBeauty #YouAreRare,Finally kebeli mascara + tinted oil lip Rare Beauty#RareBeauty
FTV Beauty,my rare beauty productsShis so beautiful @SelenaFanClub @selenagomez @rarebeauty #SelenaGomez #RareBeauty #YouAreRare,"Experience makeup made to feel good in, without hiding what makes you unique from @rarebeauty by @selenagomez.Be the first to shop the feel good formulas now only at Sephora Sogo Plaza Senayan, Level 1 ‚Äã‚Äã#RareBeauty#NewAtSephora#WhatsOnPlazaSenayan#PlazaSenayan",Retweet if you love the @rarebeauty mascara as much as @selenagomez doesShop Nowhttps://bit.ly/3IqrsTN #SpaceNK #RareBeauty #Mascara
Plaza Senayan,"When it comes to lipsticks, @rarebeauty never fails to deliver!From vibrant hues to timeless neutrals, their collection is a true beauty lover's dream. #Fashiontv #fashiontvindia #ftv #makeup #beauty #skincare #rarebeauty","It‚Äôs FINALLY HERE!Experience makeup made to feel good in, without hiding what makes you unique from @rarebeauty by @selenagomez Be the first to shop the feel good formulas now only at Sephora 1st Floor - Senayan City, online, or in-app!#SENAYANCITY #RareBeauty #NewAtSephora",my rare beauty productsShis so beautiful @SelenaFanClub @selenagomez @rarebeauty #SelenaGomez #RareBeauty #YouAreRare
Senayan City,"Experience makeup made to feel good in, without hiding what makes you unique from @rarebeauty by @selenagomez.Be the first to shop the feel good formulas now only at Sephora Sogo Plaza Senayan, Level 1 ‚Äã‚Äã#RareBeauty#NewAtSephora#WhatsOnPlazaSenayan#PlazaSenayan",Love how my bf got me a @selenagomez shirt#SelenaGomez #selena #rarebeauty #loveselena,"When it comes to lipsticks, @rarebeauty never fails to deliver!From vibrant hues to timeless neutrals, their collection is a true beauty lover's dream. #Fashiontv #fashiontvindia #ftv #makeup #beauty #skincare #rarebeauty"
Bluebabes_1990,"It‚Äôs FINALLY HERE!Experience makeup made to feel good in, without hiding what makes you unique from @rarebeauty by @selenagomez Be the first to shop the feel good formulas now only at Sephora 1st Floor - Senayan City, online, or in-app!#SENAYANCITY #RareBeauty #NewAtSephora","It‚Äôs FINALLY HERE! Experience makeup made to feel good in, without hiding what makes you unique from @rarebeauty by @selenagomez. Be the first to shop the feel-good formulas now only at Sephora in-store! ‚Äã‚Äã#RareBeauty #NewAtSephora","Experience makeup made to feel good in, without hiding what makes you unique from @rarebeauty by @selenagomez.Be the first to shop the feel good formulas now only at Sephora Sogo Plaza Senayan, Level 1 ‚Äã‚Äã#RareBeauty#NewAtSephora#WhatsOnPlazaSenayan#PlazaSenayan"
Pondok Indah Mall,Love how my bf got me a @selenagomez shirt#SelenaGomez #selena #rarebeauty #loveselena,sooo I changed up my rare beauty testimonial! let me know what you think! #UGC #ugcexample #ugcportfolio #ugccommunity #UGCcreator #RareBeauty #rarebeautyblush,"It‚Äôs FINALLY HERE!Experience makeup made to feel good in, without hiding what makes you unique from @rarebeauty by @selenagomez Be the first to shop the feel good formulas now only at Sephora 1st Floor - Senayan City, online, or in-app!#SENAYANCITY #RareBeauty #NewAtSephora"
Suha Khan,"It‚Äôs FINALLY HERE! Experience makeup made to feel good in, without hiding what makes you unique from @rarebeauty by @selenagomez. Be the first to shop the feel-good formulas now only at Sephora in-store! ‚Äã‚Äã#RareBeauty #NewAtSephora","It‚Äôs FINALLY HERE!Experience makeup made to feel good in, without hiding what makes you unique from @rarebeauty by @selenagomez.Be the first to shop the feel good formulas now only at Sephora in-stores, online, or in-app!‚Äã-#centralparkmall#RareBeauty #NewAtSephora‚Ä¶",Love how my bf got me a @selenagomez shirt#SelenaGomez #selena #rarebeauty #loveselena
Central Park Mall,sooo I changed up my rare beauty testimonial! let me know what you think! #UGC #ugcexample #ugcportfolio #ugccommunity #UGCcreator #RareBeauty #rarebeautyblush,My products From rare beauty @SelenaFanClub @selenagomez @rarebeauty #SelenaGomez #RareBeauty #YouAreRare,"It‚Äôs FINALLY HERE! Experience makeup made to feel good in, without hiding what makes you unique from @rarebeauty by @selenagomez. Be the first to shop the feel-good formulas now only at Sephora in-store! ‚Äã‚Äã#RareBeauty #NewAtSephora"
ùêíùêöùê´ùêö | Fan account) ,"It‚Äôs FINALLY HERE!Experience makeup made to feel good in, without hiding what makes you unique from @rarebeauty by @selenagomez.Be the first to shop the feel good formulas now only at Sephora in-stores, online, or in-app!‚Äã-#centralparkmall#RareBeauty #NewAtSephora‚Ä¶",https://youtu.be/9BzCW-g8n8E@rarebeauty Light Touch Weightless Foundation face off! What do you think about this Foundation?What do you think of these shades on me?#DionLuvsMakeup #TheCrazyTrollNation #RareBeauty #Foundation #MakeupOver50 Don't forget to subscribe ,sooo I changed up my rare beauty testimonial! let me know what you think! #UGC #ugcexample #ugcportfolio #ugccommunity #UGCcreator #RareBeauty #rarebeautyblush
"MaleeMindBangkok, Thailand",https://youtu.be/9BzCW-g8n8E@rarebeauty Light Touch Weightless Foundation face off! What do you think about this Foundation?What do you think of these shades on me?#DionLuvsMakeup #TheCrazyTrollNation #RareBeauty #Foundation #MakeupOver50 Don't forget to subscribe ,Unveiling the Magic of Rare Beauty Eye Brightener: Illuminate Your Eyes with Elegance.#RareBeauty#Elegance,My products From rare beauty @SelenaFanClub @selenagomez @rarebeauty #SelenaGomez #RareBeauty #YouAreRare
Health space,"Oops!Same dlsame, but different #RareBeauty #ABG",It's #WorldBakingDay! Here's a throwback to our gorgeous #RareBeauty 1st Birthday CakeShop @rarebeautyhttps://bit.ly/3MEMjFl,https://youtu.be/9BzCW-g8n8E@rarebeauty Light Touch Weightless Foundation face off! What do you think about this Foundation?What do you think of these shades on me?#DionLuvsMakeup #TheCrazyTrollNation #RareBeauty #Foundation #MakeupOver50 Don't forget to subscribe 
Space NK,Unveiling the Magic of Rare Beauty Eye Brightener: Illuminate Your Eyes with Elegance.#RareBeauty#Elegance,"Friends, how do adhd girlies organize their makeup, because I drunk purchased a bunch of Rare Beauty and I don‚Äôt want to disrespect it #makeup #rarebeauty","Oops!Same dlsame, but different #RareBeauty #ABG"
Molly plails to plan,It's #WorldBakingDay! Here's a throwback to our gorgeous #RareBeauty 1st Birthday CakeShop @rarebeautyhttps://bit.ly/3MEMjFl,Can someone please get me some #RareBeauty #SelenaGomez ,Unveiling the Magic of Rare Beauty Eye Brightener: Illuminate Your Eyes with Elegance.#RareBeauty#Elegance
Jakayahelainee,"Friends, how do adhd girlies organize their makeup, because I drunk purchased a bunch of Rare Beauty and I don‚Äôt want to disrespect it #makeup #rarebeauty","@rarebeauty COMING TO @SephoraID !!! Y‚ÄôALL, I‚ÄôVE BEEN WAITING SINCE IT LAUNCHED WHERE PANDEMIC IS EVERYWHERE! FINALLY I GOT TO SPEND MY MONEY TO MAKE @selenagomez MORE RICHASGGHHHH #RareBeauty",It's #WorldBakingDay! Here's a throwback to our gorgeous #RareBeauty 1st Birthday CakeShop @rarebeautyhttps://bit.ly/3MEMjFl
ùêíùêöùê´ùêö | Fan account) ,A Beauty Wishlist| https://buff.ly/3AlZcxe @sotonbloggers #bbloggers #TeacupClub @BloggersTribe #fentyskin #rarebeauty #wishlist,,
ùêíùêöùê´ùêö | Fan account) ,A Beauty Wishlist| https://buff.ly/3AlZcxe @sotonbloggers #bbloggers #TeacupClub @BloggersTribe #fentyskin #rarebeauty #wishlist,Finally kebeli mascara + tinted oil lip Rare Beauty#RareBeauty,I swear I still don't realize I have it all it doesn't feel real is it real?is this a dream?no it's obviously true it's all literally true my collection of rare beauty@SelenaFanClub @selenagomez @rarebeauty #SelenaGomez #RareBeauty #YouAreRare
ùêíùêöùê´ùêö | Fan account) ,Finally kebeli mascara + tinted oil lip Rare Beauty#RareBeauty,Retweet if you love the @rarebeauty mascara as much as @selenagomez doesShop Nowhttps://bit.ly/3IqrsTN #SpaceNK #RareBeauty #Mascara,my rare beauty productsShis so beautiful @SelenaFanClub @selenagomez @rarebeauty #SelenaGomez #RareBeauty #YouAreRare
ùêíùêöùê´ùêö | Fan account) ,Retweet if you love the @rarebeauty mascara as much as @selenagomez doesShop Nowhttps://bit.ly/3IqrsTN #SpaceNK #RareBeauty #Mascara,"When it comes to lipsticks, @rarebeauty never fails to deliver!From vibrant hues to timeless neutrals, their collection is a true beauty lover's dream. #Fashiontv #fashiontvindia #ftv #makeup #beauty #skincare #rarebeauty","Experience makeup made to feel good in, without hiding what makes you unique from @rarebeauty by @selenagomez.Be the first to shop the feel good formulas now only at Sephora Sogo Plaza Senayan, Level 1 ‚Äã‚Äã#RareBeauty#NewAtSephora#WhatsOnPlazaSenayan#PlazaSenayan"
FTV Beauty,my rare beauty productsShis so beautiful @SelenaFanClub @selenagomez @rarebeauty #SelenaGomez #RareBeauty #YouAreRare,"Experience makeup made to feel good in, without hiding what makes you unique from @rarebeauty by @selenagomez.Be the first to shop the feel good formulas now only at Sephora Sogo Plaza Senayan, Level 1 ‚Äã‚Äã#RareBeauty#NewAtSephora#WhatsOnPlazaSenayan#PlazaSenayan","It‚Äôs FINALLY HERE!Experience makeup made to feel good in, without hiding what makes you unique from @rarebeauty by @selenagomez Be the first to shop the feel good formulas now only at Sephora 1st Floor - Senayan City, online, or in-app!#SENAYANCITY #RareBeauty #NewAtSephora"
Plaza Senayan,"When it comes to lipsticks, @rarebeauty never fails to deliver!From vibrant hues to timeless neutrals, their collection is a true beauty lover's dream. #Fashiontv #fashiontvindia #ftv #makeup #beauty #skincare #rarebeauty","It‚Äôs FINALLY HERE!Experience makeup made to feel good in, without hiding what makes you unique from @rarebeauty by @selenagomez Be the first to shop the feel good formulas now only at Sephora 1st Floor - Senayan City, online, or in-app!#SENAYANCITY #RareBeauty #NewAtSephora",Love how my bf got me a @selenagomez shirt#SelenaGomez #selena #rarebeauty #loveselena
Senayan City,"Experience makeup made to feel good in, without hiding what makes you unique from @rarebeauty by @selenagomez.Be the first to shop the feel good formulas now only at Sephora Sogo Plaza Senayan, Level 1 ‚Äã‚Äã#RareBeauty#NewAtSephora#WhatsOnPlazaSenayan#PlazaSenayan",Love how my bf got me a @selenagomez shirt#SelenaGomez #selena #rarebeauty #loveselena,"It‚Äôs FINALLY HERE! Experience makeup made to feel good in, without hiding what makes you unique from @rarebeauty by @selenagomez. Be the first to shop the feel-good formulas now only at Sephora in-store! ‚Äã‚Äã#RareBeauty #NewAtSephora"
Bluebabes_1990,"It‚Äôs FINALLY HERE!Experience makeup made to feel good in, without hiding what makes you unique from @rarebeauty by @selenagomez Be the first to shop the feel good formulas now only at Sephora 1st Floor - Senayan City, online, or in-app!#SENAYANCITY #RareBeauty #NewAtSephora","It‚Äôs FINALLY HERE! Experience makeup made to feel good in, without hiding what makes you unique from @rarebeauty by @selenagomez. Be the first to shop the feel-good formulas now only at Sephora in-store! ‚Äã‚Äã#RareBeauty #NewAtSephora",sooo I changed up my rare beauty testimonial! let me know what you think! #UGC #ugcexample #ugcportfolio #ugccommunity #UGCcreator #RareBeauty #rarebeautyblush
Pondok Indah Mall,Love how my bf got me a @selenagomez shirt#SelenaGomez #selena #rarebeauty #loveselena,sooo I changed up my rare beauty testimonial! let me know what you think! #UGC #ugcexample #ugcportfolio #ugccommunity #UGCcreator #RareBeauty #rarebeautyblush,"It‚Äôs FINALLY HERE!Experience makeup made to feel good in, without hiding what makes you unique from @rarebeauty by @selenagomez.Be the first to shop the feel good formulas now only at Sephora in-stores, online, or in-app!‚Äã-#centralparkmall#RareBeauty #NewAtSephora‚Ä¶"
Suha Khan,"It‚Äôs FINALLY HERE! Experience makeup made to feel good in, without hiding what makes you unique from @rarebeauty by @selenagomez. Be the first to shop the feel-good formulas now only at Sephora in-store! ‚Äã‚Äã#RareBeauty #NewAtSephora","It‚Äôs FINALLY HERE!Experience makeup made to feel good in, without hiding what makes you unique from @rarebeauty by @selenagomez.Be the first to shop the feel good formulas now only at Sephora in-stores, online, or in-app!‚Äã-#centralparkmall#RareBeauty #NewAtSephora‚Ä¶",My products From rare beauty @SelenaFanClub @selenagomez @rarebeauty #SelenaGomez #RareBeauty #YouAreRare
Central Park Mall,sooo I changed up my rare beauty testimonial! let me know what you think! #UGC #ugcexample #ugcportfolio #ugccommunity #UGCcreator #RareBeauty #rarebeautyblush,My products From rare beauty @SelenaFanClub @selenagomez @rarebeauty #SelenaGomez #RareBeauty #YouAreRare,https://youtu.be/9BzCW-g8n8E@rarebeauty Light Touch Weightless Foundation face off! What do you think about this Foundation?What do you think of these shades on me?#DionLuvsMakeup #TheCrazyTrollNation #RareBeauty #Foundation #MakeupOver50 Don't forget to subscribe 
Dion Luvs Makeup,My products From rare beauty @SelenaFanClub @selenagomez @rarebeauty #SelenaGomez #RareBeauty #YouAreRare,"Oops!Same dlsame, but different #RareBeauty #ABG",Unveiling the Magic of Rare Beauty Eye Brightener: Illuminate Your Eyes with Elegance.#RareBeauty#Elegance
MaleeMind ,https://youtu.be/9BzCW-g8n8E@rarebeauty Light Touch Weightless Foundation face off! What do you think about this Foundation?What do you think of these shades on me?#DionLuvsMakeup #TheCrazyTrollNation #RareBeauty #Foundation #MakeupOver50 Don't forget to subscribe ,Unveiling the Magic of Rare Beauty Eye Brightener: Illuminate Your Eyes with Elegance.#RareBeauty#Elegance,It's #WorldBakingDay! Here's a throwback to our gorgeous #RareBeauty 1st Birthday CakeShop @rarebeautyhttps://bit.ly/3MEMjFl
Health space,"Oops!Same dlsame, but different #RareBeauty #ABG",It's #WorldBakingDay! Here's a throwback to our gorgeous #RareBeauty 1st Birthday CakeShop @rarebeautyhttps://bit.ly/3MEMjFl,"Friends, how do adhd girlies organize their makeup, because I drunk purchased a bunch of Rare Beauty and I don‚Äôt want to disrespect it #makeup #rarebeauty"
Space NK,Unveiling the Magic of Rare Beauty Eye Brightener: Illuminate Your Eyes with Elegance.#RareBeauty#Elegance,"Friends, how do adhd girlies organize their makeup, because I drunk purchased a bunch of Rare Beauty and I don‚Äôt want to disrespect it #makeup #rarebeauty",Can someone please get me some #RareBeauty #SelenaGomez 
Molly plails to plan,It's #WorldBakingDay! Here's a throwback to our gorgeous #RareBeauty 1st Birthday CakeShop @rarebeautyhttps://bit.ly/3MEMjFl,Can someone please get me some #RareBeauty #SelenaGomez ,"@rarebeauty COMING TO @SephoraID !!! Y‚ÄôALL, I‚ÄôVE BEEN WAITING SINCE IT LAUNCHED WHERE PANDEMIC IS EVERYWHERE! FINALLY I GOT TO SPEND MY MONEY TO MAKE @selenagomez MORE RICHASGGHHHH #RareBeauty"
Kirsty,omg i just got my package email omg i'm crying man i can't wait for tomorrow i'm so excited aaaaahhhh I'm so Happy besties omg Thank you so much @SelenaFanClub @selenagomez @rarebeauty #SelenaGomez #RareBeauty #YouAreRare,,
Kirsty,omg i just got my package email omg i'm crying man i can't wait for tomorrow i'm so excited aaaaahhhh I'm so Happy besties omg Thank you so much @SelenaFanClub @selenagomez @rarebeauty #SelenaGomez #RareBeauty #YouAreRare,please i care so much please follow me please you are so special to me please I'm a huge fan of rare beauty please besties @SelenaFanClub @selenagomez @rarebeauty #SelenaGomez #RareBeauty #YouAreRare,Finally kebeli mascara + tinted oil lip Rare Beauty#RareBeauty
LalaLose_You,please i care so much please follow me please you are so special to me please I'm a huge fan of rare beauty please besties @SelenaFanClub @selenagomez @rarebeauty #SelenaGomez #RareBeauty #YouAreRare,I swear I still don't realize I have it all it doesn't feel real is it real?is this a dream?no it's obviously true it's all literally true my collection of rare beauty@SelenaFanClub @selenagomez @rarebeauty #SelenaGomez #RareBeauty #YouAreRare,Retweet if you love the @rarebeauty mascara as much as @selenagomez doesShop Nowhttps://bit.ly/3IqrsTN #SpaceNK #RareBeauty #Mascara
Space NK,I swear I still don't realize I have it all it doesn't feel real is it real?is this a dream?no it's obviously true it's all literally true my collection of rare beauty@SelenaFanClub @selenagomez @rarebeauty #SelenaGomez #RareBeauty #YouAreRare,my rare beauty productsShis so beautiful @SelenaFanClub @selenagomez @rarebeauty #SelenaGomez #RareBeauty #YouAreRare,"When it comes to lipsticks, @rarebeauty never fails to deliver!From vibrant hues to timeless neutrals, their collection is a true beauty lover's dream. #Fashiontv #fashiontvindia #ftv #makeup #beauty #skincare #rarebeauty"
ùêíùêöùê´ùêö | Fan account) ,Retweet if you love the @rarebeauty mascara as much as @selenagomez doesShop Nowhttps://bit.ly/3IqrsTN #SpaceNK #RareBeauty #Mascara,"When it comes to lipsticks, @rarebeauty never fails to deliver!From vibrant hues to timeless neutrals, their collection is a true beauty lover's dream. #Fashiontv #fashiontvindia #ftv #makeup #beauty #skincare #rarebeauty","Experience makeup made to feel good in, without hiding what makes you unique from @rarebeauty by @selenagomez.Be the first to shop the feel good formulas now only at Sephora Sogo Plaza Senayan, Level 1 ‚Äã‚Äã#RareBeauty#NewAtSephora#WhatsOnPlazaSenayan#PlazaSenayan"
FTV Beauty,my rare beauty productsShis so beautiful @SelenaFanClub @selenagomez @rarebeauty #SelenaGomez #RareBeauty #YouAreRare,"Experience makeup made to feel good in, without hiding what makes you unique from @rarebeauty by @selenagomez.Be the first to shop the feel good formulas now only at Sephora Sogo Plaza Senayan, Level 1 ‚Äã‚Äã#RareBeauty#NewAtSephora#WhatsOnPlazaSenayan#PlazaSenayan","It‚Äôs FINALLY HERE!Experience makeup made to feel good in, without hiding what makes you unique from @rarebeauty by @selenagomez Be the first to shop the feel good formulas now only at Sephora 1st Floor - Senayan City, online, or in-app!#SENAYANCITY #RareBeauty #NewAtSephora"
Plaza Senayan,"When it comes to lipsticks, @rarebeauty never fails to deliver!From vibrant hues to timeless neutrals, their collection is a true beauty lover's dream. #Fashiontv #fashiontvindia #ftv #makeup #beauty #skincare #rarebeauty","It‚Äôs FINALLY HERE!Experience makeup made to feel good in, without hiding what makes you unique from @rarebeauty by @selenagomez Be the first to shop the feel good formulas now only at Sephora 1st Floor - Senayan City, online, or in-app!#SENAYANCITY #RareBeauty #NewAtSephora",Love how my bf got me a @selenagomez shirt#SelenaGomez #selena #rarebeauty #loveselena
Senayan City,"Experience makeup made to feel good in, without hiding what makes you unique from @rarebeauty by @selenagomez.Be the first to shop the feel good formulas now only at Sephora Sogo Plaza Senayan, Level 1 ‚Äã‚Äã#RareBeauty#NewAtSephora#WhatsOnPlazaSenayan#PlazaSenayan",Love how my bf got me a @selenagomez shirt#SelenaGomez #selena #rarebeauty #loveselena,"It‚Äôs FINALLY HERE! Experience makeup made to feel good in, without hiding what makes you unique from @rarebeauty by @selenagomez. Be the first to shop the feel-good formulas now only at Sephora in-store! ‚Äã‚Äã#RareBeauty #NewAtSephora"
Bluebabes_1990,"It‚Äôs FINALLY HERE!Experience makeup made to feel good in, without hiding what makes you unique from @rarebeauty by @selenagomez Be the first to shop the feel good formulas now only at Sephora 1st Floor - Senayan City, online, or in-app!#SENAYANCITY #RareBeauty #NewAtSephora","It‚Äôs FINALLY HERE! Experience makeup made to feel good in, without hiding what makes you unique from @rarebeauty by @selenagomez. Be the first to shop the feel-good formulas now only at Sephora in-store! ‚Äã‚Äã#RareBeauty #NewAtSephora",sooo I changed up my rare beauty testimonial! let me know what you think! #UGC #ugcexample #ugcportfolio #ugccommunity #UGCcreator #RareBeauty #rarebeautyblush
Pondok Indah Mall,Love how my bf got me a @selenagomez shirt#SelenaGomez #selena #rarebeauty #loveselena,sooo I changed up my rare beauty testimonial! let me know what you think! #UGC #ugcexample #ugcportfolio #ugccommunity #UGCcreator #RareBeauty #rarebeautyblush,"It‚Äôs FINALLY HERE!Experience makeup made to feel good in, without hiding what makes you unique from @rarebeauty by @selenagomez.Be the first to shop the feel good formulas now only at Sephora in-stores, online, or in-app!‚Äã-#centralparkmall#RareBeauty #NewAtSephora‚Ä¶"
Suha Khan,"It‚Äôs FINALLY HERE! Experience makeup made to feel good in, without hiding what makes you unique from @rarebeauty by @selenagomez. Be the first to shop the feel-good formulas now only at Sephora in-store! ‚Äã‚Äã#RareBeauty #NewAtSephora","It‚Äôs FINALLY HERE!Experience makeup made to feel good in, without hiding what makes you unique from @rarebeauty by @selenagomez.Be the first to shop the feel good formulas now only at Sephora in-stores, online, or in-app!‚Äã-#centralparkmall#RareBeauty #NewAtSephora‚Ä¶",My products From rare beauty @SelenaFanClub @selenagomez @rarebeauty #SelenaGomez #RareBeauty #YouAreRare
Central Park Mall,sooo I changed up my rare beauty testimonial! let me know what you think! #UGC #ugcexample #ugcportfolio #ugccommunity #UGCcreator #RareBeauty #rarebeautyblush,My products From rare beauty @SelenaFanClub @selenagomez @rarebeauty #SelenaGomez #RareBeauty #YouAreRare,https://youtu.be/9BzCW-g8n8E@rarebeauty Light Touch Weightless Foundation face off! What do you think about this Foundation?What do you think of these shades on me?#DionLuvsMakeup #TheCrazyTrollNation #RareBeauty #Foundation #MakeupOver50 Don't forget to subscribe 
Dion Luvs Makeup,My products From rare beauty @SelenaFanClub @selenagomez @rarebeauty #SelenaGomez #RareBeauty #YouAreRare,"Oops!Same dlsame, but different #RareBeauty #ABG",Unveiling the Magic of Rare Beauty Eye Brightener: Illuminate Your Eyes with Elegance.#RareBeauty#Elegance
MaleeMind ,https://youtu.be/9BzCW-g8n8E@rarebeauty Light Touch Weightless Foundation face off! What do you think about this Foundation?What do you think of these shades on me?#DionLuvsMakeup #TheCrazyTrollNation #RareBeauty #Foundation #MakeupOver50 Don't forget to subscribe ,Unveiling the Magic of Rare Beauty Eye Brightener: Illuminate Your Eyes with Elegance.#RareBeauty#Elegance,It's #WorldBakingDay! Here's a throwback to our gorgeous #RareBeauty 1st Birthday CakeShop @rarebeautyhttps://bit.ly/3MEMjFl
Health space,"Oops!Same dlsame, but different #RareBeauty #ABG",It's #WorldBakingDay! Here's a throwback to our gorgeous #RareBeauty 1st Birthday CakeShop @rarebeautyhttps://bit.ly/3MEMjFl,"Friends, how do adhd girlies organize their makeup, because I drunk purchased a bunch of Rare Beauty and I don‚Äôt want to disrespect it #makeup #rarebeauty"
Space NK,Unveiling the Magic of Rare Beauty Eye Brightener: Illuminate Your Eyes with Elegance.#RareBeauty#Elegance,"Friends, how do adhd girlies organize their makeup, because I drunk purchased a bunch of Rare Beauty and I don‚Äôt want to disrespect it #makeup #rarebeauty",
ùêíùêöùê´ùêö | Fan account) ,A Beauty Wishlist| https://buff.ly/3AlZcxe @sotonbloggers #bbloggers #TeacupClub @BloggersTribe #fentyskin #rarebeauty #wishlist,,
ùêíùêöùê´ùêö | Fan account) ,A Beauty Wishlist| https://buff.ly/3AlZcxe @sotonbloggers #bbloggers #TeacupClub @BloggersTribe #fentyskin #rarebeauty #wishlist,Finally kebeli mascara + tinted oil lip Rare Beauty#RareBeauty,I swear I still don't realize I have it all it doesn't feel real is it real?is this a dream?no it's obviously true it's all literally true my collection of rare beauty@SelenaFanClub @selenagomez @rarebeauty #SelenaGomez #RareBeauty #YouAreRare
ùêíùêöùê´ùêö | Fan account) ,Finally kebeli mascara + tinted oil lip Rare Beauty#RareBeauty,Retweet if you love the @rarebeauty mascara as much as @selenagomez doesShop Nowhttps://bit.ly/3IqrsTN #SpaceNK #RareBeauty #Mascara,my rare beauty productsShis so beautiful @SelenaFanClub @selenagomez @rarebeauty #SelenaGomez #RareBeauty #YouAreRare
ùêíùêöùê´ùêö | Fan account) ,Retweet if you love the @rarebeauty mascara as much as @selenagomez doesShop Nowhttps://bit.ly/3IqrsTN #SpaceNK #RareBeauty #Mascara,"When it comes to lipsticks, @rarebeauty never fails to deliver!From vibrant hues to timeless neutrals, their collection is a true beauty lover's dream. #Fashiontv #fashiontvindia #ftv #makeup #beauty #skincare #rarebeauty","Experience makeup made to feel good in, without hiding what makes you unique from @rarebeauty by @selenagomez.Be the first to shop the feel good formulas now only at Sephora Sogo Plaza Senayan, Level 1 ‚Äã‚Äã#RareBeauty#NewAtSephora#WhatsOnPlazaSenayan#PlazaSenayan"
FTV Beauty,my rare beauty productsShis so beautiful @SelenaFanClub @selenagomez @rarebeauty #SelenaGomez #RareBeauty #YouAreRare,"Experience makeup made to feel good in, without hiding what makes you unique from @rarebeauty by @selenagomez.Be the first to shop the feel good formulas now only at Sephora Sogo Plaza Senayan, Level 1 ‚Äã‚Äã#RareBeauty#NewAtSephora#WhatsOnPlazaSenayan#PlazaSenayan","It‚Äôs FINALLY HERE!Experience makeup made to feel good in, without hiding what makes you unique from @rarebeauty by @selenagomez Be the first to shop the feel good formulas now only at Sephora 1st Floor - Senayan City, online, or in-app!#SENAYANCITY #RareBeauty #NewAtSephora"
Plaza Senayan,"When it comes to lipsticks, @rarebeauty never fails to deliver!From vibrant hues to timeless neutrals, their collection is a true beauty lover's dream. #Fashiontv #fashiontvindia #ftv #makeup #beauty #skincare #rarebeauty","It‚Äôs FINALLY HERE!Experience makeup made to feel good in, without hiding what makes you unique from @rarebeauty by @selenagomez Be the first to shop the feel good formulas now only at Sephora 1st Floor - Senayan City, online, or in-app!#SENAYANCITY #RareBeauty #NewAtSephora",Love how my bf got me a @selenagomez shirt#SelenaGomez #selena #rarebeauty #loveselena
Senayan City,"Experience makeup made to feel good in, without hiding what makes you unique from @rarebeauty by @selenagomez.Be the first to shop the feel good formulas now only at Sephora Sogo Plaza Senayan, Level 1 ‚Äã‚Äã#RareBeauty#NewAtSephora#WhatsOnPlazaSenayan#PlazaSenayan",Love how my bf got me a @selenagomez shirt#SelenaGomez #selena #rarebeauty #loveselena,"It‚Äôs FINALLY HERE! Experience makeup made to feel good in, without hiding what makes you unique from @rarebeauty by @selenagomez. Be the first to shop the feel-good formulas now only at Sephora in-store! ‚Äã‚Äã#RareBeauty #NewAtSephora"
Bluebabes_1990,"It‚Äôs FINALLY HERE!Experience makeup made to feel good in, without hiding what makes you unique from @rarebeauty by @selenagomez Be the first to shop the feel good formulas now only at Sephora 1st Floor - Senayan City, online, or in-app!#SENAYANCITY #RareBeauty #NewAtSephora","It‚Äôs FINALLY HERE! Experience makeup made to feel good in, without hiding what makes you unique from @rarebeauty by @selenagomez. Be the first to shop the feel-good formulas now only at Sephora in-store! ‚Äã‚Äã#RareBeauty #NewAtSephora",sooo I changed up my rare beauty testimonial! let me know what you think! #UGC #ugcexample #ugcportfolio #ugccommunity #UGCcreator #RareBeauty #rarebeautyblush
Pondok Indah Mall,Love how my bf got me a @selenagomez shirt#SelenaGomez #selena #rarebeauty #loveselena,sooo I changed up my rare beauty testimonial! let me know what you think! #UGC #ugcexample #ugcportfolio #ugccommunity #UGCcreator #RareBeauty #rarebeautyblush,"It‚Äôs FINALLY HERE!Experience makeup made to feel good in, without hiding what makes you unique from @rarebeauty by @selenagomez.Be the first to shop the feel good formulas now only at Sephora in-stores, online, or in-app!‚Äã-#centralparkmall#RareBeauty #NewAtSephora‚Ä¶"
Suha Khan,"It‚Äôs FINALLY HERE! Experience makeup made to feel good in, without hiding what makes you unique from @rarebeauty by @selenagomez. Be the first to shop the feel-good formulas now only at Sephora in-store! ‚Äã‚Äã#RareBeauty #NewAtSephora","It‚Äôs FINALLY HERE!Experience makeup made to feel good in, without hiding what makes you unique from @rarebeauty by @selenagomez.Be the first to shop the feel good formulas now only at Sephora in-stores, online, or in-app!‚Äã-#centralparkmall#RareBeauty #NewAtSephora‚Ä¶",My products From rare beauty @SelenaFanClub @selenagomez @rarebeauty #SelenaGomez #RareBeauty #YouAreRare
Central Park Mall,sooo I changed up my rare beauty testimonial! let me know what you think! #UGC #ugcexample #ugcportfolio #ugccommunity #UGCcreator #RareBeauty #rarebeautyblush,My products From rare beauty @SelenaFanClub @selenagomez @rarebeauty #SelenaGomez #RareBeauty #YouAreRare,https://youtu.be/9BzCW-g8n8E@rarebeauty Light Touch Weightless Foundation face off! What do you think about this Foundation?What do you think of these shades on me?#DionLuvsMakeup #TheCrazyTrollNation #RareBeauty #Foundation #MakeupOver50 Don't forget to subscribe 
Dion Luvs Makeup,My products From rare beauty @SelenaFanClub @selenagomez @rarebeauty #SelenaGomez #RareBeauty #YouAreRare,"Oops!Same dlsame, but different #RareBeauty #ABG",Unveiling the Magic of Rare Beauty Eye Brightener: Illuminate Your Eyes with Elegance.#RareBeauty#Elegance
MaleeMind ,https://youtu.be/9BzCW-g8n8E@rarebeauty Light Touch Weightless Foundation face off! What do you think about this Foundation?What do you think of these shades on me?#DionLuvsMakeup #TheCrazyTrollNation #RareBeauty #Foundation #MakeupOver50 Don't forget to subscribe ,Unveiling the Magic of Rare Beauty Eye Brightener: Illuminate Your Eyes with Elegance.#RareBeauty#Elegance,It's #WorldBakingDay! Here's a throwback to our gorgeous #RareBeauty 1st Birthday CakeShop @rarebeautyhttps://bit.ly/3MEMjFl
Health space,"Oops!Same dlsame, but different #RareBeauty #ABG",It's #WorldBakingDay! Here's a throwback to our gorgeous #RareBeauty 1st Birthday CakeShop @rarebeautyhttps://bit.ly/3MEMjFl,"Friends, how do adhd girlies organize their makeup, because I drunk purchased a bunch of Rare Beauty and I don‚Äôt want to disrespect it #makeup #rarebeauty"
Space NK,Unveiling the Magic of Rare Beauty Eye Brightener: Illuminate Your Eyes with Elegance.#RareBeauty#Elegance,"Friends, how do adhd girlies organize their makeup, because I drunk purchased a bunch of Rare Beauty and I don‚Äôt want to disrespect it #makeup #rarebeauty",Can someone please get me some #RareBeauty #SelenaGomez 
Molly plails to plan,It's #WorldBakingDay! Here's a throwback to our gorgeous #RareBeauty 1st Birthday CakeShop @rarebeautyhttps://bit.ly/3MEMjFl,Can someone please get me some #RareBeauty #SelenaGomez ,"@rarebeauty COMING TO @SephoraID !!! Y‚ÄôALL, I‚ÄôVE BEEN WAITING SINCE IT LAUNCHED WHERE PANDEMIC IS EVERYWHERE! FINALLY I GOT TO SPEND MY MONEY TO MAKE @selenagomez MORE RICHASGGHHHH #RareBeauty"