Powerpuff Fan (All about Powerpuff Girls),this is completely OFFICIAL since Shein only distributes it but it is from @ROMWESHOP Powerpuff Girls NEW MERCH May 2023 #PowerpuffGirls #Original #TV #Series #Cartoon #Cartoons #Aesthetic #Awezome #Shein #Romwe #New #Iconic #iPhone #ãƒ‘ãƒ¯ãƒ¼ãƒ‘ãƒ•ã‚¬ãƒ¼ãƒ«ã‚º #Animated,Why is Gujju uncle Mukesh Ambani allowed to partner with Chinese #SHEIN but another Gujju uncle from Surat had to throw his Flat screen Chinese TV because another Gujju uncle Modi said Ban Chinese Goods? ,"I wore these pants most of the summer, buying several colors and swapping them out. I love her so much!Breathable Soft Skin-friendlyShop nowhttps://realchic.co/E6395?twclid=2-34y42y2wh15unntpyfmm1cukv"
,"#Shein which offers shoppers a steady stream of cheap, trendy clothing, raked in $23 billion in revenue last year and its net profit was $800 million, Shein has set a target to grow its revenue by 40% this year
",,this is completely OFFICIAL since Shein only distributes it but it is from @ROMWESHOP Powerpuff Girls NEW MERCH May 2023 #PowerpuffGirls #Original #TV #Series #Cartoon #Cartoons #Aesthetic #Awezome #Shein #Romwe #New #Iconic #iPhone #ãƒ‘ãƒ¯ãƒ¼ãƒ‘ãƒ•ã‚¬ãƒ¼ãƒ«ã‚º #Animated
,Why is Gujju uncle Mukesh Ambani allowed to partner with Chinese #SHEIN but another Gujju uncle from Surat had to throw his Flat screen Chinese TV because another Gujju uncle Modi said Ban Chinese Goods? ,,
,,,Why is Gujju uncle Mukesh Ambani allowed to partner with Chinese #SHEIN but another Gujju uncle from Surat had to throw his Flat screen Chinese TV because another Gujju uncle Modi said Ban Chinese Goods? 
,"The down round of #SHEIN comes as many former tech heavyweights are seeing their valuations and share prices drop from pandemic-fueled highs and e-commerce growth rates slow.
Some existing investors said that the new lower valuation leaves room for Sheinâ€™s market value to ..","#Shein, the Chinese fast fashion giant thatâ€™s now based in Singapore, has raised $2bn. This latest funding values the company at $66bn. Investors leading the round are #Sequoia Capital, General Atlantic and Mubadala - sovereign-wealth fund of the UAE.",Why is Gujju uncle Mukesh Ambani allowed to partner with Chinese #SHEIN but another Gujju uncle from Surat had to throw his Flat screen Chinese TV because another Gujju uncle Modi said Ban Chinese Goods? 
,"#SHEIN raised a new funding round at a $66 billion valuation, about a third less than its previous valuation of $100 billion, The $2 billion round was led by #Sequoia Capital, General Atlantic and United Arab Emirates sovereign wealth fund Mubadala.
#China #ecommerce #Online",,"#Shein, the Chinese fast fashion giant thatâ€™s now based in Singapore, has raised $2bn. This latest funding values the company at $66bn. Investors leading the round are #Sequoia Capital, General Atlantic and Mubadala - sovereign-wealth fund of the UAE."
,"#Shein, the Chinese fast fashion giant thatâ€™s now based in Singapore, has raised $2bn. This latest funding values the company at $66bn. Investors leading the round are #Sequoia Capital, General Atlantic and Mubadala - sovereign-wealth fund of the UAE.",Why is Gujju uncle Mukesh Ambani allowed to partner with Chinese #SHEIN but another Gujju uncle from Surat had to throw his Flat screen Chinese TV because another Gujju uncle Modi said Ban Chinese Goods? ,
S,,,
S,,this is completely OFFICIAL since Shein only distributes it but it is from @ROMWESHOP Powerpuff Girls NEW MERCH May 2023 #PowerpuffGirls #Original #TV #Series #Cartoon #Cartoons #Aesthetic #Awezome #Shein #Romwe #New #Iconic #iPhone #ãƒ‘ãƒ¯ãƒ¼ãƒ‘ãƒ•ã‚¬ãƒ¼ãƒ«ã‚º #Animated,
"mimisversion
","ğ’ğ’Šğ’ğ’Š in her eras era | sposa di cricchettoÂ·
JUST ADDED SOME THINGS!!!

#TaylorSwift #thereastour #SHEIN
Quote Tweet
ğ’ğ’Šğ’ğ’Š in her eras era | sposa di cricchetto
Â·
TAYLOR SWIFT X SHEIN 
a thread~
Show this thread
UGC|STIEN
@stienugc
Â·
May 16
Ugc example videoğŸ˜Š
#UGC #ugccommunity #ContentCreator #SHEIN
0:02 / 0:07
Lokmat Times
@LokmatNewsEng
Â·
May 19
#relianceretail #shein
 Reliance Retail is all set to bring back Shein to India
Shein, a Chinese fast fashion brand is all set to make a comeback in India with a partnership with Reliance Retail, according to a report by Wall Street Journal
",,
"samacharlive","Samachar Live
Chinaâ€™s Shein teams up with Reliance Retail for comeback in India
https://samacharlive.com/chinas-shein-teams-up-with-reliance-retail-for-comeback-in-india/
#reliance #shein #ajio #China 
@ril_foundation
 
@AJIOLife
 
@_MukeshAmbani
samacharlive.com
China's Shein teams up with Reliance Retail for comeback in India - Samachar Live
The partnership will see Reliance Retail set up offline stores as well as mark its presence online, possibly on the latter's Ajio platform.
la vi(c)tto
@iintoomyg
Â·
May 18
raga chi NON ha shein? #shein
ğŸ‡©ğŸ‡´Rosie BombğŸ•
@OneBombRose
Â·
May 19
Replying to 
@CaribbeanRoseee
Girl! Same! I was an xxl now Iâ€™m a medium and donâ€™t know how to actğŸ˜‚ #Shein clothing has given me soo much confidence and I been feeling myself too muchğŸ˜‚ congrats on your weight lossâ¤ï¸",,
"AyumiiMarie","Ayumi MarieÂ·
May 17
#SHEIN is giving out $150 Wallet Credit! IT REALLY WORKS!! Go shop ladies!!! ğŸ¥°ğŸ¤ğŸ½ğŸ¤ğŸ½click my link to play the game so you can get it!!! ğŸ«¶ğŸ½ğŸ«¶ğŸ½ğŸ–¤
https://shein.top/68nqbgx
Natalia Roma
@NataliaRoma13
Â·
May 17
Do you help me? Click my link and we will both have a prize! I will be happy to help you in the same way, reply with your link #shein #sheingame #sheingifts #sheincode https://api-shein.shein.com/h5/game/invite/game-slashit0510-es/friend-help?site_uid=andshes&localcountry=de&language=es&inviteCode=cc239081d90c9f18f0565d6d15b8caef&channel=Copy
China Beige Book
@ChinaBeigeBook
Â·
May 18
""#Shein, the online fashion company that won over millions of US shoppers during the pandemic, raised $2B in its latest fundraising round that values the company at $66B, about a third less than a yr earlier""
",,
"Dazeinfo","May 19
By bringing back #Shein, Reliance Retail aims to position itself as a formidable competitor and capture a substantial market share in the fashion industry.

#india #retail #fashion #fashionindustry #ecommerce #apparel 
@SHEIN_Official
 
@reliancegroup
dazeinfo.com
The resurgence of SHEIN in India ignites aggressive ambitions of Reliance Retail in the fashion...
The return of Shein in India is more of a strategic move for Reliance Retail to compete in the fashion market currently dominated by Myntra.
Only Great Style
@OnlyGreatStyle
Â·
May 14
Shein beachwear 2023 new arrivals clothing accessories women's swimwear collection #accessoriesShein #beachwear #clothingaccessoriesShein #collectionShein #Shein #Sheinbeachwear #Sheinbeachwear2023 #Sheinnewarrivals #Sheinwomensswimwear

https://onlygreatstyle.com/shein-beachwear-2023-new-arrivals-womens-swimwear/
Ky
@kystwita
Â·
May 17
if #Shein clothing were any worse quality, you'd literally be wearing a plastic bag, a plastic bag may even have more integrity than shein clothing
",,
,,,
"Eleana Pena
@","itseleana
Â·
May 16
Summer is right around the corner! â˜€ï¸ Use my reference code: US09991W to take off $2 from an order of $29 or more, and it may be stacked with other SHEIN coupons. Or click on link to sign up! Enjoy!! ğŸ«¶ğŸ½ #ad #SHEIN #Shopping #Summer 
http://shein.com/invite?utm_campaign=GM_Share&url_from=US09991W
PRETTY GIRLZ TINGS
@prettygirlzting
Â·
May 19
Limited offer! This awesome Girl Mama - Sweatshirt for $20.00.. 
https://prettygirlztings.com/products/girl-mama-sweatshirt-pretty-girlz-tings
#SHEIN #petclothing
Ã„-LEX-ANDER THE GREAT
@LEXercise
Â·
11h
For those who love to shop #Shein
instagram.com
Just Keep Thinking (@justkeepthinkingsg) â€¢ Instagram reel
Outlook Business & Money
@outlookbusiness
Â·
May 19
#JustIn | SHEIN is reportedly all set to come back to India via Reliance Retail! All details hereğŸ‘‡ğŸ»

#SHEIN #Shein #SheinClothes #China #Reliance #RelianceRetail #MukeshAmbani #IshaAmbani #RelianceIndustries #RIL #BreakingNews #H&M #Zara #Fashion
",,
"Loukia Anastasiou
","l0ukkh
Â·
May 19
Check out Loukia Anastasiou Or's video! #TikTok https://vm.tiktok.com/ZGJ9RoJ3t/?t=2 #shein #sheinhaul  SHEINNNN HAULLLL
tiktok.com
Loukia Anastasiou Or on TikTok
Big shein haul ğŸ¤ª #viral#virall#viralvideos#virale#viralvideo#viraltiktok#foryoupage#page#pageforyou#foryou#foryourpage#fyp#fy#fypã‚·##fypã‚·ã‚šviralcry#tiktok#tik#tok#video#funny#vibes#mood#cyp#cyprus#c...
Only Great Style
@OnlyGreatStyle
Â·
May 14
Shein bikinis 2023 new arrivals clothing accessories women's swimwear collection #accessoriesShein #bikinis #clothingaccessoriesShein #collectionShein #Shein #Sheinbikinis #Sheinbikinis2023 #Sheinnewarrivals #Sheinwomensswimwear

https://onlygreatstyle.com/shein-bikinis-2023-new-arrivals-womens-swimwear/
poppo
@poppo76990040
Â·
May 15
CODICE SHEIN ITALIA o7far5 #shein #SHEIN",,
"HeyHeresHolly","#Holly
Â·
May 14
Shein have a refer a friend scheme that means you can win Â£125 voucher by clicking my invite ğŸ¤ğŸ¤£ 100% safe and I mean who doesnâ€™t want freebieâ€™s 
https://shein.top/b79nhek #shein #SHEINContest #SHEINminigame #sheinfriendcode #giveaway #sheingame
m.shein.co.uk
Winï¿¡125 Wallet Creditï¼
Up to 6 chances to win!Please accept my invitation so that I can earn ï¿¡125 Wallet Credit!
RobynMcnulty
@robyn_mcnulty
Â·
May 14
WIN Â£5 OFF SHEIN Voucher ğŸ’¸Wait, you're gonna pass up Â£5 off discount on SHEIN? I didn't think so! ğŸ˜œ Please accept my invitation and get it!
https://api-shein.shein.com/h5/game/invite/game-uk-slash0427/friend-help?site_uid=iosshgb&localcountry=de&language=en&inviteCode=82ca0b09b2ad570400aedb32d56de709&channel=twitter #shein #SHEINcode
Only Great Style
@OnlyGreatStyle
Â·
May 14
Shein beachwear 2023 plus size new arrivals fashion swimwear women's #collectioncurvyShein #curvyShein #fashionswimwearShein #plussizeShein #Shein #Sheinbeachwear2023 #Sheinnewarrivals #Sheinwomensaccessories #swimwearShein

https://onlygreatstyle.com/shein-beachwear-2023-plus-size-womens-swimwear/
",,
"OnlyGreatStyle","Shein swimwear 2023 new arrivals clothing accessories men's beachwear #accessoriesShein #clothingaccessoriesShein #collectionShein #Shein #Sheinboardshorts #Sheinboardshortsnewarrivals #Sheinmensbeachwear #Sheinswimwear #Sheinswimwear2023 #swimwear

https://onlygreatstyle.com/shein-swimwear-2023-new-arrivals-mens-beachwear/
Rahul
@RahulT33
Â·
May 19
Fashion brand #SHEIN is entering India market in collaboration with Reliance Retail. 

Reliance will open offline as well as online avenues for the brand. #IndianEconomy
Economic Times
@EconomicTimes
Â·
May 19
#LeadStoryOnET | #Reliance is set to bring back Chinese #fashion giant #Shein to #India
economictimes.indiatimes.com
Reliance set to bring back Shein to India
Shein, which created a niche for new styles and accessible price points, was banned by the Home Ministry in year 2020 as part of Indias crackdown on Chinese apps.
",,
"Kaymo183
","Â·
May 17
Has anyone shopped from an online website called 'Shein'? Their website looks great and really well priced but I'm not sure of quality? #Help #SHEIN #sheinaustralia
Flawless Magazine
@flawlessmagazin
Â·
May 18
RT BoF ""The Chinese fast fashion giant #Shein, thatâ€™s now based in Singapore, has raised $2 billion.

This latest funding values the company at $66 billion, well below the $100 billion valuation Shein received a year earlier.

Read more. â€¦ ""
Shabori Das
@shabori2688
Â·
May 18
#RelianceRetail plans to bring back #Shein to India. 

Zara posted 40.4% growth in revenue in FY23. 

#fastfashion
wsj.com
WSJ News Exclusive | Shein Makes a Comeback in India, Teams Up with Reliance Retail
With the agreement, Shein is likely to source fabrics from small businesses in India, which could help the company to diversify its supply chain beyond China.
",,
"FelixFelicis307
","Â·
May 15
Help me please, mi manca poco!!!ğŸ«¶ğŸ»

#shein #sheinitalia #shein100
m.shein.com
Vinci 100 â‚¬ di Credito del Portafoglio
Accetta il mio invito in modo che io possa guadagnare 100 â‚¬ di credito del portafoglio!
ğŸ’œ Suswati Basu (å·´è‹)
@suswatibasu
Â·
May 18
.
@Nationalworld
's fashion writer 
@Rochelle_Malise
 on the problems of fast #fashion as #SHEIN due to open stores: ""The issue of waste can be another problem laid at the door of fast fashion retailers""
#climate #Sustainability
Quote Tweet
Rochelle Malise Barrand
@Rochelle_Malise
Â·
May 18
If you're a fan of fast #fashion brand #SHEIN, you'll be pleased to know that later this year you'll be able to shop the brand's #clothing in person right here in the #UK ğŸ‘—ğŸ‘ 

@NationalWorld has all you need to know.

https://nationalworld.com/lifestyle/shein-uk-major-online-fast-fashion-brand-is-set-to-open-30-stores-this-year-4148073
DJ
@Daisy24080760
Â·
May 14
#SHEIN #SHEINminigame #SHEINcode  NTLBBV NEW SHEIN CODE
",,
,"
DaisyMae ğŸ’‹ğŸ‘ğŸ‘‡ğŸ¼
@sr5217753
Â·
May 18
Cute shirt!! What do you think!! 
#SHEIN #onlyfan #onlyfansbabe #CuteGirl #cute #belly 

https://onlyfans.com/blueyesforyou2
Srinivasan G
@srinicaps
Â·
May 18
could complicate Sheinâ€™s plans for a public debut.
#Shein clearly faces geopolitical headwinds and rising competition

Credits 
@anngehan
  
@WSJ
Show this thread
ğŸ‘‘The Luxury Girlâ„¢
@cand1sweets_
Â·
May 14
To my child, I would break my own heart to keep yours whole & I mean thatğŸ¥¹â¤ï¸ 

#therealest #myminime #mylove #matchingfits #twinning #girlmom #melaninpoppin #raisingdaughters #settingstandards #mybaby #sheinkids #shein",,
,"
Marco
@Marco27676668
Â·
May 18
dltloc  codice per tentare di vincere 100 euro su shein #shein
Aman Arora
@iamamanarora02
Â·
May 19
RT Dazeinfo ""By bringing back #Shein, Reliance Retail aims to position itself as a formidable competitor and capture a substantial market share in the fashion industry.

#india #retail #fashion #fashionindustry #ecommerce #apparel 
@SHEIN_Official
 
@re
â€¦ https://dazeinfo.com/2023/05/19/the-resurgence-of-shein-in-india-ignites-aggresive-ambitions-of-reliance-retail-in-the-fashion-sector/""
dazeinfo.com
The resurgence of SHEIN in India ignites aggressive ambitions of Reliance Retail in the fashion...
The return of Shein in India is more of a strategic move for Reliance Retail to compete in the fashion market currently dominated by Myntra.
BAMACHICK
@1nonlyCoco
Â·
May 19
Ssooooo #SHEIN IS THE WAY TO SHOP HUH??? I BEEN SLEEPâ€¦GUESS Iâ€™M WOKE NOWğŸ¤¦ğŸ¾â€â™€ï¸ğŸ¥´ğŸ˜¬",,
,"Alice ~ ğŸŒˆğŸ–¤
@AliceAdventure0
Â·
17h
You need to download Temu for great bargains. It's kinda like #shein ğŸ˜ŠğŸ˜Š
temu.com
Can you accept my invitation so that I can get a free gift?
Click the link now and participate in this event.
Economic Times
@EconomicTimes
Â·
May 18
Online fashion giant #Shein raised $2 billion in its latest fundraising round that values the company at $66 billion, about a third less than a year earlier.
economictimes.indiatimes.com
Fashion giant Shein raises $2 billion but lowers valuation by a third
Online fashion giant Shein raised $2 billion in its latest fundraising round that values the company at $66 billion, about a third less than a year earlier
DebbyJulian
@DebbyJuliann
Â·
May 19
Blac Chyna rocks an incredibly cool and edgy half-shaved head, leaving everyone completely jaw-dropped #BlacChyna
Let's work together and reap the rewards! ğŸ’¸ğŸ”¥
https://shein.top/bzd5ugi
#sheinus #shein #sheinmethod #codeforcode #CashRewards #freemoney #shein150$ #shein150",,
,"
The Flex In Texas
@bmichelletweets
Â·
May 20
#shein got the activewear game in a #CHOKEHOLD Amazon not even competing with Shein!
Federica
@fuckingeway
Â·
May 17
Ma come funziona? Shein #shein
xpression camera
@xpression_app
No time to get ready for your meeting? Use xpression camera to be dressed for all occasions.
0:04 / 1:08
xpressioncamera.com
Become anyone on Zoom, Twitch, or any streaming video
Promoted
Money9
@Money9Live
Â·
May 19
Which Chinese brands is #RIL bringing back to India? 

Find out on #CorporateCentral:  https://youtu.be/6YahU1c_5iU 

#Infibeam #swiggy #SHEIN  #glandpharma #q4results #nazaratech 

@SreshthaTiwari

@sandeepgrover09

@journoshubh

@anshuman1tiwari",,
,"
Wexboy
@Wexboy_Value
Â·
May 19
#Shein is a $30B revenue #fastfashion juggernaut that exists as proof you SHOULD always bet on what Western consumers actually do/buyâ€¦

â€¦NOT on what they say!
Be positive
@Be_positive00
Â·
21h
SHEIN NEW ITEMS !!!ğŸ™ˆğŸ–¤
#SHEIN
#beauty #black  >>>>
L O L A
@Badd_RedBoneeee
Â·
May 13
NGL, #Shein kids outfits are actually really cute! My daughter loving these sets I bought her! ğŸ«¶ğŸ½
Blaze Trends
@theblazetrends
Â·
May 15
Shein will continue with the launch of its marketplace in the US.

#continue #launch #Marketplace #Shein
blazetrends.com
Shein will continue with the launch of its marketplace in the US.
USA will be the next stop for the marketplace of Shein. This has been announced by the company in a releasewhere he has detailed that the marketplace will launch in the US country before rolling out...",,
,"
The Insidexpress
@theinsidexpress
Â·
May 19
Shein, a Rapidly Growing Fashion Brand, Announces Opening of 30 Pop Stores in 2021
#Fashion
#Announces #brand #Fashion #Growing #Opening #Pop #Rapidly #Shein #stores
https://insidexpress.com/fashion/shein-a-rapidly-growing-fashion-brand-announces-opening-of-30-pop-stores-in-2021/?feed_id=13411&_unique_id=646764de8b451&utm_source=Twitter&utm_medium=theinsidexpress&utm_campaign=FS%20Poster
insidexpress.com
Shein, a Rapidly Growing Fashion Brand, Announces Opening of 30 Pop Stores in 2021
Online fast fashion retailer Shein has announced it will open 30 pop-up stores this year, with those in the UK set to rival low-cost high street brands like Primark.  Theâ€¦
SHEIN SHOP
@SHEIN__SHOP
Â·
May 16
Congrats, grads! ğŸ“ğŸ’« Here's to celebrating new beginnings in style ğŸ‰

#SHEINâ€¯â€¯â€¯ #SHEINforAll #SHEINstyle #OOTD #SHEINgraduation
AssemblyAI
@AssemblyAI
A robust speech recognition model: trained on 650K hours of data. See for yourself.
assemblyai.com
Read about our new Conformer-1 Model
Promoted
Mint
@livemint
Â·
May 20
At present, 93% of #Shein's sourcing is from #China but the partnership with RRVL as per companyâ€™s projection could result in 25% sourcing to shift to #India.

(
@ravidutta_
 reports)",,
,"Fra
@PencRico
Â·
May 15
Shein

#SHEINContest #SHEINcode #shein150 #shein
exchange4media group
@e4mtweets
Â·
May 19
Will the popular International brand re-establish its position in the Indian market?

#e4m #RelianceRetail #Shein #India
Tech Tech China
@techtechchina
Â·
May 19
#SHEINâ€™s returning to the Indian market as soon as this month. Sources say it plans to collaborate with one of the largest retail companies in Indiaâ€¦Which one? ğŸ¤”",,
,"Manga
@swapnalt
Â·
May 19
I guess national security matters only when Ambanis and Adanis are not involved in business deals!!ğŸ«¤ğŸ«¤ #shein #sheininindia #sheinisback
gadgetsnow.com
Reliance set to bring back Chinese etailer Shein to India, two years after the app was banned in...
Reliance Retail is reportedly set to bring back Chinese fashion giant Shein to India. According to a report in Economic Times (ET), Reliance Retail will bring Shein, one of the worldâ€™s largest...
Charlotte
@Charlot69974164
Â·
11h
When the doctor says the recommended 2 litres of water a day well I got a water bottle which holds the whole two litres #SHEIN
SwiftNLift Magazine
@SwiftnliftM
Â·
22h
Shein, whose app was prohibited in India in 2020 as part of the Center's crackdown on Chinese apps, is reportedly teaming with Mukesh Ambani's Reliance Retail to access the Indian market.

#shein #relianceretail #retail #swiftnliftnews",,
,"Tahseen Consulting
@Tahseenconsult
Â·
May 19
In 
@Tahseenconsult
's #MENA+ #tech #policy insight â†˜ï¸#gastoenergy #paymentgateway #FDI #renewableenergy #ratingscut #watersecurity #datacenters #EVs #ONDC #FTA #UK #RBI #POSterminals #Shein #escootersubsidy
tahseen.ae
Daily MENA Tech Policy Insight - May 19th, 2023
Each day, we review the weekâ€™s policies, politics, and power plays, compiling a handpicked selection of the most important developments in MENA+ tech.
Wes Schwalje
@WesSchwalje
Â·
May 19
In 
@Tahseenconsult
's #MENA+ #tech #policy insight â†˜ï¸#gastoenergy #paymentgateway #FDI #renewableenergy #ratingscut #watersecurity #datacenters #EVs #ONDC #FTA #UK #RBI #POSterminals #Shein #escootersubsidy
tahseen.ae
Daily MENA Tech Policy Insight - May 19th, 2023
Each day, we review the weekâ€™s policies, politics, and power plays, compiling a handpicked selection of the most important developments in MENA+ tech.
AlexiaBemard
@AlexiaBemard
Â·
May 17
Taylor Swift invited Adele to attend her ""Eras Tour"" concert in Philadelphia #TaylorSwift  #Adele
Shein's game just made my day with a ï¿¡40 cash prize! 
https://api-shein.shein.com/h5/game/invite/game-uk-slash0427
#sheinuk #uk #sheindiscountcode #shein #sheinmethod #codeforcode #CashRewards #FreeMoney",,
,"Monika Lutoslava Chubb ğŸ‡µğŸ‡±ğŸ‡¬ğŸ‡§+ğŸ‡ºğŸ‡¦
@Lutoslava
Â·
May 16
An actual product on #Shein ğŸ˜‚ğŸ¤¦ğŸ»â€â™€ï¸
Livros com Promo â„¢ï¸
@LivroscomPromo
Â·
May 15
Novas ğŸŒ™ Ofertas no Ar

ğŸ¤ #SHEIN  â€¢ http://shein.com/invite?utm_campaign=GM_Share&url_from=BR03196M
ğŸ« BR03196M

â¤ï¸ AliExpress â€¢ https://s.click.aliexpress.com/e/_Dk8Y0aD

ğŸ§¡ Shopee â€¢ https://shope.ee/9ep3GejAQq

ğŸ–¤ Amazon â€¢ https://amzn.to/3L9QiYj
lil heartbreaker.
@_iamdoriana
Â·
May 14
Switch position to â€œGermanâ€ on SHEIN app and write this code in the search bar: vevryj 
You will gain 150$ to buy on SHEIN !!! 
#SHEIN   #sheincode #sheinbonus",,
,"
Livros com Promo â„¢ï¸
@LivroscomPromo
Â·
May 16
Novas ğŸŒ™ Ofertas no Ar

ğŸ¤ #SHEIN  â€¢ http://shein.com/invite?utm_campaign=GM_Share&url_from=BR03196M
ğŸ« BR03196M

â¤ï¸ AliExpress â€¢ https://s.click.aliexpress.com/e/_Dk8Y0aD

ğŸ§¡ Shopee â€¢ https://shope.ee/9ep3GejAQq

ğŸ–¤ Amazon â€¢ https://amzn.to/3L9QiYj
Tim Nelligan
@tnteacherTim
Â·
May 17
I've never heard of #shein until today's #liveline.....
ğŸ•¸ğŸ–¤â˜¥ Sanniz â˜¥ğŸ–¤ğŸ•¸
@SannizL
Â·
May 13
Shein Haul for diy and Plussize Clothing 

https://youtu.be/5jlmAdz7bHM

#haul #shein #romwe #diy #jewelry #Plussize #alternativeclothes",,
,"
Kamore Janae
@Mo_2kk
Â·
May 17
Shein ambassador here to help you save some money by stacking discounts! ğŸ«¶ğŸ½ #ad #Ambassador #sheinambassdor #SHEIN #discount #discountcode #explorepage #sheincares #trending #trending2023 #viral #viral2023
0:04 / 0:35
Samuel Ngare
@Samtash_1
Â·
May 17
#Shein From $0.61 billion in 2016 to $30 billion in 2022 Eye-opening video where we delve deep into the world of fast fashion #tech and shine a light on the dark secrets of Shein. #fashion #sheinhaul #sheinreview Ledger | Fashion Nova #USMNT Canada

Watch: https://youtu.be/I_zZ1hvb1hw
nosy nelly
@askjesustosaveu
Â·
9h
#shein please stop glorifying stick women.",,
,"misspassion $QueenofTn
@bookmarkgirl972
Â·
May 20
My #Shein top ! I'm taking it off ğŸ“´ and tossing it in the trash lol ğŸ˜‚  the mesh is ripped up bad on each ğŸ˜ª
Tech Master
@Tech_Master18
Â·
May 19
Shein is Reportedly Returning To India.ğŸ‡®ğŸ‡³

It Will Return in Partnership With Reliance.

It Will Also Sell its Products Through Reliance Ajioâ€™s Store. 

#Shein 
ğŸ”— https://financialexpress.com/industry/chinas-shein-to-re-enter-india/3093258/
giorgiÃ¥ ğŸ¤
@jdbmyeverythjng
Â·
May 15
LET'S PLAY TOGETHER!
âœ¨nzwhp9âœ¨

#SHEIN",,
"@rahul_enigma
","Rahul
Â·
May 20
I'm really confused right now, for the sake of our brave jawans who were martyred fighting the Chinese, do we need to boycott Reliance or not
#SHEIN
#RelianceRetail
Quote Tweet
Ğ‘Ñ€Ğ°Ñ‚
@B5001001101
Â·
May 19
Master stroke by VishwaGu. Wanted to see how Bakths are going to defend this.
BQ Prime
@bqprime
Â·
May 19
Almost three years after getting banned in India, #Shein is re-entering here in partnership with #RelianceRetail, as per industry sources. 

Shein was one of the apps which was banned by MeitY in June 2020.

Read more: https://bit.ly/3Wpy9v6
Joane Mena
@JoaneMenaEdit32
Â·
May 16
New SHEIN Haul #SHEIN #sheinhaul #haul #sheglam #beauty #hairaccessories #pressonnails #purse #makeup #asthetic #ContentCreator",,
"Miriam27
","@Miriamtw19
Â·
May 15
Codigo shein #SHEIN
ğŸ‘‘The Luxury Girlâ„¢
@cand1sweets_
Â·
May 15
Never expose your next step, just stepğŸ–¤

#fashionblog #lifestyleinfluencer #momboss #girlceo #luxurygirl #toptier #makingmoneymoves #ablessedlife #highlyfavored #fyp #shein #aldobags
NewsPoint
@NP_App
Â·
May 19
#Reliance set to bring back #Chinese etailer #Shein to India, two years after the app was banned in #India

Read More Here ğŸ”—: https://newspointapp.com/english-news/publisher-gadgetsnow/top-news/reliance-set-to-bring-back-chinese-etailer-shein-to-india,-two-years-after-the-app-was-banned-in-india/articleshow/14504820a9ba7286430f825374475dc102ecafce?utm_source=twitter.com&utm_medium=social&utm_campaign=np
",,
"News18.com
","
news18dotcom
Â·
May 19
Almost three years after getting banned in India, Chinese online fast fashion brand #Shein is re-entering here
news18.com
Shein and Reliance Retail Forge Partnership to Re-Enter Indian Market, Say Reports
Shein was one of the apps, which was banned by the Ministry of Electronics and Information Technology in June 2020 after tension with China escalated on the Himalayan borders
Anna ğ“ƒ ã€ã‚¢ãƒ³ãƒŠä¼ç”»ã€‘
@kuroanzu1122
Â·
23h
new nailğŸ’…âœ¨

 #ãƒã‚¤ãƒ«
 #ãƒã‚¤ãƒ«ãƒãƒƒãƒ—
 #SHEIN 
 #ç¾å½¹jk
 #ãƒãƒ•ãƒ­ãƒ¼ã‚¼
 #ã‚¢ãƒ³ãƒŠä¼ç”»
Lau loves Malte
@laudostuff
Â·
May 12
Accept my invitation for a chance to win Â£100 Wallet Balance!

If you use my #shein code I'll use yours:

âœ¨ i7uzpd âœ¨",,
"GamerPromotes_
","Gamer Promotes
Â·
May 19
Up to 6 chances to win!Please accept my invitation so that I can earn ï¿¡125 Wallet Credit!
frr3sr #shein  #SHEINminigame.
Gamer Promotes
@GamerPromotes_
Â·
May 19
Up to 6 chances to win!Please accept my invitation so that I can earn ï¿¡125 Wallet Credit!
frr3sr #shein  #SHEINminigame
ğŸ˜·Miriam O'Callaghan
@mir_ocall
Â·
May 19
Not just foolish. Incredibly stupid. Loving those accents, mind. #SHEIN
Quote Tweet
TonightVMTV
@TonightVMTV
Â·
May 19
""It makes the government look incredibly foolish""

- @aoifegracemoore reacts to Minister Simon Coveney cutting the ribbon at the opening of Shein's new headquarters in Dublin

#TonightVMTV
",,
,"TEN4 | Bexatrix
@TheBexatrix
Â·
May 16
#shein for the winâ€¦ got rid of old and overused tops and bought some beautiful pieces to dress up or dress down in!
Startup Era
@era_startup
Â·
May 18
Shein raises $2 billion at a $66 billion valuation, co-led by Sequoia, General Atlantic, and Mubadala. 

For more such news follow 
@era_startup


#startups #startupindia #startupreels #startupnews #startupera #startupstories #shein #ecommerce
Livros com Promo â„¢ï¸
@LivroscomPromo
Â·
May 15
Novas â˜€ï¸ Ofertas no Ar

ğŸ–¤ Amazon â€¢ https://amzn.to/3AsDCa3

ğŸ¤ #SHEIN  â€¢ http://shein.com/invite?utm_campaign=GM_Share&url_from=BR03196M
ğŸ« BR03196M

â¤ï¸ AliExpress â€¢ https://s.click.aliexpress.com/e/_DkspSFL

ğŸ§¡ Shopee â€¢ https://shope.ee/40AgWIBz3D",,
,"Angelica
@Angelicaamanthy
Â·
May 15
CODICE PER VINCERE 100â‚¬ su SHEIN!!! #shein #codiceshein #sheinofficial
Kamore Janae
@Mo_2kk
Â·
May 16
Shein ambassador here to help you save some money by stacking discounts! ğŸ«¶ğŸ½ #ad #SHEIN #Ambassador #sheinambassdor #sheincares #viral #viral2023 #trendingreels #trending2023 #discount #discountcode
0:01 / 0:35
n
@nmjndimple
Â·
May 17
Does anyone have this #shein dress? Please dm me, I have a few questionsğŸ˜­",,
,"Livros com Promo â„¢ï¸
@LivroscomPromo
Â·
May 17
Novas ğŸŒ™ Ofertas no Ar

ğŸ¤ #SHEIN  â€¢ http://shein.com/invite?utm_campaign=GM_Share&url_from=BR03196M
ğŸ« BR03196M

â¤ï¸ AliExpress â€¢ https://s.click.aliexpress.com/e/_Dk8Y0aD

ğŸ§¡ Shopee â€¢ https://shope.ee/9ep3GejAQq

ğŸ–¤ Amazon â€¢ https://amzn.to/3L9QiYj
Daveduckies
@DaveyKVA
Â·
May 18
Why am I not surprised ğŸ˜…

#lovindublin
#EamonRyan
#SHEIN 
#Clueless
JACK 92.9
@jack929hfx
Â·
May 12
Cute or not cute? 
Thanks to Griff, I am going to scurry home to change.
ğŸ¤£ğŸ¤£ğŸ¤£ğŸ¤£ğŸ¤£
#dress #tacky #shein #GenX  #retrostyle",,
GuoLibrary,"Like #TikTok and #WeChat, #Shein and #Temu are actually #CCP #spywares.Be aware - wherever #Sequoia is, there is CCP infiltration, interference and manipulation.#NeilShen, Sequoiaâ€™s founder, is a CCP spy in plain sight.@ColonelDHarvey https://rumble.com/v2lq4oi-col.-derek-harvey-preferential-treatment-of-sequoia-capital-aligned-with-ch.htmlâ€¦",#shein please stop glorifying stick women.,
Ã„-LEX-ANDER THE GREAT,For those who love to shop #Shein,,
Ã„-LEX-ANDER THE GREAT,For those who love to shop #Shein,"As the spotlight shines on @SHEIN_Official's supply chain, the Chinese ultra-fast fashion etailer admits it will need to be more transparent about business operations to continue to win customers.#shein #fastfashion #etailer #online #fashioninterview https://bit.ly/3OiWeBI",
Drapers,For those who love to shop #Shein,"As the spotlight shines on @SHEIN_Official's supply chain, the Chinese ultra-fast fashion etailer admits it will need to be more transparent about business operations to continue to win customers.#shein #fastfashion #etailer #online #fashioninterview https://bit.ly/3OiWeBI",
Ã„-LEX-ANDER THE GREAT,For those who love to shop #Shein,,
Ã„-LEX-ANDER THE GREAT,For those who love to shop #Shein,"As the spotlight shines on @SHEIN_Official's supply chain, the Chinese ultra-fast fashion etailer admits it will need to be more transparent about business operations to continue to win customers.#shein #fastfashion #etailer #online #fashioninterview https://bit.ly/3OiWeBI",
GuoLibrary,,,
nosy nelly,,,
Realchic,"Almost three years after getting banned in India, Chinese online fast fashion brand #Shein is re-entering here
news18.com
Shein and Reliance Retail Forge Partnership to Re-Enter Indian Market, Say Reports
Shein was one of the apps, which was banned by the Ministry of Electronics and Information Technology in June 2020 after tension with China escalated on the Himalayan borders",,
GuoLibrary,,,
Ã„-LEX-ANDER THE GREAT,"Not just foolish. Incredibly stupid. Loving those accents, mind. #SHEIN",,
Ã„-LEX-ANDER THE GREAT,,,
Ã„-LEX-ANDER THE GREAT,"As the spotlight shines on @SHEIN_Official's supply chain, the Chinese ultra-fast fashion etailer admits it will need to be more transparent about business operations to continue to win customers.#shein #fastfashion #etailer #online #fashioninterview https://bit.ly/3OiWeBI",,
Ã„-LEX-ANDER THE GREAT,For those who love to shop #Shein,,
Ã„-LEX-ANDER THE GREAT,For those who love to shop #Shein,"As the spotlight shines on @SHEIN_Official's supply chain, the Chinese ultra-fast fashion etailer admits it will need to be more transparent about business operations to continue to win customers.#shein #fastfashion #etailer #online #fashioninterview https://bit.ly/3OiWeBI",
"Drapers","As the spotlight shines on 
@SHEIN_Official
's supply chain, the Chinese ultra-fast fashion etailer admits it will need to be more transparent about business operations to continue to win customers.

#shein #fastfashion #etailer #online #fashioninterview https://bit.ly/3OiWeBI
dicarmel
@dicarmel
Â·
12h
Check out Shein Black Velvet Long Sleeve Ribbed Mock Neck 3/4 Zipper Crop Top Adult M https://ebay.com/itm/175389803509?mkcid=16&mkevt=1&mkrid=711-127632-2357-0&ssspo=aSHfKwQLTmO&sssrc=2051273&ssuid=aSHfKwQLTmO&var=&widget_ver=artemis&media=TW #eBay via 
@eBay
 #Shein #SHEIN #ebaydeals
ebay.com
Shein Black Velvet Long Sleeve Ribbed Mock Neck 3/4 Zipper Crop Top Adult M
Find many great new & used options and get the best deals for Shein Black Velvet Long Sleeve Ribbed Mock Neck 3/4 Zipper Crop Top Adult M at the best online prices at eBay! Free shipping for many...
Charlotte
@Charlot69974164
Â·
12h
When the doctor says the recommended 2 litres of water a day well I got a water bottle which holds the whole two litres #SHEIN",,
,"
GrÃ¡inne
@GrainneMonks
Â·
12h
It would seem that #LaRochelle bought their shorts on #SHEIN At least #LeinsterRugby will win the battle of the shorts! 
 #HeinekenChampionsCup
Nadiyah Baksh
@Nad1yah_x
Â·
14h
Anyone able to translate this ğŸ˜‚ Auntie walking around wearing it she nicked it off her 11yr old and now we wanna know what it says #shein
AMZ Pathfinder
@amzpathfinder
Â·
17h
Shein has just launched its marketplace in the U.S. and they're taking things to a whole new level! ğŸ‘—ğŸ’» 

Check this out https://buff.ly/42QSr2E 

#Shein #AmazonFBA #Ecommerce #AmazonAds #DigitalMarketing #AmazonSellers #Amazon #AmazonNews
marketplacepulse.com
Shein Marketplace Launches in the U.S.
Shein has launched a marketplace in the U.S. and is now adding local and international sellers. Shein is one of the largest fashion retailers, ",,
,"NAS ğŸŒ
@nasisnastee
Â·
17h
MY 1st SHEIN HAUL ğŸ˜

I ordered so much stuff Iâ€™m like I gotta make a video ! This isnâ€™t even HALF of everything I got ğŸ¤­ğŸ«£ 
@SHEIN_Official
 you did your BIG one !

#SHEIN #sheinfashionweek #sheinhaul #CLOTHES #fashion #FYP #PeachesAndEggplants #NickiMinaj .
0:01 / 1:01
Alice ~ ğŸŒˆğŸ–¤
@AliceAdventure0
Â·
17h
You need to download Temu for great bargains. It's kinda like #shein ğŸ˜ŠğŸ˜Š
temu.com
Can you accept my invitation so that I can get a free gift?
Click the link now and participate in this event.
Volere
@VolereLeathers
Â·
18h
Volere Leathers Shoulder Bag

#volere #volereleathers #laptopbag #slingbag #messengerbag #dufflebag #backpack #leather #leatherbag #handbag #totebag  #ladies #modelshoot #fashion #craftsmanship #amazon #etsy #shein #ajio #tatacliqluxury #meesho
instagram.com
Volere (@volereleathers) â€¢ Instagram photo",,
,"
Volere
@VolereLeathers
Â·
18h
Volere Leathers Shoulder Bag

#volere #volereleathers #laptopbag #slingbag #messengerbag #dufflebag #backpack #leather #leatherbag #handbag #totebag  #ladies #modelshoot #fashion #craftsmanship #amazon #etsy #shein #ajio #fashionblogger
instagram.com
Volere (@volereleathers) â€¢ Instagram photo
Andrey Golub
@aVg
Â·
19h
What #Sheinâ€™s Lower Valuation Means for the Future of #FastFashion
businessoffashion.com
What Sheinâ€™s Lower Valuations Means for the Future of Fast Fashion
The fast fashion retailerâ€™s down round this week reflects new pressures from rivals and regulators. But the e-commerce giant is reportedly aiming for another year of explosive growth on its way to a...
Roopak Vasa
@vasaroopak
Â·
19h
Ril needs to be taught a lesson for
1) selling foreign brand products instead of exporting Indian products
2) killing competition in telecom sector
3) less money spent on oil exploration?
#antinational 
#shein
#ril
#jio",,
,"Shein, the Chinese fashion app, was banned in 2020 by Modi govt as a â€œsurgical strike on Chinese appsâ€.

Now, Shein is now launching back in India after â€œpartnering with Relianceâ€.

Amritkal nahi, Adani - Ambani Kal hain.ğŸ˜¸âœŒï¸ twitter.com/bqprime/statusâ€¦
Marksmen Daily
@DailyMarksmen
Â·
19h
#Shein, one of the worldâ€™s top fashion brands which shut shop in India in June 2020 after the post-Galwan ban on Chinese apps, is set to re-enter the Indian market through a partnership with 
@Reliance
 Retail. 
It will mark its presence online, possibly on the Ajio platform.
Kilimanjaro Digital Marketing
@Zanziba63
Â·
21h
**Enter to Get $750 Shein gift card!**
Share your opinions by completing various surveys and you could be the winner.
**Limited entries available!**
**Retweet, like, and follow for more chances to win.**
https://zanziba2023-a208a.gr8.com
#Shein #Giveaway #Fashion #Style #Contest #GiftCard
0:02 / 0:10",,
,"SHEIN NEW ITEMS !!!ğŸ™ˆğŸ–¤
#SHEIN
#beauty #black  >>>>
HornbillTV
@hornbilltv
Â·
21h
After three years after of being barred from the country, Chinese fast fashion brand Shein is reportedly making a comeback in Indian markets, thanks to Mukesh Ambani's Reliance Retail. Reliance empire now led by Isha Ambani, has entered a partnership with Shein.

#Shein #Reliance
SwiftNLift Magazine
@SwiftnliftM
Â·
22h
Shein, whose app was prohibited in India in 2020 as part of the Center's crackdown on Chinese apps, is reportedly teaming with Mukesh Ambani's Reliance Retail to access the Indian market.

#shein #relianceretail #retail #swiftnliftnews",,
,"prijesh philip
@Philipson_916
Â·
22h
Replying to 
@narendramodi
 
@Bundeskanzler
 and 
@OlafScholz
#SHEIN is now in India So #China is our friend not enemy..
Thanks #relianceretail ğŸ‡®ğŸ‡³ğŸ‡®ğŸ‡³ğŸ‡®ğŸ‡³
MUSICYRICS
@MUSICYRICS
Â·
23h
Breaking: Shein, the Chinese fashion giant, makes a comeback in India through a partnership with Reliance Retail. #FashionNews #Shein #RelianceRetail
news.musicyrics.com
Shein Set to Make a Comeback in India with Reliance Retail Partnership - Musicyrics News
Shein, the Chinese fashion giant, is set to make a comeback in India through a partnership with Reliance Retail.
",,
,"TheWokeIndia
@TheWokeIndia
Â·
May 20
Reliance Retail is prepared to reintroduce the brand to India through a strategic relationship, two years after the country's government banned the Shein app from use.

#fashion #reliance #Shein #relianceretail #thewokeindia
thewokeindia.com
Reliance Retail is set to bring Chinese fashion giant Shein to India.
Reliance Retail is prepared to reintroduce Shein to India through a strategic relationship, two years after its ban in India
The Hindu
@the_hindu
Â·
May 20
Almost three years after getting banned in India, Chinese online fast fashion brand #Shein is re-entering India in partnership with the country's leading retailer #RelianceRetail, said industry sources.
thehindu.com
Shein to re-enter India in partnership with Reliance Retail
Almost three years after getting banned in India, Chinese online fast fashion brand Shein is re-entering India in partnership with the ",,
,"Almost three years after getting banned in India, Chinese online fast fashion brand #Shein is re-entering India in partnership with the country's leading retailer #RelianceRetail, said industry sources.
thehindu.com
Shein to re-enter India in partnership with Reliance Retail
Almost three years after getting banned in India, Chinese online fast fashion brand Shein is re-entering India in partnership with the countryâ€™s leading retailer Reliance Retail.
Radhakrishnan Chonat
@RCxNair
Â·
May 20
This is a very smart move by Reliance Retail â€” have been tracking Sheins brilliant success with fast fashion and in a price conscious market like India, this is going to fly. I see a threat to Trentâ€™s Zudio format which is the current Shein equivalent of India #zudio #shein
Powerpuff Fan (All about Powerpuff Girls)
@PowerpuffB23
Â·
May 20
this is completely OFFICIAL since Shein only distributes it but it is from 
@ROMWESHOP
 âœ¨

Powerpuff Girls NEW MERCH May 2023 â¤ï¸ğŸ’šğŸ’™

#PowerpuffGirls #Original #TV #Series #Cartoon #Cartoons #Aesthetic #Awezome #Shein #Romwe #New #Iconic #iPhone #ãƒ‘ãƒ¯ãƒ¼ãƒ‘ãƒ•ã‚¬ãƒ¼ãƒ«ã‚º #Animated",,
,"At present, 93% of #Shein's sourcing is from #China but the partnership with RRVL as per companyâ€™s projection could result in 25% sourcing to shift to #India.

(
@ravidutta_
 reports)
livemint.com
â€˜Shein deal will not need FDI approvalâ€™
At present, 93% of Sheinâ€™s sourcing is from China but the partnership with RRVL as per companyâ€™s projection could result in 25% sourcing to shift to India.
ET Retail
@ETRetail
Â·
May 20
FDI panel nod not needed for Shein-Reliance licensing pact: Officials #Shein #Reliance #Fdi #SheinReliance #Reliance #SheinIndiaEntry
retail.economictimes.indiatimes.com
FDI panel nod not needed for Shein-Reliance licensing pact: Officials - ET Retail
Under the agreement, Shein will license its technology and trademarks to be used by Reliance Retail and to also develop an indigenous e-commerce retail platform for Indian consumers that would sell...
It's JÃ©ssica
@ItsJessicaYT
Â·
May 20
https://benable.com/JessicaV/phone-cases/details?detail_id=3345067
Use code gentil22 to get 15% off at Shein!
#Shein #PhoneCase #Smartphone #Accessories #Iphone #Apple #Samsung #Xiaomi #Rabbit #Cartoon #Cute #Gift #Technology #Discount #Sale #Code",,
,"It's JÃ©ssica
@ItsJessicaYT
Â·
May 20
https://benable.com/JessicaV/shein/details?detail_id=3334026
Use code gentil22 to get 15% off at Shein 
#Shein #Top #Blouse #Fashion #Spring #Summer #Woman #Women #Sexy #Looks #Outfit #Gift #Discount #Sale #Code
Powerpuff Fan (All about Powerpuff Girls)
@PowerpuffB23
Â·
May 20
So THE NEW SHEIN X POWERPUFF GIRLS COLLECTION is now available worldwide â¤ï¸ğŸ’šğŸ’™

Most of it is all from the original series and some of it is already out of print despite only being released last Saturday. ğŸ‘€ 

#PowerpuffGirls #Shein #NEW #CartoonNetwork #Cartoon #Cartoons #TV
The Flex In Texas
@bmichelletweets
Â·
May 20
#shein got the activewear game in a #CHOKEHOLD Amazon not even competing with Shein!",,
,"My #Shein top ! I'm taking it off ğŸ“´ and tossing it in the trash lol ğŸ˜‚  the mesh is ripped up bad on each ğŸ˜ª
Benton
@sllvirpanda1170
Â·
May 20
Replying to 
@SHEIN_Official
Love it! Just ordered some new pieces - can't wait to spruce up my space. #HomeDecor #FreeShipping #SHEIN
Kamore Janae
@Mo_2kk
Â·
May 20
Shein ambassador here to help you save some money by stacking discounts! ğŸ«¶ğŸ½ #ad #sheinambassdor #shein #sheincares #discountcode #discount #explorepage #trending #trending2023 #viral #viral2023 #savemoney",,
,"Almost three years after getting banned in India, Chinese online fast fashion brand #Shein is set to re-enter.

Here's the full story..
editorji.com
Shein to make a comeback to India in partnership with Reliance Retail
Shein to make a comeback to India in partnership with Reliance Retail
Emma
@Emmasendfeet
Â·
May 20
30â‚¬ shein !! ğŸ«¶ğŸ»ğŸ«¶ğŸ»ğŸ«¶ğŸ»

le lien :

https://api-shein.shein.com/h5/game/invite/game-franceslashit/friend-help?site_uid=iosshfr&localcountry=de&language=fr&inviteCode=d8fe454867539c23299afabcd31a1741&channel=Copier

#shein100 #SHEINcode #SHEIN
lisa
@_lisa_2305
Â·
May 20
30â‚¬ shein !! ğŸ«¶ğŸ»ğŸ«¶ğŸ»ğŸ«¶ğŸ»

le lien :

https://api-shein.shein.com/h5/game/invite/game-franceslashit/friend-help?site_uid=iosshfr&localcountry=de&language=fr&inviteCode=d8fe454867539c23299afabcd31a1741&channel=Copier",,
,"I'm really confused right now, for the sake of our brave jawans who were martyred fighting the Chinese, do we need to boycott Reliance or not
#SHEIN
#RelianceRetail
Quote Tweet
Ğ‘Ñ€Ğ°Ñ‚
@B5001001101
Â·
May 19
Master stroke by VishwaGu. Wanted to see how Bakths are going to defend this.
MS
@PMCARESFUND_
Â·
May 19
#Shein is making a comeback
#Bgmi is making a comeback
#2000 rs note is going back
EP LOGIC by #modiji #masterstroke #ipl2023 #csk #srh #india #bjp4india #inc #andhrapradesh #delhi 

PS - if you donno what EP is ...ask your #Telugu states frnds",,
,"@SHEIN_Official
 plans to host around 30 pop-up stores around the EMEA region.

Find out more below. 

#fashion #retail #shein #retailnews #dublin #expansion 
 https://bit.ly/3Mnm6JY
Tech Tech China
@techtechchina
Â·
May 19
#SHEINâ€™s returning to the Indian market as soon as this month. Sources say it plans to collaborate with one of the largest retail companies in Indiaâ€¦Which one? ğŸ¤”
Trend Micro Home
@TrendMicroHome
Â·
May 19
âš ï¸âš Have you seen #videos promoting some website called #SHEIN gives back[.]com? Beware: it's a #SCAM! Read moreğŸ‘‡

#cybersecurity #infosec #cybersec #sheinclothes #OnlineShopping",,
,"#Shein, which ceased operations in #India in June 2020 following the ban on #Chinese apps, is poised to make a comeback in the country through a partnership with #RelianceRetail. 

#News9's 
@Shwkothari
 provides an explanation of this development
https://youtube.com/watch?v=tJKcZ1jH4TY
0:02 / 2:13
News18.com
@news18dotcom
Â·
May 19
Almost three years after getting banned in India, Chinese online fast fashion brand #Shein is re-entering here
news18.com
Shein and Reliance Retail Forge Partnership to Re-Enter Indian Market, Say Reports
Shein was one of the apps, which was banned by the Ministry of Electronics and Information Technology in June 2020 after tension with China escalated on the Himalayan borders
Natarajan Balan
@balann49
Â·
May 19
Replying to 
@B5001001101
#bhakts and 
@nsitharaman
 do not shop for #shein brand
",,
,"Before the 2020 Chinese app ban, Shein was a popular brand in India among women for its affordable and trendy fashion wear.

#shein #china #relianceretail
mumbailive.com
Chinaâ€™s Shein to re-enter Indian markets; Teams up with Reliance Retail
Shein, one of the worldâ€™s top fashion brands is going to make a comeback in India. Shein shut its shop in India post Galwan ban on Chinese apps. Now, it is going to re-enter the country with Reliance...
Money9
@Money9Live
Â·
May 19
Which Chinese brands is #RIL bringing back to India? 

Find out on #CorporateCentral:  https://youtu.be/6YahU1c_5iU 

#Infibeam #swiggy #SHEIN  #glandpharma #q4results #nazaratech 

@SreshthaTiwari

@sandeepgrover09

@journoshubh

@anshuman1tiwari
Ritul Rajbangshi
@RitulRajbangsh1
Â·
May 19
SHEIN in coming back in India! 
#SHEIN",,
,"RT Dazeinfo ""By bringing back #Shein, Reliance Retail aims to position itself as a formidable competitor and capture a substantial market share in the fashion industry.

#india #retail #fashion #fashionindustry #ecommerce #apparel 
@SHEIN_Official
 
@re
â€¦ https://dazeinfo.com/2023/05/19/the-resurgence-of-shein-in-india-ignites-aggresive-ambitions-of-reliance-retail-in-the-fashion-sector/""
dazeinfo.com
The resurgence of SHEIN in India ignites aggressive ambitions of Reliance Retail in the fashion...
The return of Shein in India is more of a strategic move for Reliance Retail to compete in the fashion market currently dominated by Myntra.
MarÃ­a Bravo
@mariumbsm
Â·
May 19
SHEIN #codigo100 #shein
Dazeinfo
@Dazeinfo
Â·
May 19
By bringing back #Shein, Reliance Retail aims to position itself as a formidable competitor and capture a substantial market share in the fashion industry.

#india #retail #fashion #fashionindustry #ecommerce #apparel 
@SHEIN_Official
 
@reliancegroup
dazeinfo.com
The resurgence of SHEIN in India ignites aggressive ambitions of Reliance Retail in the fashion...
The return of Shein in India is more of a strategic move for Reliance Retail to compete in the fashion market currently dominated by ",,
,"According to a news report by the 
@WSJ
, #RelianceRetail is set to reintroduce the banned popular Chinese fashion brand #Shein in India through a strategic partnership. 

@SHEIN_Official
nationalheraldindia.com
Shein: Chinese fashion brand set to return to India with Reliance Retail
Amid calls for probe in US, Chinese fashion brand Shien set to return to India with Reliance Retail
Wexboy
@Wexboy_Value
Â·
May 19
#Shein is a $30B revenue #fastfashion juggernaut that exists as proof you SHOULD always bet on what Western consumers actually do/buyâ€¦

â€¦NOT on what they say!
Faizan Haidar ET
@FaiHaider
Â·
May 19
The countryâ€™s leading #retailer will sell Sheinâ€™s products through offline stores owned & operated by #Reliance as well as through its app. #Shein is likely to source from #India for other countries as well, since it is facing scrutiny in the #US. #China

https://m.economictimes.com/industry/services/retail/shein-to-re-enter-india-in-partnership-with-reliance-retail/articleshow/100337024.cms?utm_source=whatsapp_pwa&utm_medium=social&utm_campaign=socialsharebuttons",,
,"#Reliance set to bring back #Chinese etailer #Shein to India, two years after the app was banned in #India

Read More Here ğŸ”—: https://newspointapp.com/english-news/publisher-gadgetsnow/top-news/reliance-set-to-bring-back-chinese-etailer-shein-to-india,-two-years-after-the-app-was-banned-in-india/articleshow/14504820a9ba7286430f825374475dc102ecafce?utm_source=twitter.com&utm_medium=social&utm_campaign=np
Lorraine Lamb
@LorraineLamby
Â·
May 19
Natalia Bryant gets in formation while interning for BeyoncÃ© #BeyoncÃ© #NataliaBryant #kobeBryant
https://shein.top/eyv3csf
#sheinuk #uk #sheindiscountcode #shein #sheinmethod #codeforcode #CashRewards #freemoney  #SHEINContest #SheinSteals
ğŸ‡©ğŸ‡´Rosie BombğŸ•
@OneBombRose
Â·
May 19
Replying to 
@CaribbeanRoseee
Girl! Same! I was an xxl now Iâ€™m a medium and donâ€™t know how to actğŸ˜‚ #Shein clothing has given me soo much confidence and I been feeling myself too muchğŸ˜‚ congrats on your weight lossâ¤ï¸",,
,"Blac Chyna rocks an incredibly cool and edgy half-shaved head, leaving everyone completely jaw-dropped #BlacChyna
Let's work together and reap the rewards! ğŸ’¸ğŸ”¥
https://shein.top/bzd5ugi
#sheinus #shein #sheinmethod #codeforcode #CashRewards #freemoney #shein150$ #shein150
Web Newsify
@WNewsify
Â·
May 19
Shein, the world's largest fast fashion retailer, is returning to India after a two-year absence.

#shein #reliance #indianmarket #fashionretailer #relianceindustry #clothes #clothingbrand #india #comeback #webnewsify

https://webnewsify.com/shein-returns-to-india-with-reliance-retail-partnership/
Jen - Boris Walks Alone Art Inc.
@jenarmand1
Â·
May 19
I can see this on brands. #brand #brandnike #SHEIN
Quote Tweet
J.J. Weinberg | NFT.NYC 23 Speaker
@jaygotgame
Â·
May 12
Ads for the future Happy Little Hairdos â˜•ï¸ table ğŸ“• are so ğŸ”¥ I'm going to mint them as #NFTs on #tezos 

2023 is just gettin started & the #FROMO is REAL!  If youâ€™ve been sleeping on the depth of my vision, wake up & smell the coffee! ğŸŒ²ğŸ’ˆğŸŒ²

http://happylittlehairdos.com",,
,"Chinese fashion e-commerce platform #Shein is expected to re-enter #India in a tie-up with #RelianceRetail, according to reports.

Watch the #video to know more.
youtube.com
Shein returns to India, in partnership with Reliance Retail
Chinese fashion e-commerce platform Shein is expected to make a second entry into India and has tied up with Reliance Retail for this, according to a source ...
G Plus
@guwahatiplus
Â·
May 19
Fashion brand #Shein is likely to make a comeback to India after it was banned as part of the Ministry of Home Affairs' crackdown on Chinese apps.
Show this thread
exchange4media group
@e4mtweets
Â·
May 19
Will the popular International brand re-establish its position in the Indian market?

#e4m #RelianceRetail #Shein #India",,
,"Reliance Retail is set to bring Chinese fashion giant Shein to India #RelianceRetail #Chinese #fashiongiant #Shein #India #World #News #Fashionnews
connectgujarat.com
Reliance Retail is set to bring Chinese fashion giant Shein to India
The Centre had banned Shein, one of the worldâ€™s largest fashion retailers, from selling its products in India through its own app
BW Retail World
@BwRetailworld
Â·
May 19
Shein To Make Comeback In India With Reliance Retail
@SHEIN_Official
 #SHEIN #make #India #Retail #RelianceRetail
bwretailworld.businessworld.in
Shein To Make Comeback In India With Reliance Retail
Shein, the Chinese fast fashion giant, will make a return in India via a partnership with Reliance Retail, the subsidiary business entity of Reliance Industries, according to media reports. The...
Sarthak Modi
@sarthakkne02
Â·
May 19
Chinese gaming giant returns as the ban is removed, giving fans a reason to celebrate! ğŸ® Meanwhile, in the retail world, Shein joins forces with Reliance Retail, paving the way for an incredible collaboration! Get ready for a gaming comeback and a retail revolution
#PUBG #shein",,
,"I guess national security matters only when Ambanis and Adanis are not involved in business deals!!ğŸ«¤ğŸ«¤ #shein #sheininindia #sheinisback
gadgetsnow.com
Reliance set to bring back Chinese etailer Shein to India, two years after the app was banned in...
Reliance Retail is reportedly set to bring back Chinese fashion giant Shein to India. According to a report in Economic Times (ET), Reliance Retail will bring Shein, one of the worldâ€™s largest...
Loukia Anastasiou
@l0ukkh
Â·
May 19
Check out Loukia Anastasiou Or's video! #TikTok https://vm.tiktok.com/ZGJ9RoJ3t/?t=2 #shein #sheinhaul  SHEINNNN HAULLLL
tiktok.com
Loukia Anastasiou Or on TikTok
Big shein haul ğŸ¤ª #viral#virall#viralvideos#virale#viralvideo#viraltiktok#foryoupage#page#pageforyou#foryou#foryourpage#fyp#fy#fypã‚·##fypã‚·ã‚šviralcry#tiktok#tik#tok#video#funny#vibes#mood#cyp#cyprus#c...
ET Specials
@ET_Specials
Â·
May 19
Get ready to revamp your style game as Reliance announces the comeback of Shein in India!
https://bit.ly/3oiUIVq

#news #reliance #shein #fashion #india #AI #software #technology #etspecials #economictimes",,
,"The Chinese fashion giantâ€™s #SHEIN platform was banned in India in June 2020 as part of government's ban on dozens of Chinese apps amid border tensions.
businesstoday.in
China's Shein to make a comeback in India, teams up with Reliance Retail: Report
The Chinese fashion giantâ€™s platform was banned in India in June 2020 as part of government's ban on dozens of Chinese apps amid border tensions
ğŸ‘‘Che_à²•à³ƒà²·à³à²£ğŸ‡®ğŸ‡³ğŸ’›â¤ï¸
@ChekrishnaCk
Â·
May 19
Where is the boycott china gang?? When are you boycotting #RelianceRetail 

#Shein
Quote Tweet
BQ Prime
@bqprime
Â·
May 18
Almost three years after getting banned in India, Chinese online fast fashion brand #Shein is re-entering India in partnership with #RelianceRetail. 

https://bqprime.com/business/shein-to-re-enter-india-in-partnership-with-reliance-retail-say-sources
BQ Prime
@bqprime
Â·
May 19
Almost three years after getting banned in India, #Shein is re-entering here in partnership with #RelianceRetail, as per industry sources. 

Shein was one of the apps which was banned by MeitY in June 2020.

Read more: https://bit.ly/3Wpy9v6",,
,"Acupuncture again today ğŸ˜

#addictionrecovery #alcoholrecovery #cute #cutedress #kawaii #shein #romwe #fishnets #thighhighs #necklace #tattoos #redhair #redhead
Business Standard
@bsindia
Â·
May 19
With #Shein re-entering the Indian market, many speculate about what changed for the Chinese retailer to be allowed re-entrance.

Here's why it was banned in the past

Vasudha Mukherjee reports
business-standard.com
Shein is coming back to India. Here's why it was banned in the past
SHEIN India: With Shein re-entering the Indian market, many speculate about what changed for the Chinese retailer to be allowed re-entrance. Here's all you need to know about the company, its ban and...
April Thompson ğŸŒ»ğŸŒˆ
@MsAprilDT
Â·
May 19
Win $150 #WalletCredit! Please accept my #invitation so that I can earn $150 Wallet Credit! #SHEIN
m.shein.com
Win $150 Wallet Credit!
Please accept my invitation so that I can earn $150 Wallet Credit!",,
,"Not just foolish. Incredibly stupid. Loving those accents, mind. #SHEIN
Quote Tweet
TonightVMTV
@TonightVMTV
Â·
May 19
""It makes the government look incredibly foolish""

- @aoifegracemoore reacts to Minister Simon Coveney cutting the ribbon at the opening of Shein's new headquarters in Dublin

#TonightVMTV
0:03 / 0:48
Deepali Prabhu
@Deepali_p
Â·
May 19
Remember the #BoycottChina trend in 2020 when #ModiSarkar had banned some Chinese Apps? Well one of them,Chinese fashion giant #SHEIN to re-enter India through a strategic partnership with Reliance Retail, over two years after the latter's app was banned.
economictimes.indiatimes.com
Reliance Retail is set to bring Chinese fashion giant Shein to India
The Centre had banned Shein, one of the worlds largest fashion retailers, from selling its products in India through its own app over two years back as part of a larger crackdown on Chinese apps...
Tech Master
@Tech_Master18
Â·
May 19
Shein is Reportedly Returning To India.ğŸ‡®ğŸ‡³

It Will Return in Partnership With Reliance.

It Will Also Sell its Products Through Reliance Ajioâ€™s Store. 

#Shein 
ğŸ”— https://financialexpress.com/industry/chinas-shein-to-re-enter-india/3093258/",,
,"In 
@Tahseenconsult
's #MENA+ #tech #policy insight â†˜ï¸#gastoenergy #paymentgateway #FDI #renewableenergy #ratingscut #watersecurity #datacenters #EVs #ONDC #FTA #UK #RBI #POSterminals #Shein #escootersubsidy
tahseen.ae
Daily MENA Tech Policy Insight - May 19th, 2023
Each day, we review the weekâ€™s policies, politics, and power plays, compiling a handpicked selection of the most important developments in MENA+ tech.
Tahseen Consulting
@Tahseenconsult
Â·
May 19
In 
@Tahseenconsult
's #MENA+ #tech #policy insight â†˜ï¸#gastoenergy #paymentgateway #FDI #renewableenergy #ratingscut #watersecurity #datacenters #EVs #ONDC #FTA #UK #RBI #POSterminals #Shein #escootersubsidy
tahseen.ae
Daily MENA Tech Policy Insight - May 19th, 2023
Each day, we review the weekâ€™s policies, politics, and power plays, compiling a handpicked selection of the most important developments in MENA+ tech.
Insider by Finology
@FinologyInsider
Â·
May 19
â¡ï¸Shein Soon to be Back in India!!

Fast fashion brand #SHEIN is planning to re-enter India. #RelianceRetail is partnering with Shein, which was banned in 2020 due to the India-China border situation.
",,
,"Almost three years after getting banned in India, Chinese online fast fashion brand #Shein is set to re-enter. 

Here's the full story..
editorji.com
Shein to make a comeback to India in partnership with Reliance Retail
Shein to make a comeback to India in partnership with Reliance Retail
EcommerceDay
@EcommerceGuruIT
Â·
May 19
SHEIN, ARRIVA IL NUOVO HEADQUARTER IN IRLANDA

#EcommerceGuru #Shein â€â€
ecommerceguru.it
SHEIN, ARRIVA IL NUOVO HEADQUARTER IN IRLANDA - Ecommerce Guru : Il magazine dei professionisti...
SHEIN arriva in Irlanda con una nuova sede EMEA e nuovi progetti per l'area europea e mediorientale nel prossimo futuro.
Shantanu
@shantanub
Â·
May 19
So presumably they are no longer spying for the Chinese because they have Reliance as a partner? Who has given them the clean chit? #Shein
Quote Tweet
BQ Prime
@bqprime
Â·
May 18
Almost three years after getting banned in India, Chinese online fast fashion brand #Shein is re-entering India in partnership with #RelianceRetail. 

https://bqprime.com/business/shein-to-re-enter-india-in-partnership-with-reliance-retail-say-sources",,
,"Shein is expected to make a second entry into India and has tied up with Reliance Retail for this.

@sharleendsouza
 #shein #India #RelianceRetail
business-standard.com
Shein is ready to make its second entry into India with Reliance Retail
The Chinese e-commerce company had first entered the Indian market in 2017
News Bharati
@eNewsBharati
Â·
May 19
#Shein to re-enter India in partnership with Reliance Retail
Show this thread
rana dasIà¦°à¦¾à¦¨à¦¾I
@ranadas44260192
Â·
May 19
Replying to 
@SaoirseAF
It's weird how Gujju uncle Mukesh Ambani can team up with Chinese #SHEIN when India has issues with China. Double standards, man! They fool the public while cozying up to China.",,
,"Why is Gujju uncle Mukesh Ambani allowed to partner with Chinese #SHEIN but another Gujju uncle from Surat had to throw his Flat screen Chinese TV because another Gujju uncle Modi said Ban Chinese Goods? ğŸ¤”
Benzinga India ğŸ‡®ğŸ‡³
@BenzingaIndia
Â·
May 19
Reliance Retail Sets the Stage For Shein's Stylish Comeback In India

#Relianceretail #Shein #Fashionindustry
in.benzinga.com
Reliance Retail Sets Stage For Shein's Stylish Comeback In India
The Indian government had previously banned Shein from selling products in India via its app amid increased border tensions.
Invasset
@invasset_
Â·
May 19
Reliance Industries - #Reliance #Retail is set to bring back Chinese fashion giant #Shein to India through a strategic partnership, more than two years after the latterâ€™s app was banned by the Indian #government.",,
,"Spend $750 With a #SHEIN  Gift Card!
Enter your mobile number now for a chance to win.
ğŸ“· (NZ) #NewZealand 
visit the link in bio 
#Budget #Lakers #TheBalaFamily #TheGovernment
0:02 / 0:21
DY365
@DY365
Â·
May 19
#reliance #shein #india #dy365
Reliance is All Set to Bring Back Shein to India
dy365.in
Reliance is All Set to Bring Back Shein to India
Reliance Retail is all set to bring back the Chinaâ€™s fashion giant Shein to India
kumar Rahul
@rahulsays1
Â·
May 19
#Chinese #online fast fashion brand #Shein to re-enter into #India market in partnership with #relianceretail. The Indian Govt had banned the #app in 2020 after  tension with China escalated on Himalayan borders.
deccanherald.com
Shein to re-enter India in partnership with Reliance Retail
Almost three years after getting banned in India, Chinese online fast fashion brand Shein is re-entering here in partnership with the country's leadi",,
,"Dear Sir 
@PMOIndia

Hope you& your Govt aware #NationalSecurity is important than business interests of Sh 
@_MukeshAmbani
 Sh 
@gautam_adani
 
@reliancegroup
 
@gautam_adani
.

How 
@DrSJaishankar
& 
@DefenceMinIndia
 alow #Shein to re-entering India #RelianceRetail.
bqprime.com
Shein To Re-Enter India In Partnership With Reliance Retail, Say Sources
Shein was one of the apps, which was banned by the Ministry of Electronics and Information Technology in June 2020.
Roopali Srivastava
@RoopaliSriv
Â·
May 19
More on the unsustainable #Shein model - influencer driven, cheap disposable fast fashion brand that churns out carbon-intensive synthetic clothes & promotes wasteful consumption.

Why ape these models when we can 'leapfrog' to clean, sustainable fashion!
time.com
Shein's Massive Popularity Comes at a Huge Cost to Us All
Shein was 2022's most popular fashion brand. It's also a nightmare for workers' rights and the environment.
Show this thread
HOOR
@HOORMANSOUR1991
Â·
May 19
shein coupons code : ema20 expire 21/05 - 20% ğŸ¤ #shein #SHEIN",,
,"Shein, banned by GoI â€œwhich had said that these platforms posed a 'threat to sovereignty and integrity'â€ in 2020 now re-entering India as a #RelianceRetail partner.

Threat or not, #Shein is a deeply problematic brand of cheap disposable #fastfashion that India can do withoutâ€¦!
Quote Tweet
BQ Prime
@bqprime
Â·
May 18
Almost three years after getting banned in India, Chinese online fast fashion brand #Shein is re-entering India in partnership with #RelianceRetail. 

https://bqprime.com/business/shein-to-re-enter-india-in-partnership-with-reliance-retail-say-sources
Show this thread
LatestLY
@latestly
Â·
May 19
Shein, Chinese Online Fast Fashion Brand, To Re-Enter India in Partnership With Reliance Retail After Three Years
@SHEIN_Official


#Shein #relianceretail #ChineseOnlineFashionBrand
latestly.com
Shein, Chinese Online Fast Fashion Brand, To Re-Enter India in Partnership With Reliance Retail...
Shein was one of the apps, which was banned by the Ministry of Electronics and Information Technology in June 2020 after tension with China escalated on the Himalayan borders. Shein, Chinese Online...
afaqs!
@afaqs
Â·
May 19
.
@SHEIN_Official
 is all set to make a comeback in India with a partnership with Reliance Retail.

#shein | #fashion | #apparel | #relianceretail | #marketing | #reliance | #news",,
,"#JustIn | SHEIN is reportedly all set to come back to India via Reliance Retail! All details hereğŸ‘‡ğŸ»

#SHEIN #Shein #SheinClothes #China #Reliance #RelianceRetail #MukeshAmbani #IshaAmbani #RelianceIndustries #RIL #BreakingNews #H&M #Zara #Fashion
outlookindia.com
Ambani's Reliance Retail Prepares To Bring Back Shein In India: Report
Shein, one of the worldâ€™s largest fashion retailers, known for accommodating the needs of changing fashion trends, was banned in India
Samachar Live
@samacharlive
Â·
May 19
Chinaâ€™s Shein teams up with Reliance Retail for comeback in India
https://samacharlive.com/chinas-shein-teams-up-with-reliance-retail-for-comeback-in-india/
#reliance #shein #ajio #China 
@ril_foundation
 
@AJIOLife
 
@_MukeshAmbani
samacharlive.com
China's Shein teams up with Reliance Retail for comeback in India - Samachar Live
The partnership will see Reliance Retail set up offline stores as well as mark its presence online, possibly on the latter's Ajio platform.
Sandeep Ohri | That Strategy Guy
@sandeepohri
Â·
May 19
#Chinese #fashion #ecommerce company, #Shein, is slated re-enter #India... through a partnership with #RelianceRetail! (BS)

#thecuratednews #news #garment #online #app #store #China
",,
,"Shein to re-enter India in partnership with Reliance Retail

#Shein #RelianceRetail #Fashion #Ecommerce
newsdrum.in
Shein to re-enter India in partnership with Reliance Retail
Almost three years after getting banned in India, Chinese online fast fashion brand Shein is re-entering here in partnership with the country's leading retaile...
ET Retail
@ETRetail
Â·
May 19
Reliance set to bring back Shein to India #Reliance #RelianceShein #Shein #Reliance #RelianceTrends #RelianceBrands #Amazon #Zara #RelianceRetail
retail.economictimes.indiatimes.com
Reliance set to bring back Shein to India - ET Retail
Reliance: Shein, which created a niche for new styles and accessible price points, was banned by the Home Ministry in year 2020 as part of Indiaâ€™s crackdown on Chinese apps.
Financial Express
@FinancialXpress
Â·
May 19
One of the worldâ€™s top fashion brands, #Shein, which shut shop in June 2020 in #India, after the #government banned Chinese apps in the aftermath of the clashes at Galwan in #Ladakh, is set to re-enter the country in a tie-up with #RelianceRetail",,
,"I am shocked by the global popularity of #SHEIN. I have seen enough of influencer marketing and I need a rant. Can we please avoid SHEIN until they decide to improve their business ethics? Thereâ€™s no way all those $5 fashion items are safe for you or for the environment.
Economic Times
@EconomicTimes
Â·
May 19
#LeadStoryOnET | #Reliance is set to bring back Chinese #fashion giant #Shein to #India
economictimes.indiatimes.com
Reliance set to bring back Shein to India
Shein, which created a niche for new styles and accessible price points, was banned by the Home Ministry in year 2020 as part of Indias crackdown on Chinese apps.
Business Hub
@Business_uub
Â·
May 19
ğŸ” Uncover Amazon's biggest menace from China! ğŸ˜±ğŸŒ You've probably already heard about it. ğŸ’¥ğŸ’¼ #Shein #Ecommerce #Internet #Shopping #Amazon #FYP
0:03 / 1:09",,
,"Fashion brand #SHEIN is entering India market in collaboration with Reliance Retail. 

Reliance will open offline as well as online avenues for the brand. #IndianEconomy
It's JÃ©ssica
@ItsJessicaYT
Â·
May 19
https://benable.com/JessicaV/shein/details?detail_id=3292682
Use code gentil22 to get 15% off at Shein!
#Shein #TwoPiece #Top #Shorts #Clothing #Fashion #Spring #Summer #Sexy #Woman #Women #Looks #Outfit #Gift #Discount #Sale #Code #DigitalMarketing
It's JÃ©ssica
@ItsJessicaYT
Â·
May 19
https://benable.com/JessicaV/shein/details?detail_id=3133603
Use code gentil22 to get 15% off at Shein 
#Shein #Dress #Clothing #Fashion #Spring #Summer #Sexy #Looks #Outfit #Woman #Women #Gift #Discount #Sale #Code
Kamore Janae
@Mo_2kk
Â·
May 19
Shein ambassador here to help you save some money by stacking discounts! ğŸ«¶ğŸ½ #ad #shein #sheinambassdor #sheincares #ambassdor #discount #discountcode #explorepage #foru #trending2023 #viral #viral2023 #trend
",,
,"Limited offer! This awesome Girl Mama - Sweatshirt for $20.00.. 
https://prettygirlztings.com/products/girl-mama-sweatshirt-pretty-girlz-tings
#SHEIN #petclothing
Loyal Kickz
@loyal_Kickz_304
Â·
May 19
Check out Used Shein Menâ€™s TShirt Fast Shipping https://ebay.com/itm/325635838534?mkcid=16&mkevt=1&mkrid=711-127632-2357-0&ssspo=cs0elMzwQoK&sssrc=2051273&ssuid=cs0elMzwQoK&var=&widget_ver=artemis&media=TW #eBay via 
@eBay
 #shein #ebaycommunity #ebaydeals #ebayfinds
ebay.com
Used Shein Menâ€™s TShirt Fast Shipping
Find many great new & used options and get the best deals for Used Shein Menâ€™s TShirt Fast Shipping at the best online prices at eBay! Free shipping for many products!
CashApp Surprise
@CashAppSurprise
Â·
May 19
Shein Gift cards SHEIN Fashion Frenzy: Win a Stylish Shopping Spree!  2023 â¤ï¸

ğŸ‘‰https://zaap.bio/dailygiftcard

 #shein #sheinhaul #sheincode #sheincodes #sheinid #sheindresses #sheingals #sheinbigsale #sheinhack #sheincupon #sheincouponcode #sheinus #sheinusa #sheinusağŸ‡ºğŸ‡¸
",,
,"Ssooooo #SHEIN IS THE WAY TO SHOP HUH??? I BEEN SLEEPâ€¦GUESS Iâ€™M WOKE NOWğŸ¤¦ğŸ¾â€â™€ï¸ğŸ¥´ğŸ˜¬
Shabori Das
@shabori2688
Â·
May 18
#RelianceRetail plans to bring back #Shein to India. 

Zara posted 40.4% growth in revenue in FY23. 

#fastfashion
wsj.com
WSJ News Exclusive | Shein Makes a Comeback in India, Teams Up with Reliance Retail
With the agreement, Shein is likely to source fabrics from small businesses in India, which could help the company to diversify its supply chain beyond China.
BQ Prime
@bqprime
Â·
May 18
Almost three years after getting banned in India, Chinese online fast fashion brand #Shein is re-entering India in partnership with #RelianceRetail.
bqprime.com
Shein To Re-Enter India In Partnership With Reliance Retail, Say Sources
Shein was one of the apps, which was banned by the Ministry of Electronics and Information Technology in June 2020.",,
,"SHEIN DEVALUED BY A THIRD, RAISES CASH Online fashion giant #Shein raised $2B in its latest #fundraising round that #values them at $66B about a third less than a year earlier, WSJ reported Wednesday,  https://bit.ly/3WcUDzn #devalued #fastfashion #waste #fashionretail  #fashion
reuters.com
Fashion giant Shein raises $2 bln but lowers valuation by a third, WSJ reports
Online fashion giant Shein raised $2 billion in its latest fundraising round that values the company at $66 billion, about a third less than a year earlier, the Wall Street Journal reported on...
la vi(c)tto
@iintoomyg
Â·
May 18
raga chi NON ha shein? #shein
ğŸ’œ Suswati Basu (å·´è‹)
@suswatibasu
Â·
May 18
.
@Nationalworld
's fashion writer 
@Rochelle_Malise
 on the problems of fast #fashion as #SHEIN due to open stores: ""The issue of waste can be another problem laid at the door of fast fashion retailers""
#climate #Sustainability
Quote Tweet
Rochelle Malise Barrand
@Rochelle_Malise
Â·
May 18
If you're a fan of fast #fashion brand #SHEIN, you'll be pleased to know that later this year you'll be able to shop the brand's #clothing in person right here in the #UK ğŸ‘—ğŸ‘ 

@NationalWorld has all you need to know.

https://nationalworld.com/lifestyle/shein-uk-major-online-fast-fashion-brand-is-set-to-open-30-stores-this-year-4148073",,
,"6ev0rd please new code Italy
 #shein
Rochelle Malise Barrand
@Rochelle_Malise
Â·
May 18
If you're a fan of fast #fashion brand #SHEIN, you'll be pleased to know that later this year you'll be able to shop the brand's #clothing in person right here in the #UK ğŸ‘—ğŸ‘ 

@NationalWorld
 has all you need to know.
nationalworld.com
You'll be able to buy SHEIN clothing in-person this year when brand open 30 stores
SHEIN is the latest brand to offer customers both online and in-person shopping options including in the UK - following on from Primark and Sephora
Sophie Elizabeth
@soph_buelizxo
Â·
May 18
Winï¿¡125 Wallet Creditï¼Up to 6 chances to win!Please accept my invitation so that I can earn ï¿¡125 Wallet Credit!
https://shein.top/60e4lbf 

#SHEINcode #shein
m.shein.co.uk
Winï¿¡125 Wallet Creditï¼
Up to 6 chances to win!Please accept my invitation so that I can earn ï¿¡125 Wallet Credit!
",,
,"ğŸ› #SHEIN is the latest brand to offer customers both online and in-person shopping options including in the UK

#Shopping #ClothingBrand
nationalworld.com
You'll be able to buy SHEIN clothing in-person this year when brand open 30 stores
SHEIN is the latest brand to offer customers both online and in-person shopping options including in the UK - following on from Primark and Sephora
Human Rights in Fashion Centre
@Rights_Centre
Â·
May 18
Lawmakers call for investigation of #Chinese fast-#fashion giant 
@SHEIN_Official
 amid forced labour accusations and expectations of an IPO in the US. #Shein #ForcedLabor #IPO
bbc.com
Shein: China fashion giant faces US calls for probe over Uyghur claims
Lawmakers demand an investigation into the Chinese fashion giant's alleged links to forced labour
Flawless Magazine
@flawlessmagazin
Â·
May 18
RT BoF ""The Chinese fast fashion giant #Shein, thatâ€™s now based in Singapore, has raised $2 billion.

This latest funding values the company at $66 billion, well below the $100 billion valuation Shein received a year earlier.

Read more. â€¦ """,,
,"The Chinese fast fashion giant #Shein, thatâ€™s now based in Singapore, has raised $2 billion.

This latest funding values the company at $66 billion, well below the $100 billion valuation Shein received a year earlier.

Read more. https://bit.ly/432aB1a
Tech Tech China
@techtechchina
Â·
May 18
#SHEIN secures new $2Bn funding but lowers valuation by a third to $66Bn. The coâ€™s 2022 revenue was $23Bn, profit $800Mn. Its 2023 growth goalâ€™s set to be 40%.
PRETTY GIRLZ TINGS
@prettygirlzting
Â·
May 18
Limited offer! This awesome Girls Houndstooth Print Gigot Sleeve Fitted Dress for $20.00.. 
https://prettygirlztings.com/products/girls-houndstooth-print-gigot-sleeve-fitted-dress
#SHEIN #petclothing
",,
,"Codice Shein per provare a vincere 100â‚¬:
kjOlzy 
prego!!!! #SHEIN #shein #SHEINContest
Stephen Loynd
@loyndsview
Â·
May 18
""... some existing investors said that the new lower #valuation leaves room for #Sheinâ€™s market value to increase if its long-awaited initial public offering materializes.""

https://wsj.com/articles/fashion-giant-shein-raises-2-billion-but-lowers-valuation-by-a-third-1f8c316b?utm_campaign=%5BTI-AM%5D+The+Informat&utm_content=131&utm_medium=email&utm_source=cio&utm_term=32 #ecommerce
wsj.com
WSJ News Exclusive | Fashion Giant Shein Raises $2 Billion but Lowers Valuation by a Third
Online fashion giant Shein raised $2 billion in its latest fundraising round that values the company at $66 billion, about a third less than a year earlier.
Charlotte Smith
@CharlSmith___
Â·
May 18
What #Shein shoppers can expect from new pop-up stores coming to UK this year
hulldailymail.co.uk
Shein to open pop-up shops in UK - when, where and what fans can expect
The online retailer has become well-known for its super-cheap prices and extensive range of clothing",,