AI Shopping Mall,Nupur Tyagiâ„¢,Nice ,Nice pics 
Jazlovedad,,"Am I think only one who realises that turban enhances the featuresFeatures look sharp in turban , I feel. And ,yes.A nice click sir.",Smartness overload
,,,25% Off on all face care products@themancompany https://couponcenter.in/coupons/the-man-companyâ€¦#couponccode #sale #offers#Trending
Jas Brar,"Replying to @AdnanAliKhan555 @HardeepSAhuja22 and 13 others Yeah
A symbol of dignity
Since ages
Gagandeep Singh
@Gagandeep4821
Â·
May 19
Replying to 
@Jasveer73043812
 
@AdnanAliKhan555
 and 13 others
During golden era, dastar used to be associated with uprightness in Punjab.
CouponCenter.in
@CouponCenterIn
Â·
May 19
25% Off on all face care products  
@themancompany
 
https://couponcenter.in/coupons/the-man-company
#couponccode #sale #offers  #Trending
",Replying to @AdnanAliKhan555 @HardeepSAhuja22 and 13 others,25% Off on all face care products@themancompany https://couponcenter.in/coupons/the-man-companyâ€¦#couponccode #sale #offers#Trending
The Man Company,Replying to @Sattu94967722 @HardeepSAhuja22 and 11 others,"#TheManCompany: Buy 1 Get 2 #Free On Perfumes Add any 3 products , 2 Same/Lower Price product will be FreeApply Code:CKB1G3 https://bit.ly/3pOppm3 + Extra 5% Off On Prepaid OrdersFor more offer links, Join #Telegram Channel: https://bit.ly/3rDQO7F",Replying to @AdnanAliKhan555 @HardeepSAhuja22 and 12 others
CouponCenter.in,,Replying to @AdnanAliKhan555 @PunjabkingsGSS and 10 others,YeahA symbol of dignitySince ages
Jas Brar,Replying to @Gagandeep4821 @AdnanAliKhan555 and 13 others,"During golden era, dastar used to be associated with uprightness in Punjab.",Replying to @Jasveer73043812 @AdnanAliKhan555 and 13 others
,"Looking good.
Jas Brar
@Jasveer73043812
Â·
May 19
Replying to 
@AdnanAliKhan555
 
@HardeepSAhuja22
 and 12 others
Am I think only one who realises that turban enhances the features
Features look sharp in turban , I feel. 
And ,yes.
A nice click sir.
Deejay Aulakh
@aulakhmarjaana
Â·
May 19
Replying to 
@AdnanAliKhan555
 
@HardeepSAhuja22
 and 13 others
Smartness overload",,
,"Donâ€™t go for Chand and all the last word Gulabi Pagg thatâ€™s why I chose
The Man Company
@themancompany
Â·
May 18
Replying to 
@ayushyadav2623
 and 
@dealztrendz
Thank you for notifying us. Please DM us your details so that we could connect with you and resolve the concern on priority.
Mayank Rathod
@mayankrrathod
Â·
May 18
#TheManCompany: Buy 1 Get 2 #Free On Perfumes

 Add any 3 products , 2 Same/Lower Price product will be Free 

 Apply Code  :  CKB1G3 

https://bit.ly/3pOppm3

 + Extra 5% Off On Prepaid Orders  

For more offer links, Join #Telegram Channel: https://bit.ly/3rDQO7F",,
,"TheManCompany Loot  : Buy 1 Get 2 Free On Perfumes

 Add any 3 products , 2 Same/Lower Price product will be Free 

 Apply Code  :  CKB1G3 

https://cutt.ly/L6ZGi9n

 + Extra 5% Off On Prepaid Orders
www.tgdeals.in
@tgdealsofficial
Â·
May 18
TheManCompany : Buy 1 Get 2 Free On Perfumes

Add any 3 products , 2 Same/Lower Price product will be Free

Apply Code : CKB1G3

https://linksredirect.com/?cid=53412&source=linkkit&url=https%3A%2F%2Fwww.themancompany.com%2Fcollections%2Fbhuvan-bam-fragrances

+ Extra 5% Off On Prepaid Orders
themancompany.com
Bhuvan Bam Fragrances
DealBee Deals
@DealBeeOfficial
Â·
May 18
TheManCompany : Buy 1 Get 2 Free On Perfumes

Add any 3 products , 2 Same/Lower Price product will be Free

Apply Code : CKB1G3

https://cutt.ly/n6ZDECR

+ Extra 5% Off On Prepaid Orders
Ayush Yadav
@ayushyadav2623
Â·
May 18
If it's free then why they have a different pricing? Why you fooling  your premium customer  
@themancompany
 ?? 
@dealztrendz",,
,"Still Available

TheManCompany Loot : Buy 1 Get 2 Free On Perfumes

Add any 3 products , 2 Same/Lower Price product will be Free

Apply Code : CKB1G3

Link - https://bit.ly/3MfTlib

+ Extra 5% Off On Prepaid Orders
Beslisha Collections
@beslisha16012
Â·
May 17
Get The Man Company EDP Combo @ Rs 449 Worth Rs 1797 only on BuyKaro!

Shop Now!
https://bit.ly/434th0w

#EDP #combooffer #themancompany
The Man Company
@themancompany
Â·
May 17
Replying to 
@Gagan13060979
Please accept our deepest apologies for the inconvenience caused to you.

As per your conversation with our representative, we hope your concern has been addressed.
",,
,"@themancompany
 I ordered Blanc Body Lotion | Shea Butter (200 ML) but received body wash ...I order 1 body was and 1 body lotion but they dilivered both body wash.
I also attached ordered detail.
Bhuvan bam you also brand ambassador of 
@themancompany

Order no 1737392
13-5-2023
The Man Company
@themancompany
Â·
May 17
Replying to 
@Ravi93022765
Hi Ravi,
Thank you for bringing this to our notice.
We are actively working on the same to sort the concern out for you.
TechGlare Deals
@Tech_glareOffl
Â·
May 16
TheManCompany Loot : 

Buy 1 Get 2 Free On Perfumes

Add any 3 products , 2 Same/Lower Price product will be Free

Apply Code : CKB1G3

https://bit.ly/3IdBbMQ
",,
,"Loot  : TheManCompany : Buy 1 Get 2 Free On Perfumes

 Add any 3 products , 2 Same/Lower Price product will be Free 

Apply Code :  CKB1G3 

https://ern.li/OP/gd4lhqcgq6v

+  Extra 5% Off On Prepaid Orders

Leave a comment
Amazing Deals 360Â°
@Amazingdeals360
Â·
May 16
TheManCompany : Buy 1 Get 2 Free On Perfumes

Add any 3 products , 2 Same/Lower Price product will be Free

Apply Code : CKB1G3

https://bit.ly/41Er62E

+ Extra 5% Off On Prepaid Orders
Affiliate Marketer PAWAN ğŸ‘‘ î¨€
@IamRealChampion
Â·
May 16
#NTRBirthdayCDP
JoinWhatsAppGroup: https://chat.whatsapp.com/BZYRBfGLmkKJw7TyGbnGFo
ğŸ”JoinTelegram@RealShoppingDeals
TheManCompany : BEST : Pack Of 3 Men's Perfumes @ â‚¹749 + Free Shipping.

https://bit.ly/41H1ty9

Use Code : CKB1G3

â˜… Open Above Link > Add Any 3 To Cart > Apply
",,
,"âœ… TheManCompany Loot : Buy 1 Get 2 Free On Perfumes

â˜…Add any 3 products , 2 Same/Lower Price product will be Free

Apply Code : CKB1G3

https://bit.ly/3MtDb6q

â˜… + Extra 5% Off On Prepaid Orders
Deals Kartâœ¨
@DiscountedDeal4
Â·
May 16
TheManCompany Loot : Buy 1 Get 2 Free On Perfumes

Add any 3 products , 2 Same/Lower Price product will be Free

Apply Code : CKB1G3

Link - https://bit.ly/4326uCf

+ Extra 5% Off On Prepaid Orders
Ecomlootdeals
@Ecomlootdeals
Â·
May 16
TheManCompany Loot : Buy 1 Get 2 Free On Perfumes

Add any 3 products , 2 Same/Lower Price product will be Free

Apply Code : CKB1G3

https://bit.ly/3O8I1qW

+ Extra 5% Off On Prepaid Orders
Best Price-Drop Deals ğŸ”¥
@realcashindia
Â·
May 16
TheManCompany Loot : Buy 1 Get 2 Free On Perfumes

Add any 3 products , 2 Same/Lower Price product will be Free

Apply Code : CKB1G3

https://bit.ly/3Ifgb8E

+ Extra 5% Off On Prepaid Orders
themancompany.com
Bhuvan Bam Fragrances
",,
,"TheManCompany Loot : Buy 1 Get 2 Free On Perfumes

Add any 3 products , 2 Same/Lower Price product will be Free

Apply Code : CKB1G3

https://bit.ly/3o5veuJ

+ Extra 5% Off On Prepaid Orders
Dealzie
@Dealzie_Deals
Â·
May 16
TheManCompany : BEST :  Pack Of 3 Men's Perfumes  @ â‚¹749 + Free Shipping.

 https://cutt.ly/b6SsWcm

 Use Code :  CKB1G3

â˜…  Open Above Link > Add Any 3 To Cart > Apply Above Mentioned Coupon Code & Price Will Reduce.
The Man Company
@themancompany
Â·
May 16
Replying to 
@RutvikC56607139
Hi Rutvik,
Kindly accept our heartfelt apologies for the delivery experience you have had. Rest assured your concern will be resolved.
Please DM us your order details so that we could assist you in the best possible manner.
DealBee Deals
@DealBeeOfficial
Â·
May 16
TheManCompany : BEST : Pack Of 3 Men's Perfumes at â‚¹749 + Free Shipping.

https://bit.ly/3O7Ixp8

Use Code : ADMB1G3

â˜… Open Above Link > Add Any 3 Perfumes worth â‚¹749 To Cart > Apply Above Mentioned Coupon Code & Price Will Reduce.
",,
,"I already spoke with your team through telephone and after my more than 1 hour conversation with them will made me to lodge a complaint on consumer affairs
The Man Company
@themancompany
Â·
May 15
Replying to 
@kuwaranaujawan
Hi Obaid,
Kindly accept our deepest apologies for the experience you had with us.
Please DM us your order details so that we could assist you in the best possible manner.
Obaid Bhombal
@kuwaranaujawan
Â·
May 15
@themancompany
 placed an order more than 15 days ago still haven't received my order.
@Bhuvan_Bam
 tumhare kehne pe gye the inke paas 
@hiteshdhingra
 i understand 
@themancompany
 needs to be built
",,
,"Hi Ravi,
We are deeply sorry for the inconvenience that you have faced.
Kindly DM us your order details so that we could assist you in the best possible way.
RAVIROCZZZ
@RAVIROCKZZZ3
Â·
May 15
@themancompany
 
@jagograhakjago
  worst company donâ€™t buy products from them, they donâ€™t have proper team to resolve the issues happening with the products and orders, so I donâ€™t encourage their products to my friends and viewers plzzzz donâ€™t buy products from the man company.
jawdroppingofferz
@jawdroppingoff
Â·
May 14
LOOT 65% OFF : The Man Company Blanc EDT or Men @ 319 + FREE SHIPPINGâš¡ğŸ”¥

ğŸ”—https://bit.ly/41QiRkd

ğŸ’¥The Man Company Night EDP @ 265 + FREE SHIPPING

ğŸ”—https://bit.ly/41CUXbs

Trusted Site + Free Delivery on Everything

#Themancompany
",,
,"Have you ever noticed that your mother knows so much about you, but you not soo much? In the latest episode of #TheGentlemanShow, we dig deep into this topic. 

Watch Here: https://youtube.com/watch?v=Be1-gdL4vVE

#MothersDay #Podcast #TheManCompany #GentlemanInYou #Trending #TopicalDay
Affiliate Marketer PAWAN ğŸ‘‘ î¨€
@IamRealChampion
Â·
May 13
#KarnatakaElectionResults2023
JoinWhatsAppGroup: https://chat.whatsapp.com/BZYRBfGLmkKJw7TyGbnGFo
ğŸ”JoinTelegram@RealShoppingDeals
TheManCompany : Buy 2 Products 30% Off

Use Code : CKGOG

+ Free EDP Night on orders above 999
++ 5% Off on Prepaid Orders

https://bit.ly/3M4mwEO
The Man Company
@themancompany
Â·
May 13
Replying to 
@HarjotS81253446
 and 
@myntra
Please accept our deepest apology for the inconvenience that this has caused you. Kindly DM us your contact and Order details so that we can resolve your concern at the earliest.
",,
,"Do you ever wonder how much you know your mother? They know everything about you, but do you really know them? It's an interesting thought, isn't it?

@TJhumroo
  

#WeNeedToTalk, stay tuned.

#TheManCompany #GentlemanInYou #Podcast #MothersDay
0:03 / 0:27
Harjot Singh
@HarjotS81253446
Â·
May 13
Kindly do not place any order on 
@themancompany
, I was supposed to get the free face wash as a gift with my order through 
@myntra
 and its been 12 days the issue is not resolved. Worst support team 
@themancompany
 
@myntra
 .
www.tgdeals.in
@tgdealsofficial
Â·
May 13
TheManCompany : Buy 2 Products 30% Off

Use Code : CKGOG

+ Free EDP Night on orders above 999
++ 5% Off on Prepaid Orders

https://linksredirect.com/?cid=53412&source=linkkit&url=https%3A%2F%2Fwww.themancompany.com%2Fpages%2Fgog",,
,"TheManCompany : Buy 2 Products 30% Off

Use Code : CKGOG

+ Free EDP Night on orders above 999
++ 5% Off on Prepaid Orders

https://linksredirect.com/?cid=53412&source=linkkit&url=https%3A%2F%2Fwww.themancompany.com%2Fpages%2Fgog
DealBee Deals
@DealBeeOfficial
Â·
May 13
TheManCompany : Buy 2 Products 30% Off

Use Code : CKGOG

+ Free EDP Night on orders above 999
++ 5% Off on Prepaid Orders

https://cutt.ly/x6m1Bxr
deal offer
@Raj11250558
Â·
May 13
#themancompany : Buy 2 Products 30% Off

Use Code : CKGOG

+ Free EDP Night on orders above 999
++ 5% Off on Prepaid Orders
https://bit.ly/459sr4z

#bestdeals #dealoftheday #shoppingonline",,
,"We sincerely apologise for the hassle you have gone through. This is definitely not the standard of our services . Rest assured, our team diligently working to resolve your concern. We request you to dm us your contact details and let us get back to you.
Affiliate Marketer PAWAN ğŸ‘‘ î¨€
@IamRealChampion
Â·
May 12
#MIvsGT
JoinWhatsAppGroup: https://chat.whatsapp.com/BZYRBfGLmkKJw7TyGbnGFo
ğŸ”JoinTelegram@RealShoppingDeals
ğŸ”¥TheManCompany : De - Tan (Face Pack + Face Gel) + Vit C Face Wash + Anti - Pollution Face Wash @ 454

Use Code : CKGOG

â¬Add Products from the below link

ğŸ‘‰https://bit.ly/3VW3JA8
Show this thread
jawdroppingofferz
@jawdroppingoff
Â·
May 12
LOOT 65% OFF : The Man Company Blanc EDT or Men @ 319 + FREE SHIPPING

ğŸ”—https://bit.ly/3pxTQwG

ğŸ’¥The Man Company Night EDP @ 265 + FREE SHIPPING

ğŸ”—https://bit.ly/42NBSob

#Themancompany
",,
,"We sincerely apologize for the inconvenience caused. In progression to our conversation, your order has been escalated. We request you to allow us 2 working days to ensure the delivery of the order.
XDA LOOT OFFICIAL
@LootXda
Â·
May 12
TheManCompany : Face Pack + Face Gel + Vit C Face Wash + Anti - Pollution Face Wash at â‚¹454

Use Code : CKGOG

Add Both from the below 

https://bit.ly/3VV7kP9
themancompany.com
De-Tan Face Pack | Multani Mitti & Liquorice
De - Tan Face Pack Details A gentleman does not care about the sun, but he sure does care about the suntan. The Man Companyâ€™s De-tan Face Pack is formulated with Multani Mitti and Liquorice to give yo
TechGlare Deals
@Tech_glareOffl
Â·
May 12
ğŸ”¥TheManCompany : Face Pack + Face Gel + Vit C Face Wash + Anti - Pollution Face Wash at Rs.454

Use Code : CKGOG

Add Both from the below 

https://bit.ly/3I3EAhg

https://bit.ly/3M1Jvkd
",,
,"ğŸ”¥TheManCompany : De - Tan (Face Pack + Face Gel) + Vit C Face Wash + Anti - Pollution Face Wash @ 454

Use Code : CKGOG

â¬Add Products from the below link

ğŸ‘‰https://bit.ly/3W1jbLE

ğŸ‘‰https://bit.ly/3O4cean

+ Free EDP Night on orders above 999
++ 5% Off on Prepaid Orders
ğŸ·ï¸Offerdasâ„¢ Daily Deals & Loot Offers
@offerdas
Â·
May 12
ğŸ”¥TheManCompany : De - Tan (Face Pack + Face Gel) + Vit C Face Wash + Anti - Pollution Face Wash @ 454

Use Code : CKGOG

â¬Add Products from the below link

ğŸ‘‰https://bit.ly/41BaIQ9

ğŸ‘‰https://bit.ly/42mi9fr

+ Free EDP Night on orders above 999
++ 5% Off on Prepaid Orders
NP
@nikhilmp507
Â·
May 12
@themancompany
 itâ€™s been 20 days since my order & thereâ€™s no sight of you guys delivering it. Pls cancel & refund the money. Iâ€™ve purchased the product from another brand.
",,
,"Please accept our apologies for any inconvenience caused. We request you to DM us the details of your concern and give us a chance to resolve it in the best possible manner.
The Man Company
@themancompany
Â·
May 11
Replying to 
@AshisJain1104
Please accept our sincere apologies for the inconvenience caused. We request you share your order number via dm and allow us to resolve your concern.
AshisJain
@AshisJain1104
Â·
May 11
Ordered this body spray but this feels like it is duplicate and giving such amount and receiving such items is not worth at all.
@themancompany",,
,"Hi Summa,

We apologize for the hassle you have gone through regarding your order. This certainly not kind of experience we intended you to have. Be rest assured, we will positively resolve your concern within first half tomorrow.
Rohit Raj
@Rohitonweb
Â·
May 11
Replying to 
@maddy_summa
 
@themancompany
 and 
@Bhuvan_Bam
Please send me your order id in DM iâ€™ll get it sorted. Thankyou
Summa
@maddy_summa
Â·
May 11
I did DM
But still no response 
@themancompany
 
@Bhuvan_Bam
 
@Rohitonweb
Show this thread
",,
,"We sincerely apologize for the inconvenience caused to you. Please Dm us your order details and let us get back to you.
Summa
@maddy_summa
Â·
May 11
Replying to 
@maddy_summa
 
@themancompany
 and 2 others
What should I do now
Summa
@maddy_summa
Â·
May 11
Replying to 
@themancompany
 
@Bhuvan_Bam
 and 
@Rohitonweb
I got my product in 10 days
And Got the wrong items
Don't know how to return
No one is replying on insta
No numbe is reachable 
No one is replying of mails
This is how u treat with ur customers ,Seriously?
",,
,"Bought this perfume by 
@themancompany
 with 
@CRED_club
 coins. 

Smells nice for now, don't know how it performs after a few hours. Will anyone please tell? 

Got an amazing offer. It's a great app to use for your financial managements and I live it because I design. #cred #offers
Kundan Kr. ğŸ‡®ğŸ‡³
@kundannnnnn
Â·
May 10
Replying to 
@dealztrendz
The one i ordered few week back is still not dispatched ğŸ¥². Very bad service 
@themancompany
 
@tmc_tweet
The Man Company
@themancompany
Â·
May 10
Replying to 
@dr_sheitan
We apologize for the discomfort you have experienced. The feedback of the incident has been shared with the concern team to ensure such errors are not repeated. We have initiated the refund and it will be credited back to your account in the next 5 business days.
",,
,"Please accept our apologies for the inconvenience caused. We are processing the replacement for Blanc Body Lotion | Shea Butter & Niacinamide, you will get an order confirmation email and message within by today end of day.
The Man Company
@themancompany
Â·
May 10
Replying to 
@YashDesul21
We have tried contacting you on a phone call, however the call went unanswered. Please accept our apologies for the unsatisfactory experience with our services. We request you share a convenient time to connect with you.
The Man Company
@themancompany
Â·
May 10
Replying to 
@veercha99574768
Further to our conversation on call, be rest assured the order has been shipped and moving towards your location. Our team is following up to ensure speedy delivery of your order.
",,
,"heManCompany Trimmer 150 min Runtime @ 399

https://cutt.ly/26gvqLQ

More : https://cutt.ly/G6gvwII
Techinfo99
@Techinfo992
Â·
May 10
TheManCompany Trimmer 150 min Runtime @ 399

https://ift.tt/FKUuCVx

More : https://ift.tt/EC5sHAX
The Deals Room
@TweetTheDeals
Â·
May 10
TheManCompany Trimmer 150 min Runtime 
â‚¹399
http://fkrt.it/e0P6kJNNNN

More : http://fkrt.it/e0ZOxMNNNN
TechGlare De",,
,"NOTE : 5% EXTRA OFF ON PREPAID ORDERS

#Themancompany
Show this thread
veer chauhan
@veercha99574768
Â·
May 9
@themancompany
 How long does it take to deliver an order ?! I ordered on 1st May, it isn't even on it's way yet ! very nice service you guys have. order no. 1725436
Flipkart Big billion day Sale 2022
@Vinayfromindia
Â·
May 9
TheManCompany : 2 x EDP Night (50 ml) 
@524
 

Use Code : DEAL2

https://ift.tt/2BE4oDi

Add 2 products and apply code at checkout

Extended for Today

ğŸ‘†ğŸ»
##iPhone13OnFlipkart #INDvsAUS
#rajusrivastava #Thunivu",,
,"@themancompany
 look what I got instead of my order
Lone Wolf
@dr_sheitan
Â·
May 9
Again received your product like this.. suppose I have made the purchase for gifting it to someone. Will this look good? If you guys don't have the product cancel the order rather than sending used products. 
@themancompany
DealBee Deals
@DealBeeOfficial
Â·
May 8
Loot Deal : TheManCompany EDP Night (50 ml) - 2 QTY at â‚¹498 

Add 2 Quantity : https://cutt.ly/U6uJjQJ

Apply Code : DEAL2

Pay Online to get Extra 10% Discount
",,
,"We apologize for the inconvenience caused. Rest assured the concern has been escalated on high priority to ensure the delivery at the earliest possible. We request you to please allow us time to deliver the order.
The Man Company
@themancompany
Â·
May 7
Replying to 
@anup16795154
In light of our phone call conversation, we hope you concern has been addressed appropriately.
AP
@anup16795154
Â·
May 7
Replying to 
@anup16795154
 and 
@themancompany
Hi Team,

Any update would be highly appreciated..",,
,"ğŸ The Man Company Game of Grooming Sale: Buy 2 Get 25% Off

Link: https://whypayfull.in/the-man-company-game-of-grooming-sale/

#themancompany #grooming #mengrooming
ğŸ·ï¸Offerdasâ„¢ Daily Deals & Loot Offers
@offerdas
Â·
May 6
TheManCompany : Buy 2 or more body products & Get extra 30% OFF + Free Perfume worth 1299 on orders above 1299 + 

Code : CKGOG 

MASTERLINK : https://bit.ly/3nAQc4p

Suggestion :
25% Off on Cleansing Trio (Shampoo + Face Scrub + Body Wash) @ 1310
https://bit.ly/44yna68

25%â€¦
Debanshu Roy Jaat
@DebanshuRoy8
Â·
May 6
@themancompany
 i got what I was searching for a long :) .. But d only complaint I had is make it long lasting",,
,"@themancompany
  I have ordered 3 products on 21 April....but these products is not delivered till date..Courier services they have not called me even once and when I call they are saying that we do not have a delivery boy.
The Man Company
@themancompany
Â·
May 6
The #GentlemanInYou only deserves to be served the finest. 

@Bhuvan_Bam
 
@Rohitonweb
 

#TheManCompany #TMC #ScentOfAGentleman #Blanc #PerfumesForMen #BhuvanBam #BB
nazarbattu
@nazarbattu7
Â·
May 6
I placed order for the man company on cred, without asking for adress app placed the order on random adress. Now there is no option for changing the adress. I calld on custmer care of the man company they refuses too. Where to get help on this. Any leads 
@CRED_club
 
@themancompany
",,
,"Hi team..
The situation is still the same, I don't know what the problem is. It is about 20 days and still not getting a single acknowledgement regarding dispatch the item ..
how many days you people take to dispatch an item??
The Man Company
@themancompany
Â·
May 5
Replying to 
@Ravi93022765
Thanks for highlighting the issue to us. In light of our phone call conversation. We hope your concern has been addressed and resolved appropriately.
Saveora - Coupons, Deals & Cashback Website
@saveoraofficial
Â·
May 5
Make up the mood with the Man Company's refreshing products!ğŸ¤©

Buy 2 & Get 25% off + Earn up to 15% Saveora cashback.

#SaveBig #Saveora #cashback #TheManCompany
The Man Company
",,
,"@themancompany
  Truly amazing service from Miss nairuti  from Infinity mall . Really appreciate â˜ºï¸
The Man Company
@themancompany
Â·
May 5
Replying to 
@dr_sheitan
We sincerely apologize for the inconvenience caused. This is certainly not the way we send our products. The issue has been escalated to the concern team to find our the root cause of the problem. Please allow us time till end of the day and our team will reach out to you.
Lone Wolf
@dr_sheitan
Â·
May 4
This is what I have received 
@themancompany
 is this the way to send products?? Never coming back for another purchase
#TheManCompany
",,
,"@themancompany
 sir i placed order on 29th April but till date no confirmation of dispatch.order id- 1721967
The Man Company
@themancompany
Â·
May 4
Replying to 
@anup16795154
Please accept our apologies for the inconvenience caused. We understand the importance of delivering the order in a timely manner. Therefore, we assure you that our team is diligently working to ensure priority delivery of your order.
AP
@anup16795154
Â·
May 4
Replying to 
@themancompany
Yes.. hope they are addressed .
Because it's the 2nd time when your team addressed the issue I don't know when I will get my product I'm still not getting any tracking id.",,
,"Kindly accept our sincere apologies for the inconvenience caused.
as per your telephonic conversation with our representative, we hope your concern has been addressed.
jawdroppingofferz
@jawdroppingoff
Â·
May 4
TheManCompany : Add 2 x Eau De Parfum | Firewood (30 ML) @ 431

Use Code : Deal1

ğŸ”—https://bit.ly/42pKrFk

Note: Add 2 in the cart Â» Apply the code Â» Get free shipping

#TheManCompany #Perfume
AP
@anup16795154
Â·
May 4
@themancompany
 
Hi Team,
I ordered an item on 17th April but still didn't get my order.
Order Id 1705473
Can you people look into what's going on with my order ..",,
,"The worst service I have ever faced 
@themancompany
Show this thread
The Man Company
@themancompany
Â·
May 2
Why do men often feel uncomfortable talking about grooming? How can men overcome social stigma and embrace self-care? In the latest episode of #TheGentlemanShow, we are discussing #grooming and how thereâ€™s more to it than just soaps. 

Tune in now: https://youtube.com/watch?v=jcDWKFN6OX0
The Man Company
@themancompany
Â·
May 2
*Fingers Crossed*

#ViratKohli #GautamGambhir #IPL #TheManCompany #Cricket #GentlemensGame #Cricket #GentlemanInYou #RCB #BCCI #LSG #LucknowSuperGiants #RoyalChallengersBangalore
",,
,"The Man Company is a very good company, which gives priority to the satisfaction of its customers, even in today's time, there is such a company that thinks about the welfare of the customers, I thank The Man Company from the bottom of my heart.
#themancompany 
@themancompany
The Man Company
@themancompany
Â·
May 1
Dear men, do you groom for yourself? Or do you believe in self-care? #WeNeedToTalk, and we will, with Shrawan Chhetri and Ankush Bahuguna. Stay Tuned.

#TheManCompany #GentlemanInYou #TheGentlemanShow #Podcast #Grooming #PersonalGrooming #Groom #SelfCare
0:05 / 0:19
Shub-hmmmm
@Shubham_B7
Â·
May 1
OK 
@themancompany
 accepting job roles for ads too now! ğŸ«¡ğŸ¤£ğŸ¤£ğŸ¤£
0:01 / 0:13
",,
,"@themancompany
 Hey My order marked delivered but I have received any product neither shared any otp, what kind of scam is this?
Likhith | à²²à²¿à²–à²¿à²¤à³ ğŸ‡®ğŸ‡³ ğŸ’›â™¥ï¸
@likhithramesh
Â·
Apr 30
Tried this in Pantaloons, 
@themancompany
 what were you even thinking of when formulating it? 
It's smells like cloth washing detergent bars like Rin, Surf ğŸ¤¦ğŸ»â€â™‚ï¸
Affiliate Marketer PAWAN ğŸ‘‘ î¨€
@IamRealChampion
Â·
Apr 29
#KKRvsGT
JoinWhatsAppGroup: https://chat.whatsapp.com/L1uoY5MlsNiEqINkcY50bD
ğŸ”JoinTelegram@RealShoppingDeals
LOOT TheManCompany : 86% OFF on EDT Paradise at 250. 

Use Code : LOOT

https://bit.ly/41Ncpeg

*EXTRA â‚¹20 Off On Prepaid Orders.",,
,"TheManCompany Loot :  86% Off On EDT Paradise at 250. 

Use Code :  LOOT

 https://bit.ly/3LDIhMS

 *Extra â‚¹20 Off On Prepaid Orders.
Express Deals
@expressdealsin
Â·
Apr 28
LOOT TheManCompany : 86% OFF on EDT Paradise @ 250

Use Code : LOOT

https://ekaro.in/enkr20230428s24548659

ğŸ‘‰ EXTRA â‚¹20 Off On Prepaid Orders

Buy 2 Qnty @ 400 | Buy 3 Qnty @ 610.
.
Shopping Theraphy
@ShopTheraphy
Â·
Apr 28
TheManCompany:  Perfume #Loot ğŸ’¥

86% Off: Eau De Toilette | Paradis, 50 ml

at Rs.250 ğŸ’¥(Effectively)

ğŸŒŸ Apply Code: LOOT

Link: https://bit.ly/41NgKhN
Best Deals in INDIA
@BestDealsinIND
Â·
Apr 28
TheManCompany:  Perfume #Loot ğŸ’¥

86% Off: Eau De Toilette | Paradis, 50 ml

at Rs.250 ğŸ’¥(Effectively)

ğŸŒŸ Apply Code: LOOT

Link: https://bit.ly/41NgKhN
RainkartIndia
@RainkartIndia
Â·
Apr 28
TheManCompany EDT Paradise perfume at Rs.230/- [86% OFF]  ğŸ‘ŒğŸ‘Œ

ğŸ‘‰ Use Code: LOOT 

Link: https://extp.in/B3RdGp

â¡ï¸ EXTRA â‚¹20 Off On Prepaid Orders &  Effective price will be Rs.229/-
themancompany.com
Eau De Parfum For Men | Perfume For Men |The Man Company
Eau De Parfum For Men - Check out reviews and offers to buy the Eau De Parfum for men online. Scintillating fragrance with exotic, sensual and rich notes.
",,
,"ğŸ”¥ #Lootoo TheManCompany : 86% OFF on EDT Paradise @> 250 Use Code : Loot
https://bit.ly/3HivJrG ğŸ‘‰ EXTRA â‚¹20 Off On Pay Online Orders
Show this thread
www.tgdeals.in
@tgdeals_
Â·
Apr 28
Loot : TheManCompany : 86% OFF on EDT Paradise at â‚¹ 250. 

Use Code : LOOT 

https://linksredirect.com/?cid=53412&source=linkkit&url=https%3A%2F%2Fwww.themancompany.com%2Fproducts%2Fedt-paradise

EXTRA â‚¹20 Off On Prepaid Ordeâ‚¹
themancompany.com
Eau De Toilette | Paradise (50 ML)
EDT Paradise Details: Just one spritz of the Eau De Toilette Paradise by The Man Company will take you right in the lush, tropical landscapes that are beyond your wildest dreams. Allow the top notes
DealBee Deals
@DealBeeOfficial
Â·
Apr 28
Loot : TheManCompany : 86% OFF on EDT Paradise at â‚¹ 250. 

Use Code : LOOT 

https://cutt.ly/M5UTQHg

EXTRA â‚¹20 Off On Prepaid Ordeâ‚¹
",,
,"Loot : TheManCompany : 86% OFF on EDT Paradise at 250. Use Code : LOOT
https://tinyurl.com/25j8lo9s EXTRA â‚¹20 Off On Prepaid Orders.
DealsHubIndia
@DealsHub_India
Â·
Apr 28
ğŸ”¥ LOOT TheManCompany : 86% OFF on EDT Paradise @ 250 Use Code : LOOT
https://tinyurl.com/287kwpxm ğŸ‘‰ EXTRA â‚¹20 Off On Prepaid Orders
XDA LOOT OFFICIAL
@LootXda
Â·
Apr 28
LOOT TheManCompany : 86% OFF on EDT Paradise at â‚¹250

Use Code : LOOT

EXTRA â‚¹20 Off On Prepaid Orders",,
,"Please accept our heartfelt apologies for the inconvenience caused. 
As per your telephonic conversation with our representative, we hope your concern has been addressed.
Beslisha Collections
@beslisha16012
Â·
Apr 27
Buy 1 Get 1 Free On All Fragrances only on The Man Company
Use Code: CKBOGO

Shop Now!
https://bit.ly/3Njyn4i

#fragrances #themancompany #ShopNow #Buy1Get1Free #shoponline #eaudeperfume #eaudeparfum #eaudetoilette #parfum #parfumoriginal #BelishaCollection #supermarket #Superma
jawdroppingofferz
@jawdroppingoff
Â·
Apr 27
ğŸ”¥The Man Company : Buy 1 Get 1 on all Fragrances

Use Code : CKBOGO

ğŸ”—https://bit.ly/41UVrKY

Add 2 products to the cart and apply code at checkout

#TheManCompany #fragrances
",,
,"Hi there, as per your phone conversation with our representative, we hope that your concern has been resolved.
The Man Company
@themancompany
Â·
Apr 27
Replying to 
@sachinrdev
Thanks for sharing the details. Our team will get in touch with you shortly.
jawdroppingofferz
@jawdroppingoff
Â·
Apr 26
#Loot ğŸ’¥
65% The Man Company : Tranquil Eau De Parfum @ 269ğŸ”¥âš¡

ğŸ”—https://bit.ly/3LaJda5

PC : AMZ , FKRT @ 433

#TheManCompany #Tranquil #Perfume #Mensfashion
",,
,"Please accept our sincere apologies for the inconvenience caused.
Kindly DM your order details so that we could assist you in the best possible way.
Debarghya Das
@Debarghya7_1_2
Â·
Apr 26
Grab upto extra 20% off on all products of THE MAN COMPANY through this link . Hurry Up!!
Link - https://ekaro.in/enkr20230426s24411072
#onlinestore #onlineshop #themancompany #FinalBBB23
Affiliate Marketer PAWAN ğŸ‘‘ î¨€
@IamRealChampion
Â·
Apr 25
#Reality_Of_RadhaSoami_Panth
JoinWhatsAppGroup: https://chat.whatsapp.com/L1uoY5MlsNiEqINkcY50bD
ğŸ”JoinTelegram@MeeshoShoppingDeals
TheManCompany : 65% OFF on EDT Triumph 50ml @ 355

Use Code : CKTMC3

https://bit.ly/40Gjc8e

PC : Amz @ 494
",,
,"Kindly accept our deepest apologies for the inconvenience caused.
As per your telephonic conversation with our representative, we hope your concern has been addressed.
DealsBEE
@deals_bee
Â·
Apr 25
TheManCompany : 

EDT Triumph 50ml at Rs.355

Use Code : CKTMC3

https://ift.tt/2DiQEg3
XDA LOOT OFFICIAL
@LootXda
Â·
Apr 25
TheManCompany : 

EDT Triumph 50ml at â‚¹355

Use Code : CKTMC3
themancompany.com
Eau De Toilette | Triumph (50ml)
Eau De Toilette Triumph Details: We'll put you in the spirit to seize all your day outings. Triumph is an earthy & warm masculine scent that is invigorating and energising. The top note of Berga
",,
,"TheManCompany : 

EDT Triumph 50ml at Rs.355

Use Code : CKTMC3

https://bit.ly/3At5084
Priyanka singh
@Priyankasing789
Â·
Apr 25
Replying to 
@kuppudira
 
@FukraInsaan
 and 
@gajodharsingh69
I even got the same Man company products ğŸ˜‚.   I think it's a 
@themancompany
 based company ğŸ¤·
ShankDeals
@ShankDeals247
Â·
Apr 25
TheManCompany : 65% OFF on EDT Triumph 50ml @ 355

Use Code : CKTMC3

https://ekaro.in/enkr20230425s24373120

PC : Amz @ 494",,
,"@themancompany
 
Order will be shipped by none and delivered by none.

P.S I know it will be delivered as I understand whatsapp integration. 

#funny #whatsapp #ecommerce
Affiliate Marketer PAWAN ğŸ‘‘ î¨€
@IamRealChampion
Â·
Apr 24
#à¤¦à¥‡à¤¶_à¤ªà¤¹à¤²à¤µà¤¾à¤¨à¥‹à¤‚_à¤•à¥‡_à¤¸à¤¾à¤¥_à¤¹à¥ˆ
JoinWhatsAppGroup: https://chat.whatsapp.com/L1uoY5MlsNiEqINkcY50bD
ğŸ”JoinTelegram@MeeshoShoppingDeals
ğŸ“›TheManCompany : EDT Triumph 50ml @ 355

Use Code : CKTMC3

https://bit.ly/41zkBim

PC : Myntra @ Rs.494
Affiliate Marketer PAWAN ğŸ‘‘ î¨€
@IamRealChampion
Â·
Apr 24
#à¤¦à¥‡à¤¶_à¤ªà¤¹à¤²à¤µà¤¾à¤¨à¥‹à¤‚_à¤•à¥‡_à¤¸à¤¾à¤¥_à¤¹à¥ˆ
JoinWhatsAppGroup: https://chat.whatsapp.com/L1uoY5MlsNiEqINkcY50bD
ğŸ”JoinTelegram@MeeshoShoppingDeals
ğŸ”¥TheManCompany : EDP Talc 30ml @ 230

Use Code : FLASH5

Extra â‚¹20 Off on Prepaid Orders

https://bit.ly/43VqoQP

PC : Amz @ 339",,
,"JoinWhatsAppGroup: https://chat.whatsapp.com/L1uoY5MlsNiEqINkcY50bD
ğŸ”JoinTelegram@MeeshoShoppingDeals
ğŸ”¥TheManCompany : EDT Triumph 50ml @ 355

Use Code : CKTMC3

https://bit.ly/3N2oCr8

PC : Myntra @ 494
Woo Daily Deals
@WooDailyDeals
Â·
Apr 24
ğŸŒŸTheManCompany : EDT Triumph 50ml@ 355

âœ…Use Code : CKTMC3

ğŸ”—https://cutt.ly/H5jRNrv

PC : Myntra@ 494

EDP Talc 30ml@ 230

Use Code : FLASH5

Extra Rs.20 Off on Prepaid Orders

ğŸ”—https://cutt.ly/G5jRNfO

âœ…PC : Other Sites@ 339
Trends and Deals (Deals 24*7)
@TrendzAndDeals
Â·
Apr 24
ğŸ”¥TheManCompany : EDP Talc 30ml @ 230

Use Code : FLASH5

Extra â‚¹20 Off on Prepaid Orders

https://bit.ly/3L5dY0h

PC : Amz @ 339",,
,"TheManCompany : EDT Triumph 50ml at â‚¹355

Use Code : CKTMC3

https://linksredirect.com/?cid=53412&source=linkkit&url=https%3A%2F%2Fwww.themancompany.com%2Fproducts%2Feau-de-toilette-triumph-50ml

PC : Myntraat â‚¹ 494

EDP Talc 30ml  at â‚¹230

Use Code : FLASH5

Extra â‚¹20 Off on Prepaid Orders

https://linksredirect.com/?cid=53412&source=linkkit&url=https%3A%2F%2Fwww.themancompany.com%2Fproducts%2Feau-de-parfum-talc

PC : Other Sites at â‚¹339
themancompany.com
Eau De Parfum | Talc (30 ML)
Eau de parfum | Talc (30 ml) Details:  If the essence of calm could be perfected and presented to you in a vial, it would smell like this. Talc is an exclusively chosen and artistically crafted fr
DealBee Deals
@DealBeeOfficial
Â·
Apr 24
TheManCompany : EDT Triumph 50ml at â‚¹355

Use Code : CKTMC3

https://cutt.ly/x5jdocB

PC : Myntraat â‚¹ 494

EDP Talc 30ml  at â‚¹230

Use Code : FLASH5

Extra â‚¹20 Off on Prepaid Orders

https://cutt.ly/j5jdpyB

PC : Other Sites at â‚¹339
www.tgdeals.in
@tgdealsofficial
Â·
Apr 24
TheManCompany : EDT Triumph 50ml at â‚¹355

Use Code : CKTMC3

https://linksredirect.com/?cid=53412&source=linkkit&url=https%3A%2F%2Fwww.themancompany.com%2Fproducts%2Feau-de-toilette-triumph-50ml

PC : Myntraat â‚¹ 494

EDP Talc 30ml  at â‚¹230

Use Code : FLASH5

Extra â‚¹20 Off on Prepaid Orders

https://bit.ly/3ouMskW

PC : Other Sites at â‚¹339
themancompany.com
Eau De Parfum | Talc (30 ML)
Eau de parfum | Talc (30 ml) Details:  If the essence of calm could be perfected and presented to you in a vial,",,
,"Hi,
We are deeply sorry for the experience you have had.
As per your telephonic conversation with our representative, we hope your concern has been addressed.
The Man Company
@themancompany
Â·
Apr 24
Replying to 
@ayush_jain28
Hi,
Please accept our sincere apologies for the inconvenience caused.
As per your telephonic conversation with our representative, we hope your concern has been addressed.
The Man Company
@themancompany
Â·
Apr 22
Replying to 
@kedarmehendale
Hi Kedar,
We are deeply sorry for the inconvenience you have faced.
As per your telephonic conversation with our representative, we hope your concern has been addressed.",,
,"@themancompany
 guys what stupidity is happening at your end? My 1st order is supposedly lost by the courier post it reaching the final destination at Mumbai. Now my 2nd order is also messed up. Got some shitty 2 small deos which I hadnâ€™t ordered. This is my order & got this
Affiliate Marketer PAWAN ğŸ‘‘ î¨€
@IamRealChampion
Â·
Apr 21
#CSKvSRH
JoinWhatsAppGroup: https://chat.whatsapp.com/L1uoY5MlsNiEqINkcY50bD
ğŸ”JoinTelegram@RealShoppingDeals
Flash Sale : TheManCompany EDP - Intense, 100 ml @ 410.

â˜… Apply Code : FLASH4

Link : https://bit.ly/43RyRV5

*Extra Discount on Prepaid Orders
Kamalraj Singh ğŸ•‰ï¸ğŸ‡®ğŸ‡³
@Okr079
Â·
Apr 21
Replying to 
@themancompany
What Can I order something is not available, most of the products are out of stock, since last 1 month",,
,"Hi Kamalraj,
We are deeply sorry for the experience you have faced.
Kindly DM us your order details and contact so that we could assist you in the best possible way
Kamalraj Singh ğŸ•‰ï¸ğŸ‡®ğŸ‡³
@Okr079
Â·
Apr 21
@themancompany
 Rubbish service, more than half of the products are out of stock since 1 month, Neither mist nor cream is available, Unusable, shoddy, no fast delivery, 20 20 day estimated delivery time
The Man Company
@themancompany
Â·
Apr 21
Replying to 
@PratyushSeth6
 
@help_delhivery
 and 2 others
Hi Pratyush,
Kindly accept our deepest apologies for the inconvenience caused.

As per your telephone conversation with our representative, we hope your concern has been addressed.",,
,"Please accept our humble apologies. Customer experience being our first priority, we are always on our toes to satisfy our customers with our products and services. We have replied to your dm.
The Man Company
@themancompany
Â·
Apr 20
In a faraway land of AI, we found lookalikes of the beloved gentlemen from #TheManCompany. 

Can you guess who they are?

#GentlemanInYou #lookalike #AI #AIArt #artificialintelligence #artificialintelligenceart #trending #midjourney #midjourneyart #midjourneyai #discord
shivam awasthi
@shivamawasthi3
Â·
Apr 20
@themancompany
 I literally loved this perfume soo much but it got discountinued,someone from fragrance community to ask the company if any bottle is still available in stock with them so that i can buy it as a backup one.. kindly reply to a loyal customer",,
,"Hi Piyush,

We are disheartened to see you go through such an experience.
Regarding your concern our team tried to get in touch with you over call, however, the same went unanswered.

Therefore, we request you to kindly DM us an alternate number or a preferred time to connect.
The Man Company
@themancompany
Â·
Apr 20
Replying to 
@piyush021pk
Hi Piyush,
Kindly accept our sincere apologies for the experience.
Regarding your concern our team tried to get in touch with you over call, however, the same went unanswered.

Therefore, we request you to kindly DM us an alternate number or a preferred time to connect.
The Man Company
@themancompany
Â·
Apr 20
Replying to 
@piyush021pk
Hi Piyush,

We are deeply sorry for the inconvenience that you have faced.
Regarding your concern our team tried to get in touch with you over call, however, the same went unanswered.

Therefore, we request you to kindly DM us an alternate number or a preferred time to connect.",,
,"Get EDP Rouge (50 ml) @ Rs 354 Worth Rs 899 only on The Man Company
Use Code: CKTMC1
Shop Now!
https://bit.ly/3LmhMM1

#EDP #EDPRouge #TheManCompany #ShopNow #eaudetoilette #travel #travelagency #BelishaCollection #supermarket #Fashion
#affordablefashion #SupermarketStyle #Fashi
The Man Company
@themancompany
Â·
Apr 18
Udta Punjab to new heights! Making every Indian proud. ğŸ‡®ğŸ‡³

@diljitdosanjh
 

#diljitdosanjh #coachella #momentmarketing  #TheManCompany #GentlemanInYou #proud #Topical
Aditya Sharma
@aadii0911
Â·
Apr 18
#AppreciationTweet

One of my finest but from 
@themancompany
 !!

The Caffeine Beard Serum is superb ğŸ¤¯ğŸ’¥
Lip balm is also great ğŸ’¯

#GentlemanInYou #TheManCompany
",,
,"I had ordered some item from Nykaa Man  which came wrong, now Nykaa is not returning that item. 
@consumerforum_
 
@themancompany
Nykaa Man
The Man Company
@themancompany
Â·
Apr 17
Replying to 
@_sohum_gutgutia
Hi Sohum,
We are deeply sorry for the difficulties faced in connecting with us.
As per your telephone conversation with our representative, we hope your concern is addressed.
The Man Company
@themancompany
Â·
Apr 17
Replying to 
@Abhishe57426485
Hi Abhishek,
As per your telephone conversation with our representative, we hope your concern has been addressed.
",,
,"My register no is 9462525957
Email :  abi8055ji@gmail.com
Order no: 1705047
The Man Company
@themancompany
Â·
Apr 17
Replying to 
@Abhishe57426485
Hi Abhishek,
Kindly accept our sincere apologies for the inconvenience that you have faced.
Please DM us your order details so that we could assist you in the best possible manner.
The Man Company
@themancompany
Â·
Apr 17
Replying to 
@Abhishe57426485
Hi Abhishek,
We are deeply sorry for the experience you have had with us.
We are here to assist you regarding any issue that you are facing with your order.
Kindly DM us your order details so that we could resolve your concern on priority.",,
,"It's a frad company dude
Abhishek
@Abhishe57426485
Â·
Apr 17
@themancompany
 
There is no Costmer support no product cancell option complete fraud company
#themancompany #grooming #style #men #fashionstyle #fashion
Abhishek
@Abhishe57426485
Â·
Apr 17
Dear 
@Bhuvan_Bam
 
Don't be the part of 
@themancompany
 fraud
This is complete fraud company no Costner support no product delevery no product cancellation
Plz don't order from this app it's completely fraud
",,
,"The Man Company Offer 

ğŸ’¥ Weekend Groomanza Special ğŸ’¥

Buy 2 & Get 1 FREE on all products.

Use Code: B2G1

Link: https://bit.ly/3ogp22O

Last Day of Buy 2 Get 1 FREE ğŸƒ

#TheManCompany #Mensfashion
Free Loot deals
@ViralOfferIndia
Â·
Apr 16
ğŸ“£ Products From mamaEarth, AXE, TheManCompany Etc Available FREE
Show this thread
The Man Company
@themancompany
Â·
Apr 15
Replying to 
@kedarmehendale
 
@delhivery
 and 
@help_delhivery
Hi Kedar,
We are deeply sorry for the experience you had.

As per your telephonic conversation with our representative, we hope your concern is addressed.
",,
,"Hi There,
We request you not to worry. We are here to assist you regarding the delivery.

Kindly DM us your order details so that we could proceed.
K
@kedarmehendale
Â·
Apr 15
@themancompany
 
@delhivery
 
@help_delhivery
 pls get in touch with me ASAP. ON PRIORITY
Show this thread
K
@kedarmehendale
Â·
Apr 15
@themancompany
 my shipment has reached the final sorting center in Mumbai at 7 am via 
@delhivery
 
@help_delhivery
. Itâ€™s now coming to 12 hours and I still havenâ€™t received my shipment. There is no way to get in touch with the courier company. I donâ€™t  understand why itâ€™s used.
",,
,"
The Man Company
@themancompany
Â·
Apr 15
Replying to 
@thesameerkhanna
Hi Sameer,
Thank you for sharing your details.
Our team will connect with you shortly.
Affiliate Marketer PAWAN ğŸ‘‘ î¨€
@IamRealChampion
Â·
Apr 14
Follow this link to join my WhatsApp group: https://chat.whatsapp.com/L1uoY5MlsNiEqINkcY50bD
ğŸ”JoinTelegram@RealShoppingDeals
TheManCompany : 65% OFF on EDP Joy 60ml @ 

Use Code : FLASH2

https://bit.ly/3zZh80i

PC : Amz @ 433
Dealzie
@Dealzie_Deals
Â·
Apr 14
Flash Sale : TheManCompany Eau De Parfum - Joy, 60 ml @ 282.

â˜… Apply Code : FLASH2

Link : https://cutt.ly/T7JRDtk",,
,"Having a premium grooming regime that even women cannot stop asking about.
 #BikeWaliTaxiSabseSaxi
Deals Kartâœ¨
@DiscountedDeal4
Â·
Apr 14
TheManCompany : 65% OFF on EDP Joy 60ml At Rs.302

Use Code : FLASH2

Buy - https://ern.li/OP/ecjlgg9l7ly

PC : Amzon Selling @ 433/-
Trends and Deals (Deals 24*7)
@TrendzAndDeals
Â·
Apr 14
TheManCompany : 65% OFF on EDP Joy 60ml @ 

Use Code : FLASH2

https://bit.ly/43rRdfn

PC : Amz @ 433
",,
,"TheManCompany : 65% OFF on EDP Joy 60ml @ ğŸ’¥ğŸ”¥

Use Code : FLASH2

https://bit.ly/43vLpkK

PC : Amz @ 433

#TheManCompany #Perfume
ğŸ·ï¸Offerdasâ„¢ Daily Deals & Loot Offers
@offerdas
Â·
Apr 14
TheManCompany : 65% OFF on EDP Joy 60ml @ 

Use Code : FLASH2

https://bit.ly/41qapbf

PC : Amz @ 433
Woo Daily Deals
@WooDailyDeals
Â·
Apr 14
TheManCompany : 65% OFF on EDP Joy 60ml @ 

Use Code : FLASH2

https://cutt.ly/b7HAh53

PC : Amz @ 433
",,
,"TheManCompany : 65% OFF on EDP Joy 60ml @ 

Use Code : FLASH2

https://bit.ly/408IBr3

PC : Amz @ 433
Rajgopal Singhal
@rajgopalsinghal
Â·
Apr 13
@CheQ_One
 I redeemed 
@dominos_india
 1000rs voucher and received 
@themancompany
 voucher. Please rectify this issue
Amaz Shop Zone
@amaz_shop
Â·
Apr 13
#TheManCompany #AmazonDeals #DealoftheDay 
The Man Company Charcoal Grooming Kit with Body Wash, Shampoo, Face Scrub, Face Wash, Cleansing Gel, Solid Soap Bar | Combo Gift Set for Husband, Boyfriend - Set of 6

BUY NOW - https://amzn.to/3KYkmYm

Deal of the Day
-33% â‚¹1,805",,
,"We are deeply sorry for the experience you have had with us. 
Rest assured your concern will be resolved!
Kindly DM us your email id and contact number so that we could get you connected to the concerned team.
The Man Company
@themancompany
Â·
Apr 11
Do you think #Consent & #FemalePleasure is significant? If not, #WeNeedToTalk. Watch Ankush Bahuguna, Sukriti and Harshita Gupta take a deep dive into consent in the latest episode of #TheGentlemanShow

Watch Here: https://youtube.com/watch?v=TRAfUDbe-QA

#Podcast #TheManCompany #GentlemanInYou
The Man Company
@themancompany
Â·
Apr 11
Watch Ankush Bahuguna, Sukriti and Harshita Gupta delve into the importance of sexual consent in the latest episode of The Gentleman Show. Stay Tuned.

#TheManCompany #GentlemanInYou #Podcast #TheGentlemanShow #WeNeedToTalk #Consent #Pleasure #FemalePleasure #SexualConsent
",,
,"Hi 
@kishan_kks_
,
We are deeply sorry for the inconvenience caused.
Kindly DM us your order details so that we could assist you in the best possible way.
Kishan kumar sahu
@kishan_kks_
Â·
Apr 11
Replying to 
@themancompany
 and 
@Bhuvan_Bam
The man company perfume totally waste of money ğŸ˜”ğŸ˜­ plz do not buy ğŸ™ğŸ».. i wnt to return perfume but there is no any response.. plz return my money ğŸ’°ğŸ˜­
Adi Raj
@AdiRaj_CMA
Â·
Apr 10
Received after 10 days delay, but i find a coincidence products were manufactured in March 2023 and I placed order in the same month, and reason for delay  youmentioned was supply chain or you manufactured product after the orders with the money we paid. # shame #themancompany
Quote Tweet
The Man Company
@themancompany
Â·
Apr 8
Replying to @AdiRaj_CMA
Hi there, please accept our deepest apology for the inconvenience that this has caused you. Kindly DM us your contact details with us, so that we may resolve your concern at the earliest.",,
,"How vital is HER pleasure for you? #WeNeedToTalk about this, and we will, with Sukriti, Harshita Gupta and Ankush Bahuguna. Stay Tuned.

#Podcast #TheGentlemanShow #TheManCompany #Pleasure #Consent #GentlemanInYou
0:10 / 0:32
The Man Company
@themancompany
Â·
Apr 10
Replying to 
@kunal2588
 
@hiteshdhingra
 and 
@jagograhakjago
Hi 
@kunal2588
,
Please accept our heartfelt apologies for the experience!
As per your conversation with our representative, we hope your concern is addressed.
The Man Company
@themancompany
Â·
Apr 10
Replying to 
@Nikhil38288446
 and 
@GetSmytten
Hi 
@Nikhil38288446
,
We are disheartened to find out about the inconvenience you had to go through.
Kindly DM us your contact details with us and we will be assisting you in the best possible way.
The Man Company
@th",,
,"Hi 
@Aayushj62700775
, 
We are deeply sorry for the experience you had with us as we wished the same to be sealmess! 
Please DM your order details so that we could assist you in the best possible manner.
Sasi
@ThisIzSasi
Â·
Apr 10
@themancompany
 are you out of stock? . I have ordered 10 days back but there is no update on it. Best part of it is, I can't contact anyone regarding it using the app
Kunal Mamgain
@kunal2588
Â·
Apr 9
Order placed on 25/3/23. Despite multiple emails exchanges, still nothing delivered. Absolutely shitty experience 
@themancompany
 
@hiteshdhingra
  
@jagograhakjago
  #customerexperience
",,
,"Why the hell there are no updates on my order.
Adi Raj
@AdiRaj_CMA
Â·
Apr 9
Around half a dozen mails are being sent regarding the late delivery, no reply was received. Now you are asking about the details. Kindly go through the mails we send regarding inquiry.  Take care of your customers, but don't pretend as if you do #shame #themancompany
Quote Tweet
The Man Company
@themancompany
Â·
Apr 8
Replying to @AdiRaj_CMA
Hi there, please accept our deepest apology for the inconvenience that this has caused you. Kindly DM us your contact details with us, so that we may resolve your concern at the earliest.
Pinak
@pinak_nubs
Â·
Apr 9
@themancompany
 ordered products on 3rd but your system shows I order on 6th and will be delivered on 10th. Also some doggy link to track my order. I don't think I will be ordering again. 1690393.
",,
,"Hi there, as per your word with our representative, we hope that the concern has been addressed.
The Man Company
@themancompany
Â·
Apr 8
Replying to 
@Gaurav17346756
Hi there, as per your word with our representative, we hope that the concern has been addressed.
The Man Company
@themancompany
Â·
Apr 8
Replying to 
@AdiRaj_CMA
Hi there, please accept our deepest apology for the inconvenience that this has caused you. Kindly DM us your contact details with us, so that we may resolve your concern at the earliest.",,
,"Yes. Thanks for prompt response & resolution.
Ali Asad
@AliAsad86819544
Â·
Apr 8
Order was placed on 03.04.2023 and the same is yet to be dispatched towards destination. Order ID is 168965.
@themancompany
Gaurav
@Gaurav17346756
Â·
Apr 8
Replying to 
@themancompany
Iam very disappointed with yours services now i feeling  frustrated ..an thinking where iam stucked..not expected from your company",,
,"
Adi Raj
@AdiRaj_CMA
Â·
Apr 8
@themancompany
 Recently I have ordered a product from your company on 28th of March 2023 to gift it for yhe birthday. Whereas while ordering it was mentioned that my order will be delivered on 30th of March 2023. i hope it will delivered before this year end.
The Man Company
@themancompany
Â·
Apr 8
Replying to 
@krishanu_neogy
Hi Krishanu, we tried contacting you but the line was busy. Kindly DM us a suitable time to reach out to you, to assist you better.
The Man Company
@themancompany
Â·
Apr 8
Replying to 
@krishanu_neogy
Hi Krishanu, we tried contacting you but the line was busy. Kindly DM us a suitable time to reach out to you, to assist you better.",,
,"
The Man Company
@themancompany
Â·
Apr 8
Replying to 
@niraj0710
Hi Neeraj, as per your phone conversation with our representative, we hope that the concern has been resolved.
Krishanu Neogy
@krishanu_neogy
Â·
Apr 8
@themancompany
 ordered on your app and received two less. No response after giving feedback
Niraj Kumar
@niraj0710
Â·
Apr 7
@themancompany
 CourierDelhivery
Tracking ID4209812067774
Order ID1678491
Last UpdateReturned on 7th Apr, 10:14am

Nor attempted neither delivered. Might be mishandled by courier company.

Seeking help from 
@themancompany
",,
,"Hi there, please accept our deepest apology for the inconvenience that this has caused you. Further, kindly DM us your contact details so that we may resolve your concern at the earliest.
DukaanÂ®
@mydukaanapp
Â·
Apr 6
Ayushmann Khurrana, as an investor and brand ambassador for 
@themancompany
, empowers men with premium personal care products for a confident and stylish look. ğŸ’¼ğŸ§”âœ¨
Show this thread
The Man Company
@themancompany
Â·
Apr 6
Replying to 
@Gauravv_Giri
Thank you for your review. You have put a big smile on our faces. Happy Shopping! â¤ï¸â¤ï¸
",,
,"
The Man Company
@themancompany
Â·
Apr 6
Replying to 
@enx_avs
Hi Avijeet, we tried contacting you again, but the call went unanswered. Kindly confirm a suitable time to reach out to you, and resolve your concern on a priority.
Gaurav Giri
@Gauravv_Giri
Â·
Apr 6
@themancompany
 Amazing products and customer experience. Pricing and the quality is superbly fantastic.
#LightningLipBalm #LightningLipScrub
#themancompany
A
@enx_avs
Â·
Apr 6
Replying to 
@themancompany
I haven't received any call. Please stop bullshitting.
",,
,"
The Man Company
@themancompany
Â·
Apr 6
Replying to 
@enx_avs
Hi Avijeet, we tried reaching out to you, but the call went unanswered. Kindly DM us a suitable time, to reach out to you, to resolve your concern at the earliest.
A
@enx_avs
Â·
Apr 6
. 
@themancompany
 there's been no updates regarding my Order number 1687068
Nitesh Ramrakhyani
@niteshrakhyani
Â·
Apr 5
Replying to 
@niteshrakhyani
 
@in_finiteee
 and 
@CheQ_One
@CheQ_One
 has added new brands to redeem coins against vouchers like 
@MyNykaa
, 
@themancompany
, Biba, 
@NetMeds
, 
@Decathlon
 and 
@airtelindia
 

You can also remove the card which is expired and add it again with new card number,  new expiry date and new CVV.",,
,"
Akshat Arora
@akshatarora99
Â·
Apr 5
Replying to 
@themancompany
 
@hiteshdhingra
 and 
@jagograhakjago
Please check your dm !!
The Man Company
@themancompany
Â·
Apr 5
Replying to 
@mithuarjun
Hi there, your order has been shipped today itself. Please be assured, you will be receiving the tracking details anytime soon.
Bhavya Jain
@Bhavya_jain26
Â·
Apr 5
Replying to 
@akshatarora99
 
@themancompany
 and 2 others
Bro register a grievance at national consumer helpline
",,
,"Smell the incredible deal on fragrances by The Man Company store at Diamond Plaza Mall.
Buy 1 worth Rs. 1000/- and above to get 1 free fragrance.
Buy 2 worth Rs. 1000/- and above to get 1 free fragrance.

#Diamondplaza #themancompany #fragranceshop #fragrancefree #fragrancelover
à¤®à¤¿à¤ à¥
@mithuarjun
Â·
Apr 5
@themancompany
  please update order I'd 1684360. It's 1 week since I have ordered.
The Man Company
@themancompany
Â·
Apr 5
Replying to 
@akshatarora99
 
@hiteshdhingra
 and 
@jagograhakjago
We sincerely apologize for the troublesome experience. Be assured the issue you are experiencing with the order is entirely inadvertent. We are working on your concern and would request you to dm us your registered contact details to resolve the issue at the earliest.",,
,"Hi Hemant, as per your phone conversation with our representative, we hope that the concern has been resolved.
The Man Company
@themancompany
Â·
Apr 5
Replying to 
@hemant0588
 and 
@BandBajaateRaho
Hi Hemanth, we tried to reach out to you, but the call went unanswered. Please DM us a suitable time to reach out to you, and resolve your concern at the earliest.
The Man Company
@themancompany
Â·
Apr 5
Replying to 
@kum99412652
Hi there, we tried to reach out to you, but the call went unanswered. Kindly DM us a suitable time, to reach out to you, and resolve your concern.",,
,"
The Man Company
@themancompany
Â·
Apr 5
Replying to 
@kum99412652
Hi there, we tried to reach out to you, but the call went unanswered. Kindly DM us a suitable time, to reach out to you, and resolve your concern.
The Man Company
@themancompany
Â·
Apr 5
Replying to 
@kum99412652
 and 
@Bhuvan_Bam
Hi there, we tried to reach out to you, but the call went unanswered. Kindly DM us a suitable time, to reach out to you, and resolve your concern.
Amit Kumar Maurya
@kum99412652
Â·
Apr 5
Replying to 
@themancompany
I ordered From THE MAN COMPANY on March 25, 2023 with order ID 1685770 , but the product is yet no shipped in the last 10 days. Neither the customer care is picking up the call nor any action is taken.",,
,"I ordered From THE MAN COMPANY on March 25, 2023 with order ID 1685770 , but the product is yet no shipped in the last 10 days. Neither the customer care is picking up the call nor any action is taken.
Hemant Garg
@hemant0588
Â·
Apr 4
@themancompany
 I never seen this kind of Rude company evwn after 10 days of order they still not dispatch my order not cancel And your agent making Fake promises my order ID 1673303 what now I expect from you now you all stop responding on WhatsApp 
@BandBajaateRaho
The Man Company
@themancompany
Â·
Apr 4
Replying to 
@Longiabss
 and 
@hiteshdhingra
We certainly, understand the same. Our team will reach out to you by tomorrow.",,
,"Hi there, as per your word with our representative, we hope that the concern has been addressed.
The Man Company
@themancompany
Â·
Apr 4
Replying to 
@ProudIn97912179
Hi there, we extremely apologize for this inconvenience caused to you. You can rest assured that we will be working on your concern as a priority. Kindly DM us your contact details, so that we can resolve your concern at the earliest.
Bhupinder Saini
@Longiabss
Â·
Apr 4
Replying to 
@themancompany
 and 
@hiteshdhingra
Your representative will confirm me tomorrow on exactly what is going to be, either you will be shipping by 7th or Refunding the amount",,
,"Hi Bhupinder, as per your conversation with our representative, we hope that the concern has been addressed.
The Man Company
@themancompany
Â·
Apr 4
Replying to 
@chaxu49
 and 
@jaagograhakjago
Hi Deepanshu, we extremely apologize for this inconvenience caused to you. You can rest assured that we will be working on your concern as a priority. Further, kindly share your contact details over DM, so that we can assist you at the earliest.
Gaurav
@Gaurav17346756
Â·
Apr 4
@themancompany
 dear sir/madam good day this tweet is regarding my order which i had placed on 23th march order number 1675612 although its a prepaid order but iam not getting dispatch update an satisfied information by emails kindly look up this matter.
",,
,"@themancompany
 Are you guys scammers or something? I ordered from your app, it's been a week and not yet shipped. Now I wanna cancel, there's no option to cancel. I sent you an email and it's more than 48 hrs now. What are you guys up to? I don't mind involving Cyber Crime cell
Bhupinder Saini
@Longiabss
Â·
Apr 4
Replying to 
@themancompany
Hello Fraudsters Itâ€™s been 10 days, you took money and not shipping the order, refund my amount and rename yourself as THE FRAUD COMPANY 
@hiteshdhingra
 , customer care executive confirmed on phone that this will be shipped by 1st April, Order no. 1677822
Deepanshu sachdeva
@chaxu49
Â·
Apr 4
@themancompany
 
What is this behavior.
You receive the order and then forget.
No response, no proper tracking , no representative , what are you running, a business? Or a comedy show.
I haven't received my order since I ordered it on 26th March
@jaagograhakjago
",,
,"The concern is addressed however it will only be resolved when the products will reach my address in the next 24 to 48 hours as per your representative.
Sahil Aggarwal
@Sahil09Aggarwal
Â·
Apr 4
Replying to 
@Nisarg2021
 
@Bhuvan__Rani
 and 2 others
Sorry to hear about that, you can try on the other one. Hopefully this works because I received a phone call from this number today from their company. 
+911171640362
The Man Company
@themancompany
Â·
Apr 4
Replying to 
@Samsa143
 
@Paytm
 and 
@Paytmcare
Hi There, we have sent you, your tracking details over DM's.",,
,"Hi Nisarg, as per your phone conversation with our representative, we hope that your concern has been addressed.
The Man Company
@themancompany
Â·
Apr 4
Replying to 
@Nisarg2021
Hi Nisarg, as per your phone conversation with our representative, we hope that your concern has been addressed.
The Man Company
@themancompany
Â·
Apr 4
Replying to 
@Nisarg2021
 and 
@Bhuvan_Bam
Hi Nisarg, as per your phone conversation with our representative, we hope that your concern has been addressed.",,
,"
The Man Company
@themancompany
Â·
Apr 4
Replying to 
@amitg11
Please treat this as the rarest incident because this is not the usual standard of our services. We would certainly, share the feedback with the concerned team, so that such scenarios, are not repeated in the future.
Nisarg
@Nisarg2021
Â·
Apr 4
Replying to 
@Sahil09Aggarwal
 
@Bhuvan__Rani
 and 2 others
It says please wait....

nothing more than that.
#scammer 
@themancompany
The Man Company
@themancompany
Â·
Apr 4
Replying to 
@vfx_shivam
Please accept our deepest apology for the inconvenience that this has caused you. Kindly DM us your contact details, so that we may resolve your concern at the earliest.
",,
,"Please accept our deepest apology for the inconvenience that this has caused you. Kindly DM us your contact details, so that we may resolve your concern at the earliest.
The Man Company
@themancompany
Â·
Apr 4
Replying to 
@Samsa143
Your order is currently in transit. We have sent a DM of your tracking link, please check.
The Man Company
@themancompany
Â·
Apr 4
Replying to 
@Samsa143
 and 
@Paytm
Your order is currently in transit. We have sent a DM of your tracking link, please check.",,
,"
The Man Company
@themancompany
Â·
Apr 4
Replying to 
@Samsa143
Your order is currently in transit. We have sent a DM of your tracking link, please check.
The Man Company
@themancompany
Â·
Apr 4
Replying to 
@skhatri005
Hi There, as per your phone conversation with our representative, we hope that the concern has been resolved.
Nisarg
@Nisarg2021
Â·
Apr 4
Replying to 
@themancompany
 and 
@Bhuvan_Bam
Refund my money
#fruad
",,
,"Its switch off!!!
The Man Company
@themancompany
Â·
Apr 4
Replying to 
@Sahil09Aggarwal
 and 
@amitg11
Hi Sahil, as per your phone conversation with our representative, we hope that your concern has been addressed.
Nisarg
@Nisarg2021
Â·
Apr 4
Replying to 
@themancompany
 and 
@Bhuvan_Bam
I did not receive any email from you
The Man Company
@themancompany
Â·
Apr 4
Replying to 
@Nisarg2021
 and 
@Bhuvan_Bam
Hi Nisarg, we tried contacting you, but the call went unanswered. Kindly DM us a suitable time to reach out to you, and resolve your concern at the earliest.
",,
,"Wow you guys are so super bad yesterday the entire day you guys didn't bother to reply now that the order is delivered now you are responding shame on u
The Man Company
@themancompany
Â·
Apr 4
Replying to 
@VIPER76542714
Hi Koushik, as per your phone conversation  with our representative, we hope that the concern has been resolved.
The Man Company
@themancompany
Â·
Apr 4
Replying to 
@VIPER76542714
Hi Koushik, as per your phone conversation  with our representative, we hope that the concern has been resolved.
",,
,"Hi Koushik, as per your phone conversation  with our representative, we hope that the concern has been resolved.
The Man Company
@themancompany
Â·
Apr 4
Replying to 
@VIPER76542714
Hi Koushik, as per your phone conversation  with our representative, we hope that the concern has been resolved.
The Man Company
@themancompany
Â·
Apr 4
Replying to 
@amitg11
Hi Amit, per our records, your order has been successfully delivered. Further, please provide confirmation regarding the same.
",,
,"Hi Amit, as per our records your order has been successfully delivered to you. Further, please provide confirmation regarding the same.
The Man Company
@themancompany
Â·
Apr 4
Replying to 
@amitg11
Hi Amit, as per our records your order has been successfully delivered to you. Further, please provide confirmation regarding the same.
Sahil Aggarwal
@Sahil09Aggarwal
Â·
Apr 4
Replying to 
@themancompany
 and 
@amitg11
@themancompany
 nobody needs your apologies we only need our products that we have ordered from your website or app, which you are unable to deliver on time and moreover your customer care is pathetic. 
Order id : 1684299
Please check about this order.
",,
,"I tried reaching you on the customer care number it got disconnected after keeping me on line for 10 minutes and then said everyone is busy, moreover your email is pathetic because no response comes after that. 
When you guys can't deliver on time then why you accept orders.
Sahil Aggarwal
@Sahil09Aggarwal
Â·
Apr 4
Replying to 
@themancompany
 and 
@Bhuvan_Bam
Placed the order on 29th march and still didn't receive it. Also after placing the order I received one mail stating that it's been confirmed and after that nothing so basically I don't know now what exactly is going on. 
Order Id: 1684299
Sahil Aggarwal
@Sahil09Aggarwal
Â·
Apr 4
Replying to 
@Nisarg2021
 
@Bhuvan__Rani
 and 2 others
You can either try to mail them or call them on a different number 
E-mail: care@themancompany.com
Phone no: 9667031212

Give it a try maybe it helpsğŸ‘",,
,"@themancompany
  disappointment from you!,
unresponsive team
Aayush jha
@Aayushj62700775
Â·
Apr 4
@themancompany
  why the hell you are not shipping my order you idiots.
subham khatri
@skhatri005
Â·
Apr 3
@themancompany
 i have ordered an item on 30.03.2023 and delivery expected 02.04.2023 but the order is not yet delivered.order no is 1685684. please deliver the same ASAP.
Nisarg
@Nisarg2021
Â·
Apr 3
Replying to 
@themancompany
 
@Bhuvan__Rani
 and 
@Bhuvan_Bam
I am done waiting.
Just cancel the order and give me refund.
#scammer #Cheaters",,
,"We sincerely apologise for the hassle you have gone through. This is certainly not the kind experience we wished you to have. We are presently working on your concern and will reach out to within tomorrow end of the day.
amit g
@amitg11
Â·
Apr 3
@themancompany
 what nonsense i called customer care today morning 25mins on hold i thought of giving call after 5 now ot says the office are closed due to holiday if it was a holiday why i was able to call in the morning weird bad worst experience ever
amit g
@amitg11
Â·
Apr 3
@themancompany
 still no response sent around 7 email not even bother to reply to my emails no calls nothing not even trying to solve the issue just keeping me on hold and wasting my time all they are doing is sending system generated emails",,
,"Whenever I call on this number its always switch off.
What is the point of customercare number?
#scamming #SCAM
Nisarg
@Nisarg2021
Â·
Apr 3
Replying to 
@VIPER76542714
 
@themancompany
 and 
@Bhuvan_Bam
Great way of taking money from people is first take the order then dont give delivery and tell them that product is out of stock and also not camcelling the order.
@themancompany
 
@Bhuvan_Bam
 #ScamAlert #SCAM #fruad #perfum #crime
Viper
@VIPER76542714
Â·
Apr 3
Replying to 
@themancompany
 and 
@Bhuvan_Bam
@themancompany
 is doing #SCAM
",,
,"Another #fruad done by 
@themancompany
 
@Bhuvan_Bam
Quote Tweet
Viper
@VIPER76542714
Â·
Apr 3
Replying to @themancompany and @Bhuvan_Bam
Shipping soon from 30 th March,
Nisarg
@Nisarg2021
Â·
Apr 3
Replying to 
@VIPER76542714
 
@themancompany
 and 
@Bhuvan_Bam
There is a scam going on by The man company.
They are taking money but no giving products.
Aslo they are not answering over email or whatsapp.
Spread the word 
@themancompany
  is doing #SCAM .
Nisarg
@Nisarg2021
Â·
Apr 3
Replying to 
@themancompany
 and 
@Bhuvan_Bam
Have you looked into it yet or you are just sleeping???
#scammer 
Give me my money back.
",,
,"Shipping soon from 30 th March,
Viper
@VIPER76542714
Â·
Apr 3
Replying to 
@themancompany
 and 
@Bhuvan_Bam
Order id - 1685870
I ordered two products on 30th March today is 3rd April and it still showing shipping soon. I tried to reach you on WhatsApp but they don't give a single response. So do something or refund my money.
Viper
@VIPER76542714
Â·
Apr 3
@themancompany
 
Order id - 1685870
I ordered two products on 30th March today is 3rd April and it still showing shipping soon. I tried to reach you on WhatsApp but they don't give a single response. So do something or refund my money
",,
,"Why still no call has been arranged what is going on why the delivery is not yet done are you guys doing anything or not or should i move to make a complaint in consumer forum
amit g
@amitg11
Â·
Apr 3
Replying to 
@themancompany
Just tell me when i will get ky order and why in the name of god you have not arranged a call back yet what is wrong with u why you guys are running away from your responsibility and why you guys are so super lazy and just buying time dats it not doing anything at all to solve
amit g
@amitg11
Â·
Apr 3
Replying to 
@themancompany
I need TAT i don't want any fake promises just tell me when i will get my order this is so frustrating u delay the order by week and now even the delivery is delayed do u understand how frustrated i am with the kind of response and solution u give i don't see u do anything",,
,"Hi there, your order has been shipped, further, we are arranging an urgent delivery for your order.
The Man Company
@themancompany
Â·
Apr 3
Replying to 
@Samsa143
Hi there, kindly DM us your contact details, so that we can resolve your concern at the earliest.
The Man Company
@themancompany
Â·
Apr 3
Replying to 
@Ancient__Rider
Hi there, as per your request, we have updated your said address provided.",,
,"Its out for delivery since 30 hours really? 30 hours still no signs of delivery guy not called me once not even bother to deliver and what you guys are doing to deliver it Nothing yes do something and ask him to deliver asap its out roe delivery since 30 hours do you understand
The Man Company
@themancompany
Â·
Apr 3
Replying to 
@Samsa143
 
@Paytm
 and 
@Truecaller
Hi there, kindly DM us your contact details, so that we can resolve your concern at the earliest.
The Man Company
@themancompany
Â·
Apr 3
Replying to 
@MdAdnan0101
Hi there, as per your word with our representative, we hope that concern has been resolved.
",,
,"@themancompany
 sent 3 emails and they are not even bothered to respond and just running away from the responsibility such a worst way of doing the business this is how you treat customers by ignoring emails not even giving a single call not even trying to solve the issues?
Nisarg
@Nisarg2021
Â·
Apr 3
Replying to 
@themancompany
 and 
@Bhuvan_Bam
Why is there no option of cancellation?
Cancel my order
Sharma
@Ancient__Rider
Â·
Apr 3
Replying to 
@themancompany
Address shared, can you please confirm if this has been updated?
",,
,"@themancompany
 all they are doing is just buying the time lying all the time the order was delayed for more than a week now even the delivery is delayed as well they give such stupid excuse of supply issue instead of working on their issues they make customers suffering
amit g
@amitg11
Â·
Apr 3
@themancompany
 i have sent around 5 emails still they are so shameless that they don't bother to respond to my emails i was supposed to get the order yesterday its still out for delivery since yesterday and customer care is worst they have no idea what to do here.
Md Adnan
@MdAdnan0101
Â·
Apr 3
Replying to 
@themancompany
 and 
@Bhuvan_Bam
Spend some money on your logistics department..it's been 8 days and still i haven't received my order.",,
,"@themancompany
  order I'd - 1681372
The Edp was missing from my order so you agreed to deliver the missing order on priority. I received the order confirmation on 27th March . It's been 8 days still you have not even shipped the item. You didn't answer on WhatsApp as well
Show this thread
El-Gee
@vichitrabhava
Â·
Apr 2
Replying to 
@hearttstopped
@themancompany
 came to the rescue, ngl!
The Man Company
@themancompany
Â·
Apr 2
Replying to 
@Nisarg2021
 and 
@Bhuvan_Bam
Hi there, we are extremely sorry about this experience, while such incidents are very rare at The Man Company. Further, kindly allow us a stipulated time, our team will certainly reach out to you at the earliest.
The Man Company
@themancompany
Â·
Apr 2
Replying to 
@Nisarg2021
 and 
@Bhuvan_Bam
Hi there, we are extremely sorry about this experience, while such incidents are very rare at The Man Company. Further, kindly allow us a stipulated time, our team will certainly reach out to you at the earliest.
",,
,"Hi there, we can certainly your address for you. Kindly DM us the address and you wish your order to.
The Man Company
@themancompany
Â·
Apr 2
Replying to 
@Samsa143
 and 
@Paytm
Hi there, please DM us your contact details, so that our team can reach out to you, and resolve your concern at the earliest.
The Man Company
@themancompany
Â·
Apr 2
Replying to 
@Nisarg2021
 
@SatyendraRajan7
 and 
@Bhuvan_Bam
We are extremely sorry for any inconvenience this has caused. This is definitely not the kind of experience we wanted you to have. Your concern has been escalated on a high priority. We request you to allow us 24 hours to resolve  your concern.
",,
,"You aren't even replying here...
Nisarg
@Nisarg2021
Â·
Apr 2
Replying to 
@themancompany
 and 
@Bhuvan_Bam
Its been already 7 days how much more time do you need?
The Man Company
@themancompany
Â·
Apr 2
Replying to 
@Nisarg2021
 and 
@Bhuvan_Bam
We sincerely apologise for the inconvenience caused. Our team is looking into your issue. Please be assured your concern will be resolved, therefore please allow us time till tomorrow and we will get back to you.
Nisarg
@Nisarg2021
Â·
Apr 2
Replying to 
@themancompany
 and 
@Bhuvan_Bam
What does soon mean here?
Can you clerify?
I think it means Scam.
Right!",,
,"
The Man Company
@themancompany
Â·
Apr 1
Replying to 
@rahul72485kuma
Hi Rahul, as per your phone conversation with our representative, we hope that the concern has been resolved.
Bunny
@bugssbunny1510
Â·
Apr 1
I placed 4 orders on 
26,27,29 march respectively.
Order ID - 
1679714
1681356
1683426
 1683447

None of them is being shipped yet.

It's been 5 days from the first order.
4 from the second order
and 3 days from the final order
No shipping done .
What's going on?
@themancompany
Rahul Agarwal
@rahul2008
Â·
Apr 1
Replying to 
@themancompany
 
@bookmyshow
 and 3 others
Thanks a lot 
@themancompany
 appreciate your quick support on this
Kashmir Town
@kashmir_town
Â·
Apr 1
Replying to 
@themancompany
it's still not dispatched yet.....
The Man Company
@themancompany
Â·
Apr 1
Replying to 
@kashmir_town
Hi Abrar, as per your phone conversation with our representative, we hope that the concern has been addressed.
The Man Company
@themancompany
Â·
Apr 1
Replying to 
@Ankitsi74685898
Hi Ankit, as per your phone conversation with our representative, we hope that your concern has been addressed.
The Man Company
@themancompany
Â·
Apr 1
Replying to 
@rahul2008
 
@bookmyshow
 and 3 others
Hi Rahul, as per your phone conversation with our representative, we hope that your concern has been resolved.
Gaurav Suri
@gawruv
Â·
Apr 1
Replying to 
@themancompany
The issue was for you to address . Phone call was to placate and do a tick mark . There were no answers except a manager calling instead of a executive
Kashmir Town
@kashmir_town
Â·
Apr 1
it has been 7 days but order not dispatched yet....

order id : 1676665
@themancompany",,
,"
The Man Company
@themancompany
Â·
Mar 30
Replying to 
@uknowwho_5
Hi there, we tried reaching out to you, but the call went unanswered. Kindly DM us a suitable time to reach out to you on a priority.
The Man Company
@themancompany
Â·
Mar 30
Replying to 
@SatyendraRajan7
We are sorry you did not receive your order as promptly as you expected. We experienced an unusually large number of orders, which disrupted our normal delivery schedule. Again, we apologize for any inconvenience caused and look forward to filling your future orders on priority.
The Man Company
@themancompany
Â·
Mar 30
Replying to 
@hsinha2611
We are sorry you did not receive your order as promptly as you expected. We experienced an unusually large number of orders, which disrupted our normal delivery schedule. Kindly DM us your contact details, so that we can reach out to you, on a priority.
The Man Company
@themancompany
Â·
Mar 30
Replying to 
@amitg11
We are sorry you did not receive your order as promptly as you expected. We experienced an unusually large number of orders, which disrupted our normal delivery schedule. Again, we apologize for any inconvenience caused and look forward to filling your future orders on priority.
The Man Company
@themancompany
Â·
Mar 30
Replying to 
@Longiabss
Hi Bhupinder, we tried reaching out to you. But the call went unanswered. Kindly DM us a suitable time, so that we can reach out to you on a priority.
The Man Company
@themancompany
Â·
Mar 30
Replying to 
@uknowwho_5
We are working round the clock, to make sure, your order is dispatched and delivered as soon as possible.
Sagar Pohani
@uknowwho_5
Â·
Mar 30
Replying to 
@themancompany
@themancompany
 i wnt my order asap do it anyway i dont know     If i dont get my order dispatched i am going to do legal actions    How shitty our backend delivery team   Cant dispatch the products in 8 days.
Sagar Pohani
@uknowwho_5
Â·
Mar 30
Replying to 
@themancompany
But when  its been more than a week now
The Man Company
@themancompany
Â·
Mar 30
Replying to 
@uknowwho_5
We are sorry you did not receive your order as promptly as you expected. We experienced an unusually large number of orders, which disrupted our normal delivery schedule. Again, we apologize for any inconvenience caused and look forward to filling your future orders on priority.
The Man Company
@themancompany
Â·
Mar 30
Replying to 
@uknowwho_5
We are sorry you did not receive your order as promptly as you expected. We experienced an unusually large number of orders, which disrupted our normal delivery schedule. Again, we apologize for any inconvenience caused and look forward to filling your future orders on priority.
Satyendra Bharti
@SatyendraRajan7
Â·
Mar 30
@themancompany
 My order was placed 6 days ago and it is not shipped yet ?
there is no option for cancellation..
It seems I got trapped in your service..

It would be better if you spend your expenses on costumer service first rather than spending on advertisement.
",,
,"
The Man Company
@themancompany
Â·
Mar 22
Replying to 
@MdAdnan0101
Hi there, we have already notified our courier partner to make the update on the tracking page as well. We are doing everything at our end, to make your experience better with us.
Md Adnan
@MdAdnan0101
Â·
Mar 22
Replying to 
@themancompany
It's showing the shipment is not ready. It was you who promised to ship it by yesterday. You haven't fulfilled your promise. It's been 5 days still the product is not ready to be shipped. I'll request you to refund my money if you can't ship it by today. Thank you.
The Man Company
@themancompany
Â·
Mar 22
Replying to 
@shivamawasthi3
As per your phone conversation with our representative, we hope that your concern has been addressed and resolved.
The Man Company
@themancompany
Â·
Mar 22
Replying to 
@MdAdnan0101
Hi There, our team is working on the order. Also, your order's Airway Bill Number has already been generated. Please be assured, your order will reach you very soon. Thank you for your patience, and understanding.
Md Adnan
@MdAdnan0101
Â·
Mar 22
Replying to 
@MdAdnan0101
 and 
@themancompany
You didn't ship the product yesterday as promised. Why?
shivam awasthi
@shivamawasthi3
Â·
Mar 22
Replying to 
@themancompany
You guys can call me anytime today
The Man Company
@themancompany
Â·
Mar 21
Replying to 
@shivamawasthi3
Hi there, we tried calling you again, but the call went unanswered. Please let us know a suitable time to reach out to you.
The Man Company
@themancompany
Â·
Mar 21
Do men apply perfumes only to attract women? #WeNeedToTalk, and we will, with Ankush Bahuguna and Abhinav Mathur. Stay Tuned. 

#TheManCompany #GentlemanInYou #TheGentlemanShow #Podcast #Fragrance #InternationalFragranceDay
0:02 / 0:17
shivam awasthi
@shivamawasthi3
Â·
Mar 21
Replying to 
@themancompany
When the hell did u called me??? I haven't got any call from ur side the man company 
@themancompany
The Man Company
@themancompany
Â·
Mar 21
This #InternationalFragranceDay, feel the #ScentOfAGentleman.

#TheManCompany #GentlemanInYou #Fragrance #Scent
",,
,"
The Man Company
@themancompany
Â·
Mar 20
Replying to 
@KiNG_Vaishnav_7
Thank you for the update. Our team will be in touch, as per your time stated.
King vaishnav 007
@KiNG_Vaishnav_7
Â·
Mar 20
Replying to 
@themancompany
Tomorrow 1Pm
The Man Company
@themancompany
Â·
Mar 20
Grooming is our Happy Place. ğŸ˜„

Tell us in the comments below what HAPPINESS means to you.

#internationalhappinessday #TheManCompany #GentlemanInYou #Happiness #Viral #Trending #topicalday #Happy #InternationalDayOfHappiness
The Man Company
@themancompany
Â·
Mar 20
Replying to 
@KiNG_Vaishnav_7
Our team tried contacting you, but the call went unanswered. Kindly DM us a suitable time, so that we can resolve your concern at the earliest.
The Man Company
@themancompany
Â·
Mar 20
Replying to 
@MdAdnan0101
As per your phone conversation with our representative, we hope that your concern is addressed and resolved.
The Man Company
@themancompany
Â·
Mar 20
Replying to 
@krish16maj
As per your phone conversation with our representative, we hope that your concern has been addressed and resolved.
Md Adnan
@MdAdnan0101
Â·
Mar 19
Replying to 
@themancompany
Till now I haven't received any updates. If u can't fulfill my order then please refund the money. Just fake promotions and promises aren't enough. How can you take 3 days just to start the shipping process. There's a huge loop hole in ur logistics department.
The Man Company
@themancompany
Â·
Mar 19
Replying to 
@MdAdnan0101
We really apologize for the delay and trouble. Our team is working on your concern and will connect with you soon with an update. Thank you for your patience and understanding.
The Man Company
@themancompany
Â·
Mar 19
Replying to 
@krish16maj
We really apologize for the delay and trouble. Our team is working on your concern and will connect with you soon with an update. Thank you for your patience and understanding.
HARSH KALE
@Harsh88450076
Â·
Mar 19
Replying to 
@themancompany
Yes, I got the answer. 
Thanks for the response.
Md Adnan
@MdAdnan0101
Â·
Mar 19
@themancompany
 My order number -
 1668798. It's been 2 days but still the order isn't dispatched. I've already paid for the products online. I've seen a lot of reviews saying that you don't deliver the producta and cancel at the last moment or there's something missing.
",,
,"
Deadpool
@Deadpool161820
Â·
Mar 15
Is there any possibility for my package to be delivered? Because, it's been more than a week that it has reached a delivery facility near me and there's no moment thereon. 
Cancel my order 
@themancompany
 
@delhivery
 
@help_delhivery
Show this thread
The Man Company
@themancompany
Â·
Mar 14
Replying to 
@ydav_sahil
Hi there, thank you for reaching out to us. Kindly DM us your contact details, so that we may assist you at the earliest.
www.tgdeals.in
@tgdealsofficial
Â·
Mar 13
TheManCompany : EDT Spice at â‚¹399 (70% Off)

Use Code : FLASH3

https://linksredirect.com/?cid=53412&source=linkkit&url=https%3A%2F%2Fwww.themancompany.com%2Fproducts%2Fspice

PC : Other Sites at â‚¹ 909+
www.tgdeals.in
@tgdeals_
Â·
Mar 13
TheManCompany : EDT Spice at â‚¹399 (70% Off)

Use Code : FLASH3

https://linksredirect.com/?cid=53412&source=linkkit&url=https%3A%2F%2Fwww.themancompany.com%2Fproducts%2Fspice

PC : Other Sites at â‚¹ 909+",,