RM Emart, Excited to share a fantastic deal on Beardo Beard Daily Repair Oil!MRP: ‚Çπ399 Offer Price: ‚Çπ239 40% off! #Beardo #BeardCare #BeardOil #rmemart, Beardo Loot Deal! Buy Beardo Dark Side Perfume For Men EDP (100ml) At Rs.545/- [MRP - 1500/-]USE CODE: VIBD22https://bit.ly/3q3ECzK#Beardo #Mensperfume,
jawdroppingofferz, Beardo Loot Deal! Buy Beardo Turmeric Facewash Worth Rs 250 At Rs.100/-USE CODE: NTPW99https://bit.ly/43aeO2U#Beardo #Facewash,,
jawdroppingofferz, Beardo Loot Deal! Buy Beardo Turmeric Facewash Worth Rs 250 At Rs.100/-USE CODE: NTPW99https://bit.ly/43aeO2U#Beardo #Facewash,We are live! Playing more #RemnantFromtheAshes tonight!#beardo #twitch #streamer #TwitchAffiliate #SupportSmallStreamers #consolegamer #pcgamer #beard,@MumbaiPolice will this get us arrested? #HappyWhiskyDay #WhiskySmoke #Dontdriveanddrive #WorldWhiskeyDay #Beardo
Demonspeed13,We are live! Playing more #RemnantFromtheAshes tonight!#beardo #twitch #streamer #TwitchAffiliate #SupportSmallStreamers #consolegamer #pcgamer #beard,@MumbaiPolice will this get us arrested? #HappyWhiskyDay #WhiskySmoke #Dontdriveanddrive #WorldWhiskeyDay #Beardo," Calling all beard enthusiasts!Experience the transformative power of Beardo Beard & Hair Growth Oil (50 ML) ‚Äì the ultimate grooming essential!Originally priced at ‚Çπ750, you can now grab the Beardo Beard & Hair Growth Oil for just ‚Çπ680#Beardo #rmemart"
Beardo,@MumbaiPolice will this get us arrested? #HappyWhiskyDay #WhiskySmoke #Dontdriveanddrive #WorldWhiskeyDay #Beardo," Calling all beard enthusiasts!Experience the transformative power of Beardo Beard & Hair Growth Oil (50 ML) ‚Äì the ultimate grooming essential!Originally priced at ‚Çπ750, you can now grab the Beardo Beard & Hair Growth Oil for just ‚Çπ680#Beardo #rmemart",We are live with some more #StarWarsJediSurvivor and then maybe some #RemnantFromtheAshes later! #beardo #twitch #streamer #TwitchAffiliate #SupportSmallStreamers #consolegamer #pcgamer #beard
RM Emart," Calling all beard enthusiasts!Experience the transformative power of Beardo Beard & Hair Growth Oil (50 ML) ‚Äì the ultimate grooming essential!Originally priced at ‚Çπ750, you can now grab the Beardo Beard & Hair Growth Oil for just ‚Çπ680#Beardo #rmemart",We are live with some more #StarWarsJediSurvivor and then maybe some #RemnantFromtheAshes later! #beardo #twitch #streamer #TwitchAffiliate #SupportSmallStreamers #consolegamer #pcgamer #beard,This big city beardo is spending the next five days in Winnipeg. I‚Äôm excited‚Ä¶ I think. ‚Ä¢‚Ä¢‚Ä¢#igerstoronto #toronto #ontario #canada #urban_toronto #torontophotography #gayboy #financialdistricttoronto #beardo #tdcentre #commercecourt https://instagr.am/p/CscOCVBPOAI/
jawdroppingofferz, Beardo Loot Deal! Buy Beardo Turmeric Facewash Worth Rs 250 At Rs.100/-USE CODE: NTPW99https://bit.ly/43aeO2U#Beardo #Facewash,,
jawdroppingofferz, Beardo Loot Deal! Buy Beardo Turmeric Facewash Worth Rs 250 At Rs.100/-USE CODE: NTPW99https://bit.ly/43aeO2U#Beardo #Facewash,We are live! Playing more #RemnantFromtheAshes tonight!#beardo #twitch #streamer #TwitchAffiliate #SupportSmallStreamers #consolegamer #pcgamer #beard,@MumbaiPolice will this get us arrested? #HappyWhiskyDay #WhiskySmoke #Dontdriveanddrive #WorldWhiskeyDay #Beardo
Demonspeed13,We are live! Playing more #RemnantFromtheAshes tonight!#beardo #twitch #streamer #TwitchAffiliate #SupportSmallStreamers #consolegamer #pcgamer #beard,@MumbaiPolice will this get us arrested? #HappyWhiskyDay #WhiskySmoke #Dontdriveanddrive #WorldWhiskeyDay #Beardo," Calling all beard enthusiasts!Experience the transformative power of Beardo Beard & Hair Growth Oil (50 ML) ‚Äì the ultimate grooming essential!Originally priced at ‚Çπ750, you can now grab the Beardo Beard & Hair Growth Oil for just ‚Çπ680#Beardo #rmemart"
Beardo,@MumbaiPolice will this get us arrested? #HappyWhiskyDay #WhiskySmoke #Dontdriveanddrive #WorldWhiskeyDay #Beardo," Calling all beard enthusiasts!Experience the transformative power of Beardo Beard & Hair Growth Oil (50 ML) ‚Äì the ultimate grooming essential!Originally priced at ‚Çπ750, you can now grab the Beardo Beard & Hair Growth Oil for just ‚Çπ680#Beardo #rmemart",We are live with some more #StarWarsJediSurvivor and then maybe some #RemnantFromtheAshes later! #beardo #twitch #streamer #TwitchAffiliate #SupportSmallStreamers #consolegamer #pcgamer #beard
RM Emart," Calling all beard enthusiasts!Experience the transformative power of Beardo Beard & Hair Growth Oil (50 ML) ‚Äì the ultimate grooming essential!Originally priced at ‚Çπ750, you can now grab the Beardo Beard & Hair Growth Oil for just ‚Çπ680#Beardo #rmemart",We are live with some more #StarWarsJediSurvivor and then maybe some #RemnantFromtheAshes later! #beardo #twitch #streamer #TwitchAffiliate #SupportSmallStreamers #consolegamer #pcgamer #beard,This big city beardo is spending the next five days in Winnipeg. I‚Äôm excited‚Ä¶ I think. ‚Ä¢‚Ä¢‚Ä¢#igerstoronto #toronto #ontario #canada #urban_toronto #torontophotography #gayboy #financialdistricttoronto #beardo #tdcentre #commercecourt https://instagr.am/p/CscOCVBPOAI/
Demonspeed13,We are live! Playing more #RemnantFromtheAshes tonight!#beardo #twitch #streamer #TwitchAffiliate #SupportSmallStreamers #consolegamer #pcgamer #beard,, Beardo Loot Deal! Buy Beardo Turmeric Facewash Worth Rs 250 At Rs.100/-USE CODE: NTPW99https://bit.ly/43aeO2U#Beardo #Facewash
Demonspeed13,We are live! Playing more #RemnantFromtheAshes tonight!#beardo #twitch #streamer #TwitchAffiliate #SupportSmallStreamers #consolegamer #pcgamer #beard,@MumbaiPolice will this get us arrested? #HappyWhiskyDay #WhiskySmoke #Dontdriveanddrive #WorldWhiskeyDay #Beardo, Beardo Loot Deal! Buy Beardo Turmeric Facewash Worth Rs 250 At Rs.100/-USE CODE: NTPW99https://bit.ly/43aeO2U#Beardo #Facewash
, Beardo Loot Deal! Buy Beardo Turmeric Facewash Worth Rs 250 At Rs.100/-USE CODE: NTPW99https://bit.ly/43aeO2U#Beardo #Facewash,,
Demonspeed13, Beardo Loot Deal! Buy Beardo Turmeric Facewash Worth Rs 250 At Rs.100/-USE CODE: NTPW99https://bit.ly/43aeO2U#Beardo #Facewash,@MumbaiPolice will this get us arrested? #HappyWhiskyDay #WhiskySmoke #Dontdriveanddrive #WorldWhiskeyDay #Beardo," Calling all beard enthusiasts!Experience the transformative power of Beardo Beard & Hair Growth Oil (50 ML) ‚Äì the ultimate grooming essential!Originally priced at ‚Çπ750, you can now grab the Beardo Beard & Hair Growth Oil for just ‚Çπ680#Beardo #rmemart"
RM Emart,@MumbaiPolice will this get us arrested? #HappyWhiskyDay #WhiskySmoke #Dontdriveanddrive #WorldWhiskeyDay #Beardo,We are live with some more #StarWarsJediSurvivor and then maybe some #RemnantFromtheAshes later! #beardo #twitch #streamer #TwitchAffiliate #SupportSmallStreamers #consolegamer #pcgamer #beard,This big city beardo is spending the next five days in Winnipeg. I‚Äôm excited‚Ä¶ I think. ‚Ä¢‚Ä¢‚Ä¢#igerstoronto #toronto #ontario #canada #urban_toronto #torontophotography #gayboy #financialdistricttoronto #beardo #tdcentre #commercecourt https://instagr.am/p/CscOCVBPOAI/
Demonspeed13," Calling all beard enthusiasts!Experience the transformative power of Beardo Beard & Hair Growth Oil (50 ML) ‚Äì the ultimate grooming essential!Originally priced at ‚Çπ750, you can now grab the Beardo Beard & Hair Growth Oil for just ‚Çπ680#Beardo #rmemart",This big city beardo is spending the next five days in Winnipeg. I‚Äôm excited‚Ä¶ I think. ‚Ä¢‚Ä¢‚Ä¢#igerstoronto #toronto #ontario #canada #urban_toronto #torontophotography #gayboy #financialdistricttoronto #beardo #tdcentre #commercecourt https://instagr.am/p/CscOCVBPOAI/, Buy Beardo Tsunami Perfume EDP (100ml) At Rs.545/- [MRP - 1200/-]Use Code: VIBD22https://bit.ly/3Ism3vr#Beardo #Perfume
jawdroppingofferz,This big city beardo is spending the next five days in Winnipeg. I‚Äôm excited‚Ä¶ I think. ‚Ä¢‚Ä¢‚Ä¢#igerstoronto #toronto #ontario #canada #urban_toronto #torontophotography #gayboy #financialdistricttoronto #beardo #tdcentre #commercecourt https://instagr.am/p/CscOCVBPOAI/, Beardo Loot Deal! Buy Beardo Turmeric Facewash Worth Rs 250 At Rs.100/-USE CODE: NTPW99https://bit.ly/3OoByrO#Beardo #Turmeric #Facewash," Looking to enhance your mustache growth? Look no further! Discover the Beardo Mustache Growth Roll-On Hair Oil, now available at an unbeatable price on RM Emart.Checkout: https://bit.ly/43cFyjh#RMeMart #Beardo #MustacheGrowth"
RM Emart, Beardo Loot Deal! Buy Beardo Turmeric Facewash Worth Rs 250 At Rs.100/-USE CODE: NTPW99https://bit.ly/3OoByrO#Beardo #Turmeric #Facewash,"Beardo : De-tan skin care Trio 47% Off559/-MRP 1175/-Code : AD20Link : https://bit.ly/45oifVU#BeardoFor more offer links, Join #Telegram Channel: https://bit.ly/3rDQO7F","LOOT Beardo : 30 Days Grooming Kit For Bearded MenUse Code : NTCK65@FaydaBazar24https://bit.ly/4392UpZMRP : 3144, Offer Price : 1100#Sale #Offer #beardo #mensgrooming #facewash #hairwax #Perfume"
Fayda Bazar,"Beardo : De-tan skin care Trio 47% Off559/-MRP 1175/-Code : AD20Link : https://bit.ly/45oifVU#BeardoFor more offer links, Join #Telegram Channel: https://bit.ly/3rDQO7F",Playing some #WarThunder tonight! #beardo #twitch #streamer #TwitchAffiliate #SupportSmallStreamers #consolegamer #pcgamer #beard,Yesterday I Shared This Heritage Post of Free Masons Hall in Patialaand SeeToday Our Twitter Sensation #SuperModel@AdnanAliKhan555 JiHas Done His Photo Shoot at This Heritage PlacePosing In front of #FreeMasonsHall in #Patiala#Fashion #Model#Beardo #Heritage#Oldskool
Demonspeed13,"LOOT Beardo : 30 Days Grooming Kit For Bearded MenUse Code : NTCK65@FaydaBazar24https://bit.ly/4392UpZMRP : 3144, Offer Price : 1100#Sale #Offer #beardo #mensgrooming #facewash #hairwax #Perfume",Yesterday I Shared This Heritage Post of Free Masons Hall in Patialaand SeeToday Our Twitter Sensation #SuperModel@AdnanAliKhan555 JiHas Done His Photo Shoot at This Heritage PlacePosing In front of #FreeMasonsHall in #Patiala#Fashion #Model#Beardo #Heritage#Oldskool,Back to the games tonight! More #StarWarsJediSurvivor! #beardo #twitch #streamer #TwitchAffiliate #SupportSmallStreamers #consolegamer #pcgamer #beard
ùêÜùêÆùê´ùê©ùêöùê´ùêØùêûùê¨ùê°‚ìàùêíùêöùêßùê†ùê°ùêö ùêÅùê°ùêöùê¢ ùêä,Playing some #WarThunder tonight! #beardo #twitch #streamer #TwitchAffiliate #SupportSmallStreamers #consolegamer #pcgamer #beard,Back to the games tonight! More #StarWarsJediSurvivor! #beardo #twitch #streamer #TwitchAffiliate #SupportSmallStreamers #consolegamer #pcgamer #beard," #Beardo : De Tan (Face Wash Body #Wash #Face Scrub) @ 506 Use Code : VIBD22https://bit.ly/3Bl5ayzMRP : ‚Çπ924, Offer Price : ‚Çπ506https://t.me/dealofday2022"
Demonspeed13,Yesterday I Shared This Heritage Post of Free Masons Hall in Patialaand SeeToday Our Twitter Sensation #SuperModel@AdnanAliKhan555 JiHas Done His Photo Shoot at This Heritage PlacePosing In front of #FreeMasonsHall in #Patiala#Fashion #Model#Beardo #Heritage#Oldskool," #Beardo : De Tan (Face Wash Body #Wash #Face Scrub) @ 506 Use Code : VIBD22https://bit.ly/3Bl5ayzMRP : ‚Çπ924, Offer Price : ‚Çπ506https://t.me/dealofday2022",More #miniaturepainting tonight! #beardo #twitch #streamer #TwitchAffiliate #SupportSmallStreamers #consolegamer #pcgamer #beard #warhammer40k #miniatures #painting
deal offer,Back to the games tonight! More #StarWarsJediSurvivor! #beardo #twitch #streamer #TwitchAffiliate #SupportSmallStreamers #consolegamer #pcgamer #beard,More #miniaturepainting tonight! #beardo #twitch #streamer #TwitchAffiliate #SupportSmallStreamers #consolegamer #pcgamer #beard #warhammer40k #miniatures #painting,"Beardo : Ultimate Summer Essential Kit @ ‚Çπ935Use Code : VIBD22https://bit.ly/3nKw0xbMRP : 2093, Offer Price : 935 Includes : 1. Hair Serum (50ml)2. Ultraglow Facewash (100ml)3. Beardo Mariner Captain Jack Perfume Body Spray (120ml)#Beardo #Perfumes #BEARD"
Demonspeed13," #Beardo : De Tan (Face Wash Body #Wash #Face Scrub) @ 506 Use Code : VIBD22https://bit.ly/3Bl5ayzMRP : ‚Çπ924, Offer Price : ‚Çπ506https://t.me/dealofday2022","Beardo : Ultimate Summer Essential Kit @ ‚Çπ935Use Code : VIBD22https://bit.ly/3nKw0xbMRP : 2093, Offer Price : 935 Includes : 1. Hair Serum (50ml)2. Ultraglow Facewash (100ml)3. Beardo Mariner Captain Jack Perfume Body Spray (120ml)#Beardo #Perfumes #BEARD",Live with some @EAMaddenNFL 23 for the first time on @PlayStation and @Twitch https://twitch.tv/hawkii_pro?sr=a@YT_TwitchGrowth @UniversalRTs @ITRTG @Twitch_RT @TwitchNetworkHQ @Retweelgend @booststreamttv @TwitchStreamSUP @BlazedRTs #subscribe #twitchstreamer #Madden23 #beardo
jawdroppingofferz,More #miniaturepainting tonight! #beardo #twitch #streamer #TwitchAffiliate #SupportSmallStreamers #consolegamer #pcgamer #beard #warhammer40k #miniatures #painting,Live with some @EAMaddenNFL 23 for the first time on @PlayStation and @Twitch https://twitch.tv/hawkii_pro?sr=a@YT_TwitchGrowth @UniversalRTs @ITRTG @Twitch_RT @TwitchNetworkHQ @Retweelgend @booststreamttv @TwitchStreamSUP @BlazedRTs #subscribe #twitchstreamer #Madden23 #beardo,A man deserves a little more this Summer. Find your cool moment with Beardo's Ice Blast Body Wash.Check it out now https://clnk.in/sUubThe most freezing summer is here by Beardo https://chillies.red/watch?v=4SQCzi3ItnE‚Ä¶#Beardo #ChilliesDotRed #India
Friendly,Live with some @EAMaddenNFL 23 for the first time on @PlayStation and @Twitch https://twitch.tv/hawkii_pro?sr=a@YT_TwitchGrowth @UniversalRTs @ITRTG @Twitch_RT @TwitchNetworkHQ @Retweelgend @booststreamttv @TwitchStreamSUP @BlazedRTs #subscribe #twitchstreamer #Madden23 #beardo,"Beardo : Hair Fall Control Kit (Shampoo, Serum & Growth Oil) @ 701Use Code : VIBD22https://bit.ly/3M84bIdMRP : 1404, Offer Price : 701 #Beardo #Shampoo #Serum #haircare #beardedguy",
,@MumbaiPolice will this get us arrested? #HappyWhiskyDay #WhiskySmoke #Dontdriveanddrive #WorldWhiskeyDay #Beardo,,
RM Emart,@MumbaiPolice will this get us arrested? #HappyWhiskyDay #WhiskySmoke #Dontdriveanddrive #WorldWhiskeyDay #Beardo,We are live with some more #StarWarsJediSurvivor and then maybe some #RemnantFromtheAshes later! #beardo #twitch #streamer #TwitchAffiliate #SupportSmallStreamers #consolegamer #pcgamer #beard,
jawdroppingofferz,This big city beardo is spending the next five days in Winnipeg. I‚Äôm excited‚Ä¶ I think. ‚Ä¢‚Ä¢‚Ä¢#igerstoronto #toronto #ontario #canada #urban_toronto #torontophotography #gayboy #financialdistricttoronto #beardo #tdcentre #commercecourt https://instagr.am/p/CscOCVBPOAI/, Beardo Loot Deal! Buy Beardo Turmeric Facewash Worth Rs 250 At Rs.100/-USE CODE: NTPW99https://bit.ly/3OoByrO#Beardo #Turmeric #Facewash,
Fayda Bazar,"Beardo : De-tan skin care Trio 47% Off559/-MRP 1175/-Code : AD20Link : https://bit.ly/45oifVU#BeardoFor more offer links, Join #Telegram Channel: https://bit.ly/3rDQO7F",Playing some #WarThunder tonight! #beardo #twitch #streamer #TwitchAffiliate #SupportSmallStreamers #consolegamer #pcgamer #beard,Sattu and 8 others
Demonspeed13,Yesterday I Shared This Heritage Post of Free Masons Hall in Patialaand SeeToday Our Twitter Sensation #SuperModel@AdnanAliKhan555 JiHas Done His Photo Shoot at This Heritage PlacePosing In front of #FreeMasonsHall in #Patiala#Fashion #Model#Beardo #Heritage#Oldskool," #Beardo : De Tan (Face Wash Body #Wash #Face Scrub) @ 506 Use Code : VIBD22https://bit.ly/3Bl5ayzMRP : ‚Çπ924, Offer Price : ‚Çπ506https://t.me/dealofday2022","twitch.tvDemonspeed13 - TwitchPc and console gamer, family man and all around car and motorcycle nut! New to streaming but trying my best. Come hang out and have a good time. I play all kinds of different games."
Demonspeed13," #Beardo : De Tan (Face Wash Body #Wash #Face Scrub) @ 506 Use Code : VIBD22https://bit.ly/3Bl5ayzMRP : ‚Çπ924, Offer Price : ‚Çπ506https://t.me/dealofday2022","Beardo : Ultimate Summer Essential Kit @ ‚Çπ935Use Code : VIBD22https://bit.ly/3nKw0xbMRP : 2093, Offer Price : 935 Includes : 1. Hair Serum (50ml)2. Ultraglow Facewash (100ml)3. Beardo Mariner Captain Jack Perfume Body Spray (120ml)#Beardo #Perfumes #BEARD","twitch.tvhawkii_pro - TwitchHi everyone, I am hawkii_pro Started Root Cause Gaming Team as a way to bring people together that have common interests and to help a good cause. All Subscriptions get split with LKCGolden Rule..."
Friendly,Live with some @EAMaddenNFL 23 for the first time on @PlayStation and @Twitch https://twitch.tv/hawkii_pro?sr=a@YT_TwitchGrowth @UniversalRTs @ITRTG @Twitch_RT @TwitchNetworkHQ @Retweelgend @booststreamttv @TwitchStreamSUP @BlazedRTs #subscribe #twitchstreamer #Madden23 #beardo,"Beardo : Hair Fall Control Kit (Shampoo, Serum & Growth Oil) @ 701Use Code : VIBD22https://bit.ly/3M84bIdMRP : 1404, Offer Price : 701 #Beardo #Shampoo #Serum #haircare #beardedguy","twitch.tvDemonspeed13 - TwitchPc and console gamer, family man and all around car and motorcycle nut! New to streaming but trying my best. Come hang out and have a good time. I play all kinds of different games."
Beardo,More #miniaturepainting tonight! #beardo #twitch #streamer #TwitchAffiliate #SupportSmallStreamers #consolegamer #pcgamer #beard #warhammer40k #miniatures,Elevate your fragrance game with Beardo‚Äôs Whisky Smoke perfume!@BeardoForMen ...#beardo #productcommercial #adfilm #filmmaking #videography,
Demonspeed13,"Depressive episode is over, I‚Äôm the greatest thing in existence again ....#retreat #timecapsule #photoshoot #photography #posingideas #ootd #whiteoutfit #outfitideas #outfitoftheday #mindrelaxing #greenarchitecture #jungle #beardo #desimen #malaysianmen #vacation",Returning to #WarThunder tonight! #beardo #twitch #streamer #TwitchAffiliate #SupportSmallStreamers #consolegamer #pcgamer #beard,
Abhirup Das,Returning to #WarThunder tonight! #beardo #twitch #streamer #TwitchAffiliate #SupportSmallStreamers #consolegamer #pcgamer #beard,"Leading men‚Äôs grooming and lifestyle brand @BeardoForMen , today announced the launch of its first-ever aqua fragrance ""Tsunami"". @vickykaushal09#Beardo #Man #announced #launch #fragrance #Tsunami #deodorant #smellgood #bollywood #brandambassadorhttps://indiantelevision.com/mam/media-and-advertising/ad-campaigns/vicky-kaushal-in-a-double-role-in-his-next-ad-film-for-beardos-new-powerful-scent-launch-tsunami-230505‚Ä¶",afaqs.comVicky Kaushal plays a double role in the new ad film of BeardoThe campaign is designed to launch a new scent ‚Äì Tsunami.
Indiantelevision.com,Hello @BeardoForMenHelp me!!! Save me from the embarrassment. The beard is laughing at me.Moustache of Abhirup Das. #SaveMyMoustach #DoesBreadoCare #Beardo,".@BeardoForMen launches its first-ever aqua fragrance ""Tsunami""; Features Vicky Kaushal in its spot who plays a double role.#beardo | #advertising | #marketing | #campaign | #fragrance | @SujotMalhotra | #vickykaushal | @vickykaushal09",
afaqs!,"Leading men‚Äôs grooming and lifestyle brand @BeardoForMen , today announced the launch of its first-ever aqua fragrance ""Tsunami"". @vickykaushal09#Beardo #Man #announced #launch #fragrance #Tsunami #deodorant #smellgood #bollywood #brandambassadorhttps://indiantelevision.com/mam/media-and-advertising/ad-campaigns/vicky-kaushal-in-a-double-role-in-his-next-ad-film-for-beardos-new-powerful-scent-launch-tsunami-230505‚Ä¶",Caution! The TSUNAMI has arrived!You can get caught in the storm....or you can BE the storm! #Beardo #BeBeardo #TsunamiEDP @vickykaushal09,Awww take this to grow real beard √ü‚ç∫ts√∏upmuncher.#Beardo
Beardo,".@BeardoForMen launches its first-ever aqua fragrance ""Tsunami""; Features Vicky Kaushal in its spot who plays a double role.#beardo | #advertising | #marketing | #campaign | #fragrance | @SujotMalhotra | #vickykaushal | @vickykaushal09",Replying to @Xongkuro,
Tans,Replying to @Xongkuro,Replying to @oku_yungx,
Goldi Locks,Replying to @oku_yungx,New Episode up now! Give it a listen and don‚Äôt forget to follow us on all the platforms! #podcast #podcastandchillwithmacg #fyp #fypage #nerds #nerd #BTOB #FreenBecky #beardo #beardoweirdo @BeardOhWeirdOh,read image descriptionALTBeardo
"Saveora - Coupons, Deals & Cashback Website",New Episode up now! Give it a listen and don‚Äôt forget to follow us on all the platforms! #podcast #podcastandchillwithmacg #fyp #fypage #nerds #nerd #BTOB #FreenBecky #beardo #beardoweirdo @BeardOhWeirdOh,Tighten your seat belts.... A STORM is coming#beardo #bebeardo #strom,"twitch.tvDemonspeed13 - TwitchPc and console gamer, family man and all around car and motorcycle nut! New to streaming but trying my best. Come hang out and have a good time. I play all kinds of different games."
Goldi Locks,More #StarWarsJediSurvivor tonight! #beardo #twitch #streamer #TwitchAffiliate #SupportSmallStreamers #consolegamer #pcgamer #beard,Beardo special #beard #BeardGang #beardo #beards @BeardoForMen @TheBeardosNFT #viratkholi #AUTTA #LESSERAFIM_UNFORGIVEN #LE_SSERAFIM #MetGala #,"twitch.tvDemonspeed13 - TwitchPc and console gamer, family man and all around car and motorcycle nut! New to streaming but trying my best. Come hang out and have a good time. I play all kinds of different games."
Demonspeed13,Beardo special #beard #BeardGang #beardo #beards @BeardoForMen @TheBeardosNFT #viratkholi #AUTTA #LESSERAFIM_UNFORGIVEN #LE_SSERAFIM #MetGala #,Get Don Beardo Beard Growth Pro Kit for Rs.999 + Earn Extra Flat 15% Yugmedeals CashbackCashback Link: https://yugmedeals.com/stores/beardo-coupon‚Ä¶#yugmedeals #Beardo #BeardoGrooming #BeardCare #BeardoProducts #BeardoBeardOil #BeardGrowth #MensGrooming #BeardStyle #BeardoBeardBalm #BeardLover,"twitch.tvDemonspeed13 - TwitchPc and console gamer, family man and all around car and motorcycle nut! New to streaming but trying my best. Come hang out and have a good time. I play all kinds of different games."
Demonspeed13,Get Don Beardo Beard Growth Pro Kit for Rs.999 + Earn Extra Flat 15% Yugmedeals CashbackCashback Link: https://yugmedeals.com/stores/beardo-coupon‚Ä¶#yugmedeals #Beardo #BeardoGrooming #BeardCare #BeardoProducts #BeardoBeardOil #BeardGrowth #MensGrooming #BeardStyle #BeardoBeardBalm #BeardLover,#Beards will Never hide identity. they create it.##tweet##beardo##,17815.5K
Jeff D. Lowe,#Beards will Never hide identity. they create it.##tweet##beardo##,"Starting a new game on #Wartales after getting wiped by plague people lol, swapping to #StarWarsJediSurvivor at midnight and hope the game runs! #beardo #twitch #streamer #TwitchAffiliate #SupportSmallStreamers #consolegamer #pcgamer #beard",
Demonspeed13,@PFTCommenter YOUR BOYS!!!!!! #DudePerfect #Beardo,Just a little crazy beardo yesterday afternoon. #beardo,
jawdroppingofferz,Just a little crazy beardo yesterday afternoon. #beardo,60% Off : #Beardo Hair Growth Combo Rs. 699 (Apply Code : BDHAIR)https://bit.ly/3L3gvb8Join #Telegram Channel: https://bit.ly/3rDQO7F,
Demonspeed13,"#Beardo Face The Sun Starter Kit @ Rs.545MRP ‚Çπ1,023Link- https://bit.ly/3n0hAbEFor more offer links, Join Telegram Channel: https://bit.ly/3rDQO7F",Another painting stream tonight! #beardo #twitch #streamer #TwitchAffiliate #SupportSmallStreamers #consolegamer #pcgamer #beard #warhammer40k #miniatures #painting,"twitch.tvDemonspeed13 - TwitchPc and console gamer, family man and all around car and motorcycle nut! New to streaming but trying my best. Come hang out and have a good time. I play all kinds of different games."
Demonspeed13,Another painting stream tonight! #beardo #twitch #streamer #TwitchAffiliate #SupportSmallStreamers #consolegamer #pcgamer #beard #warhammer40k #miniatures #painting,"Okay, ùòØùò∞ùò∏ I grow my beard ALL THE WAY out. #beardo",
Beardo,"Okay, ùòØùò∞ùò∏ I grow my beard ALL THE WAY out. #beardo",More #Wartales tonight! #beardo #twitch #streamer #TwitchAffiliate #SupportSmallStreamers #consolegamer #pcgamer #beard,
jawdroppingofferz,More #Wartales tonight! #beardo #twitch #streamer #TwitchAffiliate #SupportSmallStreamers #consolegamer #pcgamer #beard,"Get flat Rs 500 off* on a minimum order value of Rs 1500 on #Beardo through Shivalik Bank RuPay Debit Card.Coupon Code: INSBEARDOTo know more, click https://bit.ly/3LeEMMF T&C apply#Offers #Rupay #DebitCard #ShivalikSmallFinanceBank",
‚òáSean McMullen‚òá, Beardo Whisky Smoke & Mafia Perfume EDP Combo At Rs.569/- [ Mrp -1498/-]¬†Link: https://bit.ly/3A9HyfN USE CODE: WMCOMBO Note: Get Free Charcoal Facewash Worth Rs 120 for Prepaid orders #Beardo #Perfume,3 absolutely world beaters!!!! Loved all three #Beardo #Waddla #GazzaHalf a billions worth these days.,
Demonspeed13,Get the bold and edgy look you desire with Beardo Whiskey Smoke! ‚Äç #Beardo #WhiskeySmoke #GroomingEssentials#maturemen #mirabhayandar #miraroad #selfcareday #vitamincserum #vitamincskincare #smallbusinessmumbai #selfcareformen #manessentials #goodlookingmen #groomedmen,Beard > Everyone #beardo #bebeardo #dumptherazor #hairymasculinity,
snapbuy.online,GRAB : 73% Off : Beardo Thug Life Perfume (50 ml x 4)@ 959 + Free Facewash.Apply Coupon : CKTHUGhttps://bit.ly/3GOKkuQ#Beardo #ThugLife #Perfume,Going live with more #DREDGE for a bit! #beardo #twitch #streamer #TwitchAffiliate #SupportSmallStreamers #consolegamer #pcgamer #beard,24
jawdroppingofferz,Going live with more #DREDGE for a bit! #beardo #twitch #streamer #TwitchAffiliate #SupportSmallStreamers #consolegamer #pcgamer #beard,"The character in our fanart game cursor is Beardo, a smug bear villager in the Animal Crossing series. He has an educational hobby and appears as a turquoise bear with a brown mustache. #CustomCursor #Cursor #fanart #AnimalCrossing #Beardo #acnhbeardo https://custom-cursor.com/collection/animal-crossing/acnh-beardo-globe/?utm_source=twitter&utm_medium=tweet-links‚Ä¶",
Beardo,"The character in our fanart game cursor is Beardo, a smug bear villager in the Animal Crossing series. He has an educational hobby and appears as a turquoise bear with a brown mustache. #CustomCursor #Cursor #fanart #AnimalCrossing #Beardo #acnhbeardo https://custom-cursor.com/collection/animal-crossing/acnh-beardo-globe/?utm_source=twitter&utm_medium=tweet-links‚Ä¶",Going live with more #DREDGE! May swap games later but damn this game is fun! #beardo #twitch #streamer #TwitchAffiliate #SupportSmallStreamers #consolegamer #pcgamer #beard,
jawdroppingofferz,Going live with more #DREDGE! May swap games later but damn this game is fun! #beardo #twitch #streamer #TwitchAffiliate #SupportSmallStreamers #consolegamer #pcgamer #beard,#Beardo Assorted #Premium Fragrances for Men @ ‚Çπ467Use Code - VIBD22+Beardo De-Tan #Facewash for Men On Prepaid Orders Link - https://bit.ly/3zSACne,
jawdroppingofferz,"Beardo Ultimate Summer Essentials Combo @ ‚Çπ779 [Mrp : 2093]Link: https://bit.ly/3o8VILH Apply Code: VIBD22IncludesHair Serum (50ml), Ultraglow Facewash (100ml), Beardo Mariner Captain Jack Perfume #Beardo",Get Thug Life Perfume Combo @ ‚Çπ999 Worth ‚Çπ3496 only on BeardoUse Code: THUGShop Now!https://bit.ly/3zQeGZQ#Beardo #perfumes,"twitch.tvDemonspeed13 - TwitchPc and console gamer, family man and all around car and motorcycle nut! New to streaming but trying my best. Come hang out and have a good time. I play all kinds of different games."
,Swapping to #DREDGE for a bit! #beardo #twitch #streamer #TwitchAffiliate #SupportSmallStreamers #consolegamer #pcgamer #beard,"Going live! Chill stream tonight! Playing a bit of #SnowRunner and .aybe other games, we shall see what the night brings! #beardo #twitch #streamer #TwitchAffiliate #SupportSmallStreamers #consolegamer #pcgamer #beard",Hey recycle those bottles you #beardo
Demonspeed13,,Replying to @Imposter_Edits,
Vincent G. C.,"Going live! Chill stream tonight! Playing a bit of #SnowRunner and .aybe other games, we shall see what the night brings! #beardo #twitch #streamer #TwitchAffiliate #SupportSmallStreamers #consolegamer #pcgamer #beard",OK peppino! Let‚Äôs be heros!!! #pizzatowerfanart #pizzatower #okkofanart #peppino #beardo,"twitch.tvDemonspeed13 - TwitchPc and console gamer, family man and all around car and motorcycle nut! New to streaming but trying my best. Come hang out and have a good time. I play all kinds of different games."
Dakku~Boi,Replying to @Imposter_Edits,Surprise! I'm actually streaming again! Playing some #LastEpoch tonight! #beardo #twitch #streamer #TwitchAffiliate #SupportSmallStreamers #consolegamer #pcgamer #beard,"twitch.tvDemonspeed13 - TwitchPc and console gamer, family man and all around car and motorcycle nut! New to streaming but trying my best. Come hang out and have a good time. I play all kinds of different games."
, Beardo Loot Deal! Buy Beardo Turmeric Facewash Worth Rs 250 At Rs.100/-USE CODE: NTPW99https://bit.ly/43aeO2U#Beardo #Facewash,,
Beardo, Beardo Loot Deal! Buy Beardo Turmeric Facewash Worth Rs 250 At Rs.100/-USE CODE: NTPW99https://bit.ly/43aeO2U#Beardo #Facewash,We are live! Playing more #RemnantFromtheAshes tonight!#beardo #twitch #streamer #TwitchAffiliate #SupportSmallStreamers #consolegamer #pcgamer #beard," Calling all beard enthusiasts!Experience the transformative power of Beardo Beard & Hair Growth Oil (50 ML) ‚Äì the ultimate grooming essential!Originally priced at ‚Çπ750, you can now grab the Beardo Beard & Hair Growth Oil for just ‚Çπ680#Beardo #rmemart"
Demonspeed13,@MumbaiPolice will this get us arrested? #HappyWhiskyDay #WhiskySmoke #Dontdriveanddrive #WorldWhiskeyDay #Beardo," Calling all beard enthusiasts!Experience the transformative power of Beardo Beard & Hair Growth Oil (50 ML) ‚Äì the ultimate grooming essential!Originally priced at ‚Çπ750, you can now grab the Beardo Beard & Hair Growth Oil for just ‚Çπ680#Beardo #rmemart",This big city beardo is spending the next five days in Winnipeg. I‚Äôm excited‚Ä¶ I think. ‚Ä¢‚Ä¢‚Ä¢#igerstoronto #toronto #ontario #canada #urban_toronto #torontophotography #gayboy #financialdistricttoronto #beardo #tdcentre #commercecourt https://instagr.am/p/CscOCVBPOAI/
Jason Paris (he/him)," Calling all beard enthusiasts!Experience the transformative power of Beardo Beard & Hair Growth Oil (50 ML) ‚Äì the ultimate grooming essential!Originally priced at ‚Çπ750, you can now grab the Beardo Beard & Hair Growth Oil for just ‚Çπ680#Beardo #rmemart",We are live with some more #StarWarsJediSurvivor and then maybe some #RemnantFromtheAshes later! #beardo #twitch #streamer #TwitchAffiliate #SupportSmallStreamers #consolegamer #pcgamer #beard, Buy Beardo Tsunami Perfume EDP (100ml) At Rs.545/- [MRP - 1200/-]Use Code: VIBD22https://bit.ly/3Ism3vr#Beardo #Perfume
jawdroppingofferz,This big city beardo is spending the next five days in Winnipeg. I‚Äôm excited‚Ä¶ I think. ‚Ä¢‚Ä¢‚Ä¢#igerstoronto #toronto #ontario #canada #urban_toronto #torontophotography #gayboy #financialdistricttoronto #beardo #tdcentre #commercecourt https://instagr.am/p/CscOCVBPOAI/, Buy Beardo Tsunami Perfume EDP (100ml) At Rs.545/- [MRP - 1200/-]Use Code: VIBD22https://bit.ly/3Ism3vr#Beardo #Perfume," Looking to enhance your mustache growth? Look no further! Discover the Beardo Mustache Growth Roll-On Hair Oil, now available at an unbeatable price on RM Emart.Checkout: https://bit.ly/43cFyjh#RMeMart #Beardo #MustacheGrowth"
Mayank Rathod, Beardo Loot Deal! Buy Beardo Turmeric Facewash Worth Rs 250 At Rs.100/-USE CODE: NTPW99https://bit.ly/3OoByrO#Beardo #Turmeric #Facewash," Looking to enhance your mustache growth? Look no further! Discover the Beardo Mustache Growth Roll-On Hair Oil, now available at an unbeatable price on RM Emart.Checkout: https://bit.ly/43cFyjh#RMeMart #Beardo #MustacheGrowth","LOOT Beardo : 30 Days Grooming Kit For Bearded MenUse Code : NTCK65@FaydaBazar24https://bit.ly/4392UpZMRP : 3144, Offer Price : 1100#Sale #Offer #beardo #mensgrooming #facewash #hairwax #Perfume"
Demonspeed13,"Beardo : De-tan skin care Trio 47% Off559/-MRP 1175/-Code : AD20Link : https://bit.ly/45oifVU#BeardoFor more offer links, Join #Telegram Channel: https://bit.ly/3rDQO7F","LOOT Beardo : 30 Days Grooming Kit For Bearded MenUse Code : NTCK65@FaydaBazar24https://bit.ly/4392UpZMRP : 3144, Offer Price : 1100#Sale #Offer #beardo #mensgrooming #facewash #hairwax #Perfume",Yesterday I Shared This Heritage Post of Free Masons Hall in Patialaand SeeToday Our Twitter Sensation #SuperModel@AdnanAliKhan555 JiHas Done His Photo Shoot at This Heritage PlacePosing In front of #FreeMasonsHall in #Patiala#Fashion #Model#Beardo #Heritage#Oldskool
ùêÜùêÆùê´ùê©ùêöùê´ùêØùêûùê¨ùê°‚ìàùêíùêöùêßùê†ùê°ùêö ùêÅùê°ùêöùê¢ ùêä,"LOOT Beardo : 30 Days Grooming Kit For Bearded MenUse Code : NTCK65@FaydaBazar24https://bit.ly/4392UpZMRP : 3144, Offer Price : 1100#Sale #Offer #beardo #mensgrooming #facewash #hairwax #Perfume",Playing some #WarThunder tonight! #beardo #twitch #streamer #TwitchAffiliate #SupportSmallStreamers #consolegamer #pcgamer #beard,Back to the games tonight! More #StarWarsJediSurvivor! #beardo #twitch #streamer #TwitchAffiliate #SupportSmallStreamers #consolegamer #pcgamer #beard
Demonspeed13,Playing some #WarThunder tonight! #beardo #twitch #streamer #TwitchAffiliate #SupportSmallStreamers #consolegamer #pcgamer #beard,Yesterday I Shared This Heritage Post of Free Masons Hall in Patialaand SeeToday Our Twitter Sensation #SuperModel@AdnanAliKhan555 JiHas Done His Photo Shoot at This Heritage PlacePosing In front of #FreeMasonsHall in #Patiala#Fashion #Model#Beardo #Heritage#Oldskool," #Beardo : De Tan (Face Wash Body #Wash #Face Scrub) @ 506 Use Code : VIBD22https://bit.ly/3Bl5ayzMRP : ‚Çπ924, Offer Price : ‚Çπ506https://t.me/dealofday2022"
deal offer,Yesterday I Shared This Heritage Post of Free Masons Hall in Patialaand SeeToday Our Twitter Sensation #SuperModel@AdnanAliKhan555 JiHas Done His Photo Shoot at This Heritage PlacePosing In front of #FreeMasonsHall in #Patiala#Fashion #Model#Beardo #Heritage#Oldskool,Back to the games tonight! More #StarWarsJediSurvivor! #beardo #twitch #streamer #TwitchAffiliate #SupportSmallStreamers #consolegamer #pcgamer #beard,More #miniaturepainting tonight! #beardo #twitch #streamer #TwitchAffiliate #SupportSmallStreamers #consolegamer #pcgamer #beard #warhammer40k #miniatures #painting
Demonspeed13,Back to the games tonight! More #StarWarsJediSurvivor! #beardo #twitch #streamer #TwitchAffiliate #SupportSmallStreamers #consolegamer #pcgamer #beard," #Beardo : De Tan (Face Wash Body #Wash #Face Scrub) @ 506 Use Code : VIBD22https://bit.ly/3Bl5ayzMRP : ‚Çπ924, Offer Price : ‚Çπ506https://t.me/dealofday2022","Beardo : Ultimate Summer Essential Kit @ ‚Çπ935Use Code : VIBD22https://bit.ly/3nKw0xbMRP : 2093, Offer Price : 935 Includes : 1. Hair Serum (50ml)2. Ultraglow Facewash (100ml)3. Beardo Mariner Captain Jack Perfume Body Spray (120ml)#Beardo #Perfumes #BEARD"
jawdroppingofferz," #Beardo : De Tan (Face Wash Body #Wash #Face Scrub) @ 506 Use Code : VIBD22https://bit.ly/3Bl5ayzMRP : ‚Çπ924, Offer Price : ‚Çπ506https://t.me/dealofday2022",More #miniaturepainting tonight! #beardo #twitch #streamer #TwitchAffiliate #SupportSmallStreamers #consolegamer #pcgamer #beard #warhammer40k #miniatures #painting,Live with some @EAMaddenNFL 23 for the first time on @PlayStation and @Twitch https://twitch.tv/hawkii_pro?sr=a@YT_TwitchGrowth @UniversalRTs @ITRTG @Twitch_RT @TwitchNetworkHQ @Retweelgend @booststreamttv @TwitchStreamSUP @BlazedRTs #subscribe #twitchstreamer #Madden23 #beardo
RootCauseGaming,More #miniaturepainting tonight! #beardo #twitch #streamer #TwitchAffiliate #SupportSmallStreamers #consolegamer #pcgamer #beard #warhammer40k #miniatures #painting,"Beardo : Ultimate Summer Essential Kit @ ‚Çπ935Use Code : VIBD22https://bit.ly/3nKw0xbMRP : 2093, Offer Price : 935 Includes : 1. Hair Serum (50ml)2. Ultraglow Facewash (100ml)3. Beardo Mariner Captain Jack Perfume Body Spray (120ml)#Beardo #Perfumes #BEARD",A man deserves a little more this Summer. Find your cool moment with Beardo's Ice Blast Body Wash.Check it out now https://clnk.in/sUubThe most freezing summer is here by Beardo https://chillies.red/watch?v=4SQCzi3ItnE‚Ä¶#Beardo #ChilliesDotRed #India
jawdroppingofferz,Live with some @EAMaddenNFL 23 for the first time on @PlayStation and @Twitch https://twitch.tv/hawkii_pro?sr=a@YT_TwitchGrowth @UniversalRTs @ITRTG @Twitch_RT @TwitchNetworkHQ @Retweelgend @booststreamttv @TwitchStreamSUP @BlazedRTs #subscribe #twitchstreamer #Madden23 #beardo,A man deserves a little more this Summer. Find your cool moment with Beardo's Ice Blast Body Wash.Check it out now https://clnk.in/sUubThe most freezing summer is here by Beardo https://chillies.red/watch?v=4SQCzi3ItnE‚Ä¶#Beardo #ChilliesDotRed #India,
, Beardo Loot Deal! Buy Beardo Turmeric Facewash Worth Rs 250 At Rs.100/-USE CODE: NTPW99https://bit.ly/43aeO2U#Beardo #Facewash,,
Beardo, Beardo Loot Deal! Buy Beardo Turmeric Facewash Worth Rs 250 At Rs.100/-USE CODE: NTPW99https://bit.ly/43aeO2U#Beardo #Facewash,We are live! Playing more #RemnantFromtheAshes tonight!#beardo #twitch #streamer #TwitchAffiliate #SupportSmallStreamers #consolegamer #pcgamer #beard," Calling all beard enthusiasts!Experience the transformative power of Beardo Beard & Hair Growth Oil (50 ML) ‚Äì the ultimate grooming essential!Originally priced at ‚Çπ750, you can now grab the Beardo Beard & Hair Growth Oil for just ‚Çπ680#Beardo #rmemart"
Demonspeed13,@MumbaiPolice will this get us arrested? #HappyWhiskyDay #WhiskySmoke #Dontdriveanddrive #WorldWhiskeyDay #Beardo," Calling all beard enthusiasts!Experience the transformative power of Beardo Beard & Hair Growth Oil (50 ML) ‚Äì the ultimate grooming essential!Originally priced at ‚Çπ750, you can now grab the Beardo Beard & Hair Growth Oil for just ‚Çπ680#Beardo #rmemart",This big city beardo is spending the next five days in Winnipeg. I‚Äôm excited‚Ä¶ I think. ‚Ä¢‚Ä¢‚Ä¢#igerstoronto #toronto #ontario #canada #urban_toronto #torontophotography #gayboy #financialdistricttoronto #beardo #tdcentre #commercecourt https://instagr.am/p/CscOCVBPOAI/
Jason Paris (he/him)," Calling all beard enthusiasts!Experience the transformative power of Beardo Beard & Hair Growth Oil (50 ML) ‚Äì the ultimate grooming essential!Originally priced at ‚Çπ750, you can now grab the Beardo Beard & Hair Growth Oil for just ‚Çπ680#Beardo #rmemart",We are live with some more #StarWarsJediSurvivor and then maybe some #RemnantFromtheAshes later! #beardo #twitch #streamer #TwitchAffiliate #SupportSmallStreamers #consolegamer #pcgamer #beard, Buy Beardo Tsunami Perfume EDP (100ml) At Rs.545/- [MRP - 1200/-]Use Code: VIBD22https://bit.ly/3Ism3vr#Beardo #Perfume
jawdroppingofferz,This big city beardo is spending the next five days in Winnipeg. I‚Äôm excited‚Ä¶ I think. ‚Ä¢‚Ä¢‚Ä¢#igerstoronto #toronto #ontario #canada #urban_toronto #torontophotography #gayboy #financialdistricttoronto #beardo #tdcentre #commercecourt https://instagr.am/p/CscOCVBPOAI/, Buy Beardo Tsunami Perfume EDP (100ml) At Rs.545/- [MRP - 1200/-]Use Code: VIBD22https://bit.ly/3Ism3vr#Beardo #Perfume," Looking to enhance your mustache growth? Look no further! Discover the Beardo Mustache Growth Roll-On Hair Oil, now available at an unbeatable price on RM Emart.Checkout: https://bit.ly/43cFyjh#RMeMart #Beardo #MustacheGrowth"
Mayank Rathod, Beardo Loot Deal! Buy Beardo Turmeric Facewash Worth Rs 250 At Rs.100/-USE CODE: NTPW99https://bit.ly/3OoByrO#Beardo #Turmeric #Facewash," Looking to enhance your mustache growth? Look no further! Discover the Beardo Mustache Growth Roll-On Hair Oil, now available at an unbeatable price on RM Emart.Checkout: https://bit.ly/43cFyjh#RMeMart #Beardo #MustacheGrowth","LOOT Beardo : 30 Days Grooming Kit For Bearded MenUse Code : NTCK65@FaydaBazar24https://bit.ly/4392UpZMRP : 3144, Offer Price : 1100#Sale #Offer #beardo #mensgrooming #facewash #hairwax #Perfume"
Demonspeed13,"Beardo : De-tan skin care Trio 47% Off559/-MRP 1175/-Code : AD20Link : https://bit.ly/45oifVU#BeardoFor more offer links, Join #Telegram Channel: https://bit.ly/3rDQO7F","LOOT Beardo : 30 Days Grooming Kit For Bearded MenUse Code : NTCK65@FaydaBazar24https://bit.ly/4392UpZMRP : 3144, Offer Price : 1100#Sale #Offer #beardo #mensgrooming #facewash #hairwax #Perfume",Yesterday I Shared This Heritage Post of Free Masons Hall in Patialaand SeeToday Our Twitter Sensation #SuperModel@AdnanAliKhan555 JiHas Done His Photo Shoot at This Heritage PlacePosing In front of #FreeMasonsHall in #Patiala#Fashion #Model#Beardo #Heritage#Oldskool
ùêÜùêÆùê´ùê©ùêöùê´ùêØùêûùê¨ùê°‚ìàùêíùêöùêßùê†ùê°ùêö ùêÅùê°ùêöùê¢ ùêä,"LOOT Beardo : 30 Days Grooming Kit For Bearded MenUse Code : NTCK65@FaydaBazar24https://bit.ly/4392UpZMRP : 3144, Offer Price : 1100#Sale #Offer #beardo #mensgrooming #facewash #hairwax #Perfume",Playing some #WarThunder tonight! #beardo #twitch #streamer #TwitchAffiliate #SupportSmallStreamers #consolegamer #pcgamer #beard,Back to the games tonight! More #StarWarsJediSurvivor! #beardo #twitch #streamer #TwitchAffiliate #SupportSmallStreamers #consolegamer #pcgamer #beard
Demonspeed13,Playing some #WarThunder tonight! #beardo #twitch #streamer #TwitchAffiliate #SupportSmallStreamers #consolegamer #pcgamer #beard,Yesterday I Shared This Heritage Post of Free Masons Hall in Patialaand SeeToday Our Twitter Sensation #SuperModel@AdnanAliKhan555 JiHas Done His Photo Shoot at This Heritage PlacePosing In front of #FreeMasonsHall in #Patiala#Fashion #Model#Beardo #Heritage#Oldskool," #Beardo : De Tan (Face Wash Body #Wash #Face Scrub) @ 506 Use Code : VIBD22https://bit.ly/3Bl5ayzMRP : ‚Çπ924, Offer Price : ‚Çπ506https://t.me/dealofday2022"
deal offer,Yesterday I Shared This Heritage Post of Free Masons Hall in Patialaand SeeToday Our Twitter Sensation #SuperModel@AdnanAliKhan555 JiHas Done His Photo Shoot at This Heritage PlacePosing In front of #FreeMasonsHall in #Patiala#Fashion #Model#Beardo #Heritage#Oldskool,Back to the games tonight! More #StarWarsJediSurvivor! #beardo #twitch #streamer #TwitchAffiliate #SupportSmallStreamers #consolegamer #pcgamer #beard,More #miniaturepainting tonight! #beardo #twitch #streamer #TwitchAffiliate #SupportSmallStreamers #consolegamer #pcgamer #beard #warhammer40k #miniatures #painting
Demonspeed13,Back to the games tonight! More #StarWarsJediSurvivor! #beardo #twitch #streamer #TwitchAffiliate #SupportSmallStreamers #consolegamer #pcgamer #beard," #Beardo : De Tan (Face Wash Body #Wash #Face Scrub) @ 506 Use Code : VIBD22https://bit.ly/3Bl5ayzMRP : ‚Çπ924, Offer Price : ‚Çπ506https://t.me/dealofday2022","Beardo : Ultimate Summer Essential Kit @ ‚Çπ935Use Code : VIBD22https://bit.ly/3nKw0xbMRP : 2093, Offer Price : 935 Includes : 1. Hair Serum (50ml)2. Ultraglow Facewash (100ml)3. Beardo Mariner Captain Jack Perfume Body Spray (120ml)#Beardo #Perfumes #BEARD"
jawdroppingofferz," #Beardo : De Tan (Face Wash Body #Wash #Face Scrub) @ 506 Use Code : VIBD22https://bit.ly/3Bl5ayzMRP : ‚Çπ924, Offer Price : ‚Çπ506https://t.me/dealofday2022",More #miniaturepainting tonight! #beardo #twitch #streamer #TwitchAffiliate #SupportSmallStreamers #consolegamer #pcgamer #beard #warhammer40k #miniatures #painting,Live with some @EAMaddenNFL 23 for the first time on @PlayStation and @Twitch https://twitch.tv/hawkii_pro?sr=a@YT_TwitchGrowth @UniversalRTs @ITRTG @Twitch_RT @TwitchNetworkHQ @Retweelgend @booststreamttv @TwitchStreamSUP @BlazedRTs #subscribe #twitchstreamer #Madden23 #beardo
RootCauseGaming,More #miniaturepainting tonight! #beardo #twitch #streamer #TwitchAffiliate #SupportSmallStreamers #consolegamer #pcgamer #beard #warhammer40k #miniatures #painting,"Beardo : Ultimate Summer Essential Kit @ ‚Çπ935Use Code : VIBD22https://bit.ly/3nKw0xbMRP : 2093, Offer Price : 935 Includes : 1. Hair Serum (50ml)2. Ultraglow Facewash (100ml)3. Beardo Mariner Captain Jack Perfume Body Spray (120ml)#Beardo #Perfumes #BEARD",A man deserves a little more this Summer. Find your cool moment with Beardo's Ice Blast Body Wash.Check it out now https://clnk.in/sUubThe most freezing summer is here by Beardo https://chillies.red/watch?v=4SQCzi3ItnE‚Ä¶#Beardo #ChilliesDotRed #India
jawdroppingofferz,Live with some @EAMaddenNFL 23 for the first time on @PlayStation and @Twitch https://twitch.tv/hawkii_pro?sr=a@YT_TwitchGrowth @UniversalRTs @ITRTG @Twitch_RT @TwitchNetworkHQ @Retweelgend @booststreamttv @TwitchStreamSUP @BlazedRTs #subscribe #twitchstreamer #Madden23 #beardo,A man deserves a little more this Summer. Find your cool moment with Beardo's Ice Blast Body Wash.Check it out now https://clnk.in/sUubThe most freezing summer is here by Beardo https://chillies.red/watch?v=4SQCzi3ItnE‚Ä¶#Beardo #ChilliesDotRed #India,More #miniaturepainting tonight! #beardo #twitch #streamer #TwitchAffiliate #SupportSmallStreamers #consolegamer #pcgamer #beard #warhammer40k #miniatures
Beardo,"Beardo : Hair Fall Control Kit (Shampoo, Serum & Growth Oil) @ 701Use Code : VIBD22https://bit.ly/3M84bIdMRP : 1404, Offer Price : 701 #Beardo #Shampoo #Serum #haircare #beardedguy",More #miniaturepainting tonight! #beardo #twitch #streamer #TwitchAffiliate #SupportSmallStreamers #consolegamer #pcgamer #beard #warhammer40k #miniatures,Elevate your fragrance game with Beardo‚Äôs Whisky Smoke perfume!@BeardoForMen ...#beardo #productcommercial #adfilm #filmmaking #videography
Nilanjan Das,More #miniaturepainting tonight! #beardo #twitch #streamer #TwitchAffiliate #SupportSmallStreamers #consolegamer #pcgamer #beard #warhammer40k #miniatures,Comment ‚Äú‚Äù if you agree.#Beardo #bebeardo #Hairymasculinity,"Depressive episode is over, I‚Äôm the greatest thing in existence again ....#retreat #timecapsule #photoshoot #photography #posingideas #ootd #whiteoutfit #outfitideas #outfitoftheday #mindrelaxing #greenarchitecture #jungle #beardo #desimen #malaysianmen #vacation"
Demonspeed13,Elevate your fragrance game with Beardo‚Äôs Whisky Smoke perfume!@BeardoForMen ...#beardo #productcommercial #adfilm #filmmaking #videography,"Depressive episode is over, I‚Äôm the greatest thing in existence again ....#retreat #timecapsule #photoshoot #photography #posingideas #ootd #whiteoutfit #outfitideas #outfitoftheday #mindrelaxing #greenarchitecture #jungle #beardo #desimen #malaysianmen #vacation",Returning to #WarThunder tonight! #beardo #twitch #streamer #TwitchAffiliate #SupportSmallStreamers #consolegamer #pcgamer #beard
Demonspeed13,"Depressive episode is over, I‚Äôm the greatest thing in existence again ....#retreat #timecapsule #photoshoot #photography #posingideas #ootd #whiteoutfit #outfitideas #outfitoftheday #mindrelaxing #greenarchitecture #jungle #beardo #desimen #malaysianmen #vacation",Another #miniaturepainting stream tonight! #beardo #twitch #streamer #TwitchAffiliate #SupportSmallStreamers #consolegamer #pcgamer #beard #warhammer40k #miniatures,Hello @BeardoForMenHelp me!!! Save me from the embarrassment. The beard is laughing at me.Moustache of Abhirup Das. #SaveMyMoustach #DoesBreadoCare #Beardo
Abhirup Das,Another #miniaturepainting stream tonight! #beardo #twitch #streamer #TwitchAffiliate #SupportSmallStreamers #consolegamer #pcgamer #beard #warhammer40k #miniatures,Returning to #WarThunder tonight! #beardo #twitch #streamer #TwitchAffiliate #SupportSmallStreamers #consolegamer #pcgamer #beard,"Leading men‚Äôs grooming and lifestyle brand @BeardoForMen , today announced the launch of its first-ever aqua fragrance ""Tsunami"". @vickykaushal09#Beardo #Man #announced #launch #fragrance #Tsunami #deodorant #smellgood #bollywood #brandambassadorhttps://indiantelevision.com/mam/media-and-advertising/ad-campaigns/vicky-kaushal-in-a-double-role-in-his-next-ad-film-for-beardos-new-powerful-scent-launch-tsunami-230505‚Ä¶"
,@MumbaiPolice will this get us arrested? #HappyWhiskyDay #WhiskySmoke #Dontdriveanddrive #WorldWhiskeyDay #Beardo,,
Jason Paris (he/him),@MumbaiPolice will this get us arrested? #HappyWhiskyDay #WhiskySmoke #Dontdriveanddrive #WorldWhiskeyDay #Beardo," Calling all beard enthusiasts!Experience the transformative power of Beardo Beard & Hair Growth Oil (50 ML) ‚Äì the ultimate grooming essential!Originally priced at ‚Çπ750, you can now grab the Beardo Beard & Hair Growth Oil for just ‚Çπ680#Beardo #rmemart",We are live with some more #StarWarsJediSurvivor and then maybe some #RemnantFromtheAshes later! #beardo #twitch #streamer #TwitchAffiliate #SupportSmallStreamers #consolegamer #pcgamer #beard
jawdroppingofferz,We are live with some more #StarWarsJediSurvivor and then maybe some #RemnantFromtheAshes later! #beardo #twitch #streamer #TwitchAffiliate #SupportSmallStreamers #consolegamer #pcgamer #beard,This big city beardo is spending the next five days in Winnipeg. I‚Äôm excited‚Ä¶ I think. ‚Ä¢‚Ä¢‚Ä¢#igerstoronto #toronto #ontario #canada #urban_toronto #torontophotography #gayboy #financialdistricttoronto #beardo #tdcentre #commercecourt https://instagr.am/p/CscOCVBPOAI/, Buy Beardo Tsunami Perfume EDP (100ml) At Rs.545/- [MRP - 1200/-]Use Code: VIBD22https://bit.ly/3Ism3vr#Beardo #Perfume
Fayda Bazar, Beardo Loot Deal! Buy Beardo Turmeric Facewash Worth Rs 250 At Rs.100/-USE CODE: NTPW99https://bit.ly/3OoByrO#Beardo #Turmeric #Facewash," Looking to enhance your mustache growth? Look no further! Discover the Beardo Mustache Growth Roll-On Hair Oil, now available at an unbeatable price on RM Emart.Checkout: https://bit.ly/43cFyjh#RMeMart #Beardo #MustacheGrowth","Beardo : De-tan skin care Trio 47% Off559/-MRP 1175/-Code : AD20Link : https://bit.ly/45oifVU#BeardoFor more offer links, Join #Telegram Channel: https://bit.ly/3rDQO7F"
Demonspeed13,"LOOT Beardo : 30 Days Grooming Kit For Bearded MenUse Code : NTCK65@FaydaBazar24https://bit.ly/4392UpZMRP : 3144, Offer Price : 1100#Sale #Offer #beardo #mensgrooming #facewash #hairwax #Perfume",Playing some #WarThunder tonight! #beardo #twitch #streamer #TwitchAffiliate #SupportSmallStreamers #consolegamer #pcgamer #beard,Yesterday I Shared This Heritage Post of Free Masons Hall in Patialaand SeeToday Our Twitter Sensation #SuperModel@AdnanAliKhan555 JiHas Done His Photo Shoot at This Heritage PlacePosing In front of #FreeMasonsHall in #Patiala#Fashion #Model#Beardo #Heritage#Oldskool
Demonspeed13,Yesterday I Shared This Heritage Post of Free Masons Hall in Patialaand SeeToday Our Twitter Sensation #SuperModel@AdnanAliKhan555 JiHas Done His Photo Shoot at This Heritage PlacePosing In front of #FreeMasonsHall in #Patiala#Fashion #Model#Beardo #Heritage#Oldskool,Back to the games tonight! More #StarWarsJediSurvivor! #beardo #twitch #streamer #TwitchAffiliate #SupportSmallStreamers #consolegamer #pcgamer #beard," #Beardo : De Tan (Face Wash Body #Wash #Face Scrub) @ 506 Use Code : VIBD22https://bit.ly/3Bl5ayzMRP : ‚Çπ924, Offer Price : ‚Çπ506https://t.me/dealofday2022"
RootCauseGaming," #Beardo : De Tan (Face Wash Body #Wash #Face Scrub) @ 506 Use Code : VIBD22https://bit.ly/3Bl5ayzMRP : ‚Çπ924, Offer Price : ‚Çπ506https://t.me/dealofday2022",More #miniaturepainting tonight! #beardo #twitch #streamer #TwitchAffiliate #SupportSmallStreamers #consolegamer #pcgamer #beard #warhammer40k #miniatures #painting,"Beardo : Ultimate Summer Essential Kit @ ‚Çπ935Use Code : VIBD22https://bit.ly/3nKw0xbMRP : 2093, Offer Price : 935 Includes : 1. Hair Serum (50ml)2. Ultraglow Facewash (100ml)3. Beardo Mariner Captain Jack Perfume Body Spray (120ml)#Beardo #Perfumes #BEARD"
jawdroppingofferz,"Beardo : Ultimate Summer Essential Kit @ ‚Çπ935Use Code : VIBD22https://bit.ly/3nKw0xbMRP : 2093, Offer Price : 935 Includes : 1. Hair Serum (50ml)2. Ultraglow Facewash (100ml)3. Beardo Mariner Captain Jack Perfume Body Spray (120ml)#Beardo #Perfumes #BEARD",Live with some @EAMaddenNFL 23 for the first time on @PlayStation and @Twitch https://twitch.tv/hawkii_pro?sr=a@YT_TwitchGrowth @UniversalRTs @ITRTG @Twitch_RT @TwitchNetworkHQ @Retweelgend @booststreamttv @TwitchStreamSUP @BlazedRTs #subscribe #twitchstreamer #Madden23 #beardo,A man deserves a little more this Summer. Find your cool moment with Beardo's Ice Blast Body Wash.Check it out now https://clnk.in/sUubThe most freezing summer is here by Beardo https://chillies.red/watch?v=4SQCzi3ItnE‚Ä¶#Beardo #ChilliesDotRed #India
Beardo,A man deserves a little more this Summer. Find your cool moment with Beardo's Ice Blast Body Wash.Check it out now https://clnk.in/sUubThe most freezing summer is here by Beardo https://chillies.red/watch?v=4SQCzi3ItnE‚Ä¶#Beardo #ChilliesDotRed #India,"Beardo : Hair Fall Control Kit (Shampoo, Serum & Growth Oil) @ 701Use Code : VIBD22https://bit.ly/3M84bIdMRP : 1404, Offer Price : 701 #Beardo #Shampoo #Serum #haircare #beardedguy",More #miniaturepainting tonight! #beardo #twitch #streamer #TwitchAffiliate #SupportSmallStreamers #consolegamer #pcgamer #beard #warhammer40k #miniatures
naveensayswhat,More #miniaturepainting tonight! #beardo #twitch #streamer #TwitchAffiliate #SupportSmallStreamers #consolegamer #pcgamer #beard #warhammer40k #miniatures,Comment ‚Äú‚Äù if you agree.#Beardo #bebeardo #Hairymasculinity,Elevate your fragrance game with Beardo‚Äôs Whisky Smoke perfume!@BeardoForMen ...#beardo #productcommercial #adfilm #filmmaking #videography
Demonspeed13,Elevate your fragrance game with Beardo‚Äôs Whisky Smoke perfume!@BeardoForMen ...#beardo #productcommercial #adfilm #filmmaking #videography,"Depressive episode is over, I‚Äôm the greatest thing in existence again ....#retreat #timecapsule #photoshoot #photography #posingideas #ootd #whiteoutfit #outfitideas #outfitoftheday #mindrelaxing #greenarchitecture #jungle #beardo #desimen #malaysianmen #vacation",Another #miniaturepainting stream tonight! #beardo #twitch #streamer #TwitchAffiliate #SupportSmallStreamers #consolegamer #pcgamer #beard #warhammer40k #miniatures
Indiantelevision.com,Another #miniaturepainting stream tonight! #beardo #twitch #streamer #TwitchAffiliate #SupportSmallStreamers #consolegamer #pcgamer #beard #warhammer40k #miniatures,Returning to #WarThunder tonight! #beardo #twitch #streamer #TwitchAffiliate #SupportSmallStreamers #consolegamer #pcgamer #beard,Hello @BeardoForMenHelp me!!! Save me from the embarrassment. The beard is laughing at me.Moustache of Abhirup Das. #SaveMyMoustach #DoesBreadoCare #Beardo
afaqs!,Returning to #WarThunder tonight! #beardo #twitch #streamer #TwitchAffiliate #SupportSmallStreamers #consolegamer #pcgamer #beard,Hello @BeardoForMenHelp me!!! Save me from the embarrassment. The beard is laughing at me.Moustache of Abhirup Das. #SaveMyMoustach #DoesBreadoCare #Beardo,"Leading men‚Äôs grooming and lifestyle brand @BeardoForMen , today announced the launch of its first-ever aqua fragrance ""Tsunami"". @vickykaushal09#Beardo #Man #announced #launch #fragrance #Tsunami #deodorant #smellgood #bollywood #brandambassadorhttps://indiantelevision.com/mam/media-and-advertising/ad-campaigns/vicky-kaushal-in-a-double-role-in-his-next-ad-film-for-beardos-new-powerful-scent-launch-tsunami-230505‚Ä¶"
Beardo,Hello @BeardoForMenHelp me!!! Save me from the embarrassment. The beard is laughing at me.Moustache of Abhirup Das. #SaveMyMoustach #DoesBreadoCare #Beardo,"Leading men‚Äôs grooming and lifestyle brand @BeardoForMen , today announced the launch of its first-ever aqua fragrance ""Tsunami"". @vickykaushal09#Beardo #Man #announced #launch #fragrance #Tsunami #deodorant #smellgood #bollywood #brandambassadorhttps://indiantelevision.com/mam/media-and-advertising/ad-campaigns/vicky-kaushal-in-a-double-role-in-his-next-ad-film-for-beardos-new-powerful-scent-launch-tsunami-230505‚Ä¶",".@BeardoForMen launches its first-ever aqua fragrance ""Tsunami""; Features Vicky Kaushal in its spot who plays a double role.#beardo | #advertising | #marketing | #campaign | #fragrance | @SujotMalhotra | #vickykaushal | @vickykaushal09"