"Head full of Marketing, Product and Growth","Finally, don't underestimate the power of social media. Use platforms like Twitter, Instagram, and LinkedIn to promote your product and engage with your audience. Dollar Shave Club is a great example of a company that has used social media to grow its user base."," Club has built a loyal customer base by providing a unique and high-quality customer experience. By offering affordable and convenient razor subscriptions, the ",What is a good shorthand for your company? Are you Dollar Shave Club for underwear? Are you Turo for caravans? Are you Freshbooks for plane ownership? #gainwithstewartilondanga #AR #AI #MR #XR #5G #NFT #Web3 #SaaS #AIoT #MLOps #Space #slack #DevOps #fintech #Metaverse #PS5 #Xbox
Web3 Marketers,"Ads have also been instrumental in the success of brands like Dollar Shave Club. The company used Facebook's Lookalike Audiences feature to target people who were similar to their existing customers, resulting in a 240% increase in traffic & a 380% increase in ROI",The company also leveraged social media to engage with customers and build a loyal following.Its social media accounts featured relatable content that resonated with its target audience. Dollar Shave Club also promoted its products through user-generated content campaigns.,"Dollar Shave Club's marketing strategy focused on disrupting the traditional razor market by offering a more convenient alternative. The company's humorous ad campaigns went viral, with its first commercial featuring CEO Michael Dubin garnering millions of views on YouTube."
Privilege,The company also leveraged social media to engage with customers and build a loyal following.Its social media accounts featured relatable content that resonated with its target audience. Dollar Shave Club also promoted its products through user-generated content campaigns.,"Good morning Twitter it's Day 16.And we will be talking about Dollar Shave Club, a company that, in only five years, got acquired by Unilever for $1 billion.But what makes them so special? Let's dive in!","Dollar Shave Club's marketing strategy focused on disrupting the traditional razor market by offering a more convenient alternative. The company's humorous ad campaigns went viral, with its first commercial featuring CEO Michael Dubin garnering millions of views on YouTube."
Web3 Marketers,"Ads have also been instrumental in the success of brands like Dollar Shave Club. The company used Facebook's Lookalike Audiences feature to target people who were similar to their existing customers, resulting in a 240% increase in traffic & a 380% increase in ROI", ,
Privilege,"Dollar Shave Club's marketing strategy focused on disrupting the traditional razor market by offering a more convenient alternative. The company's humorous ad campaigns went viral, with its first commercial featuring CEO Michael Dubin garnering millions of views on YouTube.",,
Privilege,"Dollar Shave Club's marketing strategy focused on disrupting the traditional razor market by offering a more convenient alternative. The company's humorous ad campaigns went viral, with its first commercial featuring CEO Michael Dubin garnering millions of views on YouTube.",Replying to @nytimes,Finally ditched Dollar Shave Club because of their anti-cop stance (and shitty blades) and got with a real no bullshit shave company. Thanks @JeremysRazors!
cmdshft,Replying to @nytimes,Dollar Shave Club's marketing campaign was a major success story that took the shaving industry by storm. Dollar Shave Club is a company that disrupted the shaving industry by offering a subscription-based service that delivers quality razors at a low pri…,"With Dollar Shave Club's innovative marketing approach, Unilever could leverage the company's loyal customer base and offer its own customers a more complete set of personal care products."
Vlad Ilyusha,"With Dollar Shave Club's innovative marketing approach, Unilever could leverage the company's loyal customer base and offer its own customers a more complete set of personal care products.",Replying to @5ymmetricChaos @SkipFrontzJr and @krassenstein,Replying to @HouseGOP
Hugh sermon,"And with that, Dollar Shave Club was born.Dubin's killer marketing campaigns and focus on customer service quickly earned the company a loyal following, transforming Dollar Shave Club into a cult brand.",Replying to @HouseGOP,"Love them or hate them, company slogans work.A great slogan:• Inspires positivity• Sells key benefits• Sticks in the mind• Sets the brand apartMy favorite: Dollar Shave Club'sThey stole 50% of online market share from Goliath Gillette.What's your favorite slogan?"
jakewhodat!,Replying to @5ymmetricChaos @SkipFrontzJr and @krassenstein,"Love them or hate them, company slogans work.A great slogan:• Inspires positivity• Sells key benefits• Sticks in the mind• Sets the brand apartMy favorite: Dollar Shave Club'sThey stole 50% of online market share from Goliath Gillette.What's your favorite slogan?",How Dollar Shave Club’s Founder Built a $1 Billion Company That Changed the Industry
Ashfaq,"Love them or hate them, company slogans work.A great slogan:• Inspires positivity• Sells key benefits• Sticks in the mind• Sets the brand apartMy favorite: Dollar Shave Club'sThey stole 50% of online market share from Goliath Gillette.What's your favorite slogan?",The Dollar Shave Club is a subscription-based service that delivers razors and other personal grooming products to its customers. The company was founded in 2011 by Michael Dubin and Mark Levine. Follow https://worldbrandaffairs.com for more info! #wba #worldbrandaffairs,"The ad quickly went viral and helped to establish Dollar Shave Club as a major player in the razor industry.By prioritising engagement and clarity in its opening, the company could make a strong first impression and capture the attention of potential customers."
David Gravel,The Dollar Shave Club is a subscription-based service that delivers razors and other personal grooming products to its customers. The company was founded in 2011 by Michael Dubin and Mark Levine. Follow https://worldbrandaffairs.com for more info! #wba #worldbrandaffairs,"One example of viral marketing is the Dollar Shave Club. You've probably seen their ads on TV or online. They started out with a hilarious video that went viral, and it helped them become a household name. Now they're a billion-dollar company. Not bad for a small business, huh?",Dollar Shave Club was part of Nicole Junkermann's company.
Oli,"One example of viral marketing is the Dollar Shave Club. You've probably seen their ads on TV or online. They started out with a hilarious video that went viral, and it helped them become a household name. Now they're a billion-dollar company. Not bad for a small business, huh?","I found out what happened that took Dollar Shave Club down for 8 days.I was hoping the company would publish a postmortem, but this has not happened, and my request for comment went unanswered.I'll publish what I learned next week (I reached out one last time for comment).",Replying to @DollarShaveClub and @TRock5220
TRIIIPLE | GROWTH MARKETING,Replying to @sxcure,"In 48 hours of the campaign's launch, they received +12,000 orders and the ad was viewed +76,000 times on YouTube. The company continued to see impressive growth, reaching 330,000 customers in just two years. In 2016, Dollar Shave Club was acquired by Unilever for $1 billion.","2.Dollar Shave Club disrupted the razor industry and challenged established brands like Gillette.In 2016, the company was acquired by Unilever for a reported $1 billion. The global razor market is estimated to be worth $72.6 billion by 2028."
David Brier,"In 48 hours of the campaign's launch, they received +12,000 orders and the ad was viewed +76,000 times on YouTube. The company continued to see impressive growth, reaching 330,000 customers in just two years. In 2016, Dollar Shave Club was acquired by Unilever for $1 billion.","2.Dollar Shave Club disrupted the razor industry and challenged established brands like Gillette.In 2016, the company was acquired by Unilever for a reported $1 billion. The global razor market is estimated to be worth $72.6 billion by 2028.",Rise of video in content marketing has been phenomenal in recent years. But this video by Dollar Shave Company ten years ago broke the internet.
David Brier,"2.Dollar Shave Club disrupted the razor industry and challenged established brands like Gillette.In 2016, the company was acquired by Unilever for a reported $1 billion. The global razor market is estimated to be worth $72.6 billion by 2028.",Rise of video in content marketing has been phenomenal in recent years. But this video by Dollar Shave Company ten years ago broke the internet.,Replying to @SeanEcom
Rohan Hosmani,"2.Dollar Shave Club disrupted the razor industry and challenged established brands like Gillette.In 2016, the company was acquired by Unilever for a reported $1 billion. The global razor market is estimated to be worth $72.6 billion by 2028.",Replying to @SeanEcom,"Worth noting that this company is owned by Recurrent Ventures, as if last year. Previously owned by the people who do Dollar Shave Club. They have been writing misandrist articles throughout all this, and should be boycotted is possible."
Privilege,"Ads have also been instrumental in the success of brands like Dollar Shave Club. The company used Facebook's Lookalike Audiences feature to target people who were similar to their existing customers, resulting in a 240% increase in traffic & a 380% increase in ROI","Good morning Twitter it's Day 16.And we will be talking about Dollar Shave Club, a company that, in only five years, got acquired by Unilever for $1 billion.But what makes them so special? Let's dive in!",The company also leveraged social media to engage with customers and build a loyal following.Its social media accounts featured relatable content that resonated with its target audience. Dollar Shave Club also promoted its products through user-generated content campaigns.
Web3 Marketers,"Ads have also been instrumental in the success of brands like Dollar Shave Club. The company used Facebook's Lookalike Audiences feature to target people who were similar to their existing customers, resulting in a 240% increase in traffic & a 380% increase in ROI",The company also leveraged social media to engage with customers and build a loyal following.Its social media accounts featured relatable content that resonated with its target audience. Dollar Shave Club also promoted its products through user-generated content campaigns.,"Dollar Shave Club's marketing strategy focused on disrupting the traditional razor market by offering a more convenient alternative. The company's humorous ad campaigns went viral, with its first commercial featuring CEO Michael Dubin garnering millions of views on YouTube."
Privilege,"Good morning Twitter it's Day 16.And we will be talking about Dollar Shave Club, a company that, in only five years, got acquired by Unilever for $1 billion.But what makes them so special? Let's dive in!",,
Privilege,"Good morning Twitter it's Day 16.And we will be talking about Dollar Shave Club, a company that, in only five years, got acquired by Unilever for $1 billion.But what makes them so special? Let's dive in!",Finally ditched Dollar Shave Club because of their anti-cop stance (and shitty blades) and got with a real no bullshit shave company. Thanks @JeremysRazors!,Dollar Shave Club's marketing campaign was a major success story that took the shaving industry by storm. Dollar Shave Club is a company that disrupted the shaving industry by offering a subscription-based service that delivers quality razors at a low pri…
Dr. Navneet Kumar,Dollar Shave Club's marketing campaign was a major success story that took the shaving industry by storm. Dollar Shave Club is a company that disrupted the shaving industry by offering a subscription-based service that delivers quality razors at a low pri…,"And with that, Dollar Shave Club was born.Dubin's killer marketing campaigns and focus on customer service quickly earned the company a loyal following, transforming Dollar Shave Club into a cult brand.",Replying to @5ymmetricChaos @SkipFrontzJr and @krassenstein
Hugh sermon,Replying to @5ymmetricChaos @SkipFrontzJr and @krassenstein,"Love them or hate them, company slogans work.A great slogan:• Inspires positivity• Sells key benefits• Sticks in the mind• Sets the brand apartMy favorite: Dollar Shave Club'sThey stole 50% of online market share from Goliath Gillette.What's your favorite slogan?",How Dollar Shave Club’s Founder Built a $1 Billion Company That Changed the Industry
Ashfaq,How Dollar Shave Club’s Founder Built a $1 Billion Company That Changed the Industry,"The ad quickly went viral and helped to establish Dollar Shave Club as a major player in the razor industry.By prioritising engagement and clarity in its opening, the company could make a strong first impression and capture the attention of potential customers.","One example of viral marketing is the Dollar Shave Club. You've probably seen their ads on TV or online. They started out with a hilarious video that went viral, and it helped them become a household name. Now they're a billion-dollar company. Not bad for a small business, huh?"
Anamika Joshi,"One example of viral marketing is the Dollar Shave Club. You've probably seen their ads on TV or online. They started out with a hilarious video that went viral, and it helped them become a household name. Now they're a billion-dollar company. Not bad for a small business, huh?","I found out what happened that took Dollar Shave Club down for 8 days.I was hoping the company would publish a postmortem, but this has not happened, and my request for comment went unanswered.I'll publish what I learned next week (I reached out one last time for comment).",Replying to @DollarShaveClub and @TRock5220
TRIIIPLE | GROWTH MARKETING,"Sometimes, a bold and shocking marketing campaign can be just what a company needs to stand out and make a name for itself. Dollar Shave Club's success story is a great reminder that taking risks and pushing boundaries can pay off in a big way.","2.Dollar Shave Club disrupted the razor industry and challenged established brands like Gillette.In 2016, the company was acquired by Unilever for a reported $1 billion. The global razor market is estimated to be worth $72.6 billion by 2028.","2.Dollar Shave Club disrupted the razor industry and challenged established brands like Gillette.In 2016, the company was acquired by Unilever for a reported $1 billion. The global razor market is estimated to be worth $72.6 billion by 2028."
David Brier,"2.Dollar Shave Club disrupted the razor industry and challenged established brands like Gillette.In 2016, the company was acquired by Unilever for a reported $1 billion. The global razor market is estimated to be worth $72.6 billion by 2028.",Replying to @SeanEcom,"Worth noting that this company is owned by Recurrent Ventures, as if last year. Previously owned by the people who do Dollar Shave Club. They have been writing misandrist articles throughout all this, and should be boycotted is possible."
Rohan Hosmani,Rise of video in content marketing has been phenomenal in recent years. But this video by Dollar Shave Company ten years ago broke the internet.,"Worth noting that this company is owned by Recurrent Ventures, as if last year. Previously owned by the people who do Dollar Shave Club. They have been writing misandrist articles throughout all this, and should be boycotted is possible.",Replying to @shikamaru317 @Petey_USA and @ElectionWiz
Privilege,"Good morning Twitter it's Day 16.And we will be talking about Dollar Shave Club, a company that, in only five years, got acquired by Unilever for $1 billion.But what makes them so special? Let's dive in!",,
Privilege,"Good morning Twitter it's Day 16.And we will be talking about Dollar Shave Club, a company that, in only five years, got acquired by Unilever for $1 billion.But what makes them so special? Let's dive in!",Finally ditched Dollar Shave Club because of their anti-cop stance (and shitty blades) and got with a real no bullshit shave company. Thanks @JeremysRazors!, 
Dr. Navneet Kumar,Dollar Shave Club's marketing campaign was a major success story that took the shaving industry by storm. Dollar Shave Club is a company that disrupted the shaving industry by offering a subscription-based service that delivers quality razors at a low pri…,"And with that, Dollar Shave Club was born.Dubin's killer marketing campaigns and focus on customer service quickly earned the company a loyal following, transforming Dollar Shave Club into a cult brand.",
Hugh sermon,Replying to @5ymmetricChaos @SkipFrontzJr and @krassenstein,"Love them or hate them, company slogans work.A great slogan:• Inspires positivity• Sells key benefits• Sticks in the mind• Sets the brand apartMy favorite: Dollar Shave Club'sThey stole 50% of online market share from Goliath Gillette.What's your favorite slogan?",Company
Ashfaq,How Dollar Shave Club’s Founder Built a $1 Billion Company That Changed the Industry,"The ad quickly went viral and helped to establish Dollar Shave Club as a major player in the razor industry.By prioritising engagement and clarity in its opening, the company could make a strong first impression and capture the attention of potential customers.",dollar
Anamika Joshi,"One example of viral marketing is the Dollar Shave Club. You've probably seen their ads on TV or online. They started out with a hilarious video that went viral, and it helped them become a household name. Now they're a billion-dollar company. Not bad for a small business, huh?","I found out what happened that took Dollar Shave Club down for 8 days.I was hoping the company would publish a postmortem, but this has not happened, and my request for comment went unanswered.I'll publish what I learned next week (I reached out one last time for comment).",
007DarkKnight,Replying to @DollarShaveClub and @TRock5220,"Sometimes, a bold and shocking marketing campaign can be just what a company needs to stand out and make a name for itself. Dollar Shave Club's success story is a great reminder that taking risks and pushing boundaries can pay off in a big way.",Shave
TRIIIPLE | GROWTH MARKETING,"In 48 hours of the campaign's launch, they received +12,000 orders and the ad was viewed +76,000 times on YouTube. The company continued to see impressive growth, reaching 330,000 customers in just two years. In 2016, Dollar Shave Club was acquired by Unilever for $1 billion.","2.Dollar Shave Club disrupted the razor industry and challenged established brands like Gillette.In 2016, the company was acquired by Unilever for a reported $1 billion. The global razor market is estimated to be worth $72.6 billion by 2028.",Company
David Brier,"2.Dollar Shave Club disrupted the razor industry and challenged established brands like Gillette.In 2016, the company was acquired by Unilever for a reported $1 billion. The global razor market is estimated to be worth $72.6 billion by 2028.",Replying to @SeanEcom,Shave
Rohan Hosmani,Rise of video in content marketing has been phenomenal in recent years. But this video by Dollar Shave Company ten years ago broke the internet.,"Worth noting that this company is owned by Recurrent Ventures, as if last year. Previously owned by the people who do Dollar Shave Club. They have been writing misandrist articles throughout all this, and should be boycotted is possible.",
,"Good morning Twitter it's Day 16.And we will be talking about Dollar Shave Club, a company that, in only five years, got acquired by Unilever for $1 billion.But what makes them so special? Let's dive in!",,
cmdshft,"Good morning Twitter it's Day 16.And we will be talking about Dollar Shave Club, a company that, in only five years, got acquired by Unilever for $1 billion.But what makes them so special? Let's dive in!",Replying to @nytimes,Dollar Shave Club's marketing campaign was a major success story that took the shaving industry by storm. Dollar Shave Club is a company that disrupted the shaving industry by offering a subscription-based service that delivers quality razors at a low pri…
Vlad Ilyusha,Dollar Shave Club's marketing campaign was a major success story that took the shaving industry by storm. Dollar Shave Club is a company that disrupted the shaving industry by offering a subscription-based service that delivers quality razors at a low pri…,"With Dollar Shave Club's innovative marketing approach, Unilever could leverage the company's loyal customer base and offer its own customers a more complete set of personal care products.",Replying to @5ymmetricChaos @SkipFrontzJr and @krassenstein
Prateek Gaur,Replying to @5ymmetricChaos @SkipFrontzJr and @krassenstein,Replying to @HouseGOP,How Dollar Shave Club’s Founder Built a $1 Billion Company That Changed the Industry
David Gravel,How Dollar Shave Club’s Founder Built a $1 Billion Company That Changed the Industry,The Dollar Shave Club is a subscription-based service that delivers razors and other personal grooming products to its customers. The company was founded in 2011 by Michael Dubin and Mark Levine. Follow https://worldbrandaffairs.com for more info! #wba #worldbrandaffairs,"One example of viral marketing is the Dollar Shave Club. You've probably seen their ads on TV or online. They started out with a hilarious video that went viral, and it helped them become a household name. Now they're a billion-dollar company. Not bad for a small business, huh?"
Gergely Orosz,"One example of viral marketing is the Dollar Shave Club. You've probably seen their ads on TV or online. They started out with a hilarious video that went viral, and it helped them become a household name. Now they're a billion-dollar company. Not bad for a small business, huh?",Dollar Shave Club was part of Nicole Junkermann's company.,Replying to @DollarShaveClub and @TRock5220
David Brier,"Sometimes, a bold and shocking marketing campaign can be just what a company needs to stand out and make a name for itself. Dollar Shave Club's success story is a great reminder that taking risks and pushing boundaries can pay off in a big way.","In 48 hours of the campaign's launch, they received +12,000 orders and the ad was viewed +76,000 times on YouTube. The company continued to see impressive growth, reaching 330,000 customers in just two years. In 2016, Dollar Shave Club was acquired by Unilever for $1 billion.","2.Dollar Shave Club disrupted the razor industry and challenged established brands like Gillette.In 2016, the company was acquired by Unilever for a reported $1 billion. The global razor market is estimated to be worth $72.6 billion by 2028."
Joel Jackson,"2.Dollar Shave Club disrupted the razor industry and challenged established brands like Gillette.In 2016, the company was acquired by Unilever for a reported $1 billion. The global razor market is estimated to be worth $72.6 billion by 2028.",Rise of video in content marketing has been phenomenal in recent years. But this video by Dollar Shave Company ten years ago broke the internet.,"Worth noting that this company is owned by Recurrent Ventures, as if last year. Previously owned by the people who do Dollar Shave Club. They have been writing misandrist articles throughout all this, and should be boycotted is possible."
Men Are Human,Rise of video in content marketing has been phenomenal in recent years. But this video by Dollar Shave Company ten years ago broke the internet.,Replying to @SeanEcom,Replying to @shikamaru317 @Petey_USA and @ElectionWiz
Privilege,"Ads have also been instrumental in the success of brands like Dollar Shave Club. The company used Facebook's Lookalike Audiences feature to target people who were similar to their existing customers, resulting in a 240% increase in traffic & a 380% increase in ROI",,The company also leveraged social media to engage with customers and build a loyal following.Its social media accounts featured relatable content that resonated with its target audience. Dollar Shave Club also promoted its products through user-generated content campaigns.
Privilege,"Ads have also been instrumental in the success of brands like Dollar Shave Club. The company used Facebook's Lookalike Audiences feature to target people who were similar to their existing customers, resulting in a 240% increase in traffic & a 380% increase in ROI",Replying to @nytimes,The company also leveraged social media to engage with customers and build a loyal following.Its social media accounts featured relatable content that resonated with its target audience. Dollar Shave Club also promoted its products through user-generated content campaigns.
cmdshft,"Dollar Shave Club's marketing strategy focused on disrupting the traditional razor market by offering a more convenient alternative. The company's humorous ad campaigns went viral, with its first commercial featuring CEO Michael Dubin garnering millions of views on YouTube.",Dollar Shave Club's marketing campaign was a major success story that took the shaving industry by storm. Dollar Shave Club is a company that disrupted the shaving industry by offering a subscription-based service that delivers quality razors at a low pri…,"Good morning Twitter it's Day 16.And we will be talking about Dollar Shave Club, a company that, in only five years, got acquired by Unilever for $1 billion.But what makes them so special? Let's dive in!"
Dr. Navneet Kumar,"Good morning Twitter it's Day 16.And we will be talking about Dollar Shave Club, a company that, in only five years, got acquired by Unilever for $1 billion.But what makes them so special? Let's dive in!","With Dollar Shave Club's innovative marketing approach, Unilever could leverage the company's loyal customer base and offer its own customers a more complete set of personal care products.",Replying to @nytimes
Vlad Ilyusha,Finally ditched Dollar Shave Club because of their anti-cop stance (and shitty blades) and got with a real no bullshit shave company. Thanks @JeremysRazors!,Replying to @5ymmetricChaos @SkipFrontzJr and @krassenstein,Dollar Shave Club's marketing campaign was a major success story that took the shaving industry by storm. Dollar Shave Club is a company that disrupted the shaving industry by offering a subscription-based service that delivers quality razors at a low pri…
Hugh sermon,Dollar Shave Club's marketing campaign was a major success story that took the shaving industry by storm. Dollar Shave Club is a company that disrupted the shaving industry by offering a subscription-based service that delivers quality razors at a low pri…,Replying to @HouseGOP,"With Dollar Shave Club's innovative marketing approach, Unilever could leverage the company's loyal customer base and offer its own customers a more complete set of personal care products."
Privilege,"Good morning Twitter it's Day 16.And we will be talking about Dollar Shave Club, a company that, in only five years, got acquired by Unilever for $1 billion.But what makes them so special? Let's dive in!",,
Privilege,"Good morning Twitter it's Day 16.And we will be talking about Dollar Shave Club, a company that, in only five years, got acquired by Unilever for $1 billion.But what makes them so special? Let's dive in!",Replying to @nytimes,Dollar Shave Club's marketing campaign was a major success story that took the shaving industry by storm. Dollar Shave Club is a company that disrupted the shaving industry by offering a subscription-based service that delivers quality razors at a low pri…
Dr. Navneet Kumar,Dollar Shave Club's marketing campaign was a major success story that took the shaving industry by storm. Dollar Shave Club is a company that disrupted the shaving industry by offering a subscription-based service that delivers quality razors at a low pri…,"With Dollar Shave Club's innovative marketing approach, Unilever could leverage the company's loyal customer base and offer its own customers a more complete set of personal care products.",Replying to @5ymmetricChaos @SkipFrontzJr and @krassenstein
Hugh sermon,Replying to @5ymmetricChaos @SkipFrontzJr and @krassenstein,Replying to @HouseGOP,How Dollar Shave Club’s Founder Built a $1 Billion Company That Changed the Industry
Ashfaq,How Dollar Shave Club’s Founder Built a $1 Billion Company That Changed the Industry,The Dollar Shave Club is a subscription-based service that delivers razors and other personal grooming products to its customers. The company was founded in 2011 by Michael Dubin and Mark Levine. Follow https://worldbrandaffairs.com for more info! #wba #worldbrandaffairs,"One example of viral marketing is the Dollar Shave Club. You've probably seen their ads on TV or online. They started out with a hilarious video that went viral, and it helped them become a household name. Now they're a billion-dollar company. Not bad for a small business, huh?"
Anamika Joshi,"One example of viral marketing is the Dollar Shave Club. You've probably seen their ads on TV or online. They started out with a hilarious video that went viral, and it helped them become a household name. Now they're a billion-dollar company. Not bad for a small business, huh?",Dollar Shave Club was part of Nicole Junkermann's company.,Replying to @DollarShaveClub and @TRock5220
TRIIIPLE | GROWTH MARKETING,"Sometimes, a bold and shocking marketing campaign can be just what a company needs to stand out and make a name for itself. Dollar Shave Club's success story is a great reminder that taking risks and pushing boundaries can pay off in a big way.","In 48 hours of the campaign's launch, they received +12,000 orders and the ad was viewed +76,000 times on YouTube. The company continued to see impressive growth, reaching 330,000 customers in just two years. In 2016, Dollar Shave Club was acquired by Unilever for $1 billion.","2.Dollar Shave Club disrupted the razor industry and challenged established brands like Gillette.In 2016, the company was acquired by Unilever for a reported $1 billion. The global razor market is estimated to be worth $72.6 billion by 2028."
David Brier,"2.Dollar Shave Club disrupted the razor industry and challenged established brands like Gillette.In 2016, the company was acquired by Unilever for a reported $1 billion. The global razor market is estimated to be worth $72.6 billion by 2028.",Rise of video in content marketing has been phenomenal in recent years. But this video by Dollar Shave Company ten years ago broke the internet.,"Worth noting that this company is owned by Recurrent Ventures, as if last year. Previously owned by the people who do Dollar Shave Club. They have been writing misandrist articles throughout all this, and should be boycotted is possible."
Rohan Hosmani,Rise of video in content marketing has been phenomenal in recent years. But this video by Dollar Shave Company ten years ago broke the internet.,Replying to @SeanEcom,Replying to @shikamaru317 @Petey_USA and @ElectionWiz
Privilege,"Good morning Twitter it's Day 16.And we will be talking about Dollar Shave Club, a company that, in only five years, got acquired by Unilever for $1 billion.But what makes them so special? Let's dive in!",,The company also leveraged social media to engage with customers and build a loyal following.Its social media accounts featured relatable content that resonated with its target audience. Dollar Shave Club also promoted its products through user-generated content campaigns.
Privilege,"Good morning Twitter it's Day 16.And we will be talking about Dollar Shave Club, a company that, in only five years, got acquired by Unilever for $1 billion.But what makes them so special? Let's dive in!",Replying to @nytimes,The company also leveraged social media to engage with customers and build a loyal following.Its social media accounts featured relatable content that resonated with its target audience. Dollar Shave Club also promoted its products through user-generated content campaigns.
cmdshft,Finally ditched Dollar Shave Club because of their anti-cop stance (and shitty blades) and got with a real no bullshit shave company. Thanks @JeremysRazors!,Dollar Shave Club's marketing campaign was a major success story that took the shaving industry by storm. Dollar Shave Club is a company that disrupted the shaving industry by offering a subscription-based service that delivers quality razors at a low pri…,"Good morning Twitter it's Day 16.And we will be talking about Dollar Shave Club, a company that, in only five years, got acquired by Unilever for $1 billion.But what makes them so special? Let's dive in!"
Dr. Navneet Kumar,Dollar Shave Club's marketing campaign was a major success story that took the shaving industry by storm. Dollar Shave Club is a company that disrupted the shaving industry by offering a subscription-based service that delivers quality razors at a low pri…,"With Dollar Shave Club's innovative marketing approach, Unilever could leverage the company's loyal customer base and offer its own customers a more complete set of personal care products.",Replying to @nytimes
Vlad Ilyusha,"And with that, Dollar Shave Club was born.Dubin's killer marketing campaigns and focus on customer service quickly earned the company a loyal following, transforming Dollar Shave Club into a cult brand.",Replying to @5ymmetricChaos @SkipFrontzJr and @krassenstein,Dollar Shave Club's marketing campaign was a major success story that took the shaving industry by storm. Dollar Shave Club is a company that disrupted the shaving industry by offering a subscription-based service that delivers quality razors at a low pri…
Hugh sermon,Replying to @5ymmetricChaos @SkipFrontzJr and @krassenstein,Replying to @HouseGOP,"With Dollar Shave Club's innovative marketing approach, Unilever could leverage the company's loyal customer base and offer its own customers a more complete set of personal care products."
Privilege,"Dollar Shave Club's marketing strategy focused on disrupting the traditional razor market by offering a more convenient alternative. The company's humorous ad campaigns went viral, with its first commercial featuring CEO Michael Dubin garnering millions of views on YouTube.",,"Good morning Twitter it's Day 16.And we will be talking about Dollar Shave Club, a company that, in only five years, got acquired by Unilever for $1 billion.But what makes them so special? Let's dive in!"
Privilege,"Dollar Shave Club's marketing strategy focused on disrupting the traditional razor market by offering a more convenient alternative. The company's humorous ad campaigns went viral, with its first commercial featuring CEO Michael Dubin garnering millions of views on YouTube.",Replying to @nytimes,"Good morning Twitter it's Day 16.And we will be talking about Dollar Shave Club, a company that, in only five years, got acquired by Unilever for $1 billion.But what makes them so special? Let's dive in!"
Philip Greenspun,Replying to @nytimes,Dollar Shave Club's marketing campaign was a major success story that took the shaving industry by storm. Dollar Shave Club is a company that disrupted the shaving industry by offering a subscription-based service that delivers quality razors at a low pri…,Finally ditched Dollar Shave Club because of their anti-cop stance (and shitty blades) and got with a real no bullshit shave company. Thanks @JeremysRazors!
cmdshft,Finally ditched Dollar Shave Club because of their anti-cop stance (and shitty blades) and got with a real no bullshit shave company. Thanks @JeremysRazors!,"With Dollar Shave Club's innovative marketing approach, Unilever could leverage the company's loyal customer base and offer its own customers a more complete set of personal care products.",Dollar Shave Club's marketing campaign was a major success story that took the shaving industry by storm. Dollar Shave Club is a company that disrupted the shaving industry by offering a subscription-based service that delivers quality razors at a low pri…
Vlad Ilyusha,"With Dollar Shave Club's innovative marketing approach, Unilever could leverage the company's loyal customer base and offer its own customers a more complete set of personal care products.",Replying to @5ymmetricChaos @SkipFrontzJr and @krassenstein,"And with that, Dollar Shave Club was born.Dubin's killer marketing campaigns and focus on customer service quickly earned the company a loyal following, transforming Dollar Shave Club into a cult brand."
Vlad Ilyusha,"And with that, Dollar Shave Club was born.Dubin's killer marketing campaigns and focus on customer service quickly earned the company a loyal following, transforming Dollar Shave Club into a cult brand.",Replying to @HouseGOP,Replying to @5ymmetricChaos @SkipFrontzJr and @krassenstein
Privilege,"Dollar Shave Club's marketing strategy focused on disrupting the traditional razor market by offering a more convenient alternative. The company's humorous ad campaigns went viral, with its first commercial featuring CEO Michael Dubin garnering millions of views on YouTube.",,
Privilege,"Dollar Shave Club's marketing strategy focused on disrupting the traditional razor market by offering a more convenient alternative. The company's humorous ad campaigns went viral, with its first commercial featuring CEO Michael Dubin garnering millions of views on YouTube.",Replying to @nytimes,Finally ditched Dollar Shave Club because of their anti-cop stance (and shitty blades) and got with a real no bullshit shave company. Thanks @JeremysRazors!
cmdshft,Replying to @nytimes,Dollar Shave Club's marketing campaign was a major success story that took the shaving industry by storm. Dollar Shave Club is a company that disrupted the shaving industry by offering a subscription-based service that delivers quality razors at a low pri…,"With Dollar Shave Club's innovative marketing approach, Unilever could leverage the company's loyal customer base and offer its own customers a more complete set of personal care products."
Vlad Ilyusha,"With Dollar Shave Club's innovative marketing approach, Unilever could leverage the company's loyal customer base and offer its own customers a more complete set of personal care products.",Replying to @5ymmetricChaos @SkipFrontzJr and @krassenstein,Replying to @HouseGOP
Hugh sermon,"And with that, Dollar Shave Club was born.Dubin's killer marketing campaigns and focus on customer service quickly earned the company a loyal following, transforming Dollar Shave Club into a cult brand.",Replying to @HouseGOP,"Love them or hate them, company slogans work.A great slogan:• Inspires positivity• Sells key benefits• Sticks in the mind• Sets the brand apartMy favorite: Dollar Shave Club'sThey stole 50% of online market share from Goliath Gillette.What's your favorite slogan?"
jakewhodat!,Replying to @5ymmetricChaos @SkipFrontzJr and @krassenstein,"Love them or hate them, company slogans work.A great slogan:• Inspires positivity• Sells key benefits• Sticks in the mind• Sets the brand apartMy favorite: Dollar Shave Club'sThey stole 50% of online market share from Goliath Gillette.What's your favorite slogan?",How Dollar Shave Club’s Founder Built a $1 Billion Company That Changed the Industry
Ashfaq,"Love them or hate them, company slogans work.A great slogan:• Inspires positivity• Sells key benefits• Sticks in the mind• Sets the brand apartMy favorite: Dollar Shave Club'sThey stole 50% of online market share from Goliath Gillette.What's your favorite slogan?",The Dollar Shave Club is a subscription-based service that delivers razors and other personal grooming products to its customers. The company was founded in 2011 by Michael Dubin and Mark Levine. Follow https://worldbrandaffairs.com for more info! #wba #worldbrandaffairs,"The ad quickly went viral and helped to establish Dollar Shave Club as a major player in the razor industry.By prioritising engagement and clarity in its opening, the company could make a strong first impression and capture the attention of potential customers."
David Gravel,The Dollar Shave Club is a subscription-based service that delivers razors and other personal grooming products to its customers. The company was founded in 2011 by Michael Dubin and Mark Levine. Follow https://worldbrandaffairs.com for more info! #wba #worldbrandaffairs,"One example of viral marketing is the Dollar Shave Club. You've probably seen their ads on TV or online. They started out with a hilarious video that went viral, and it helped them become a household name. Now they're a billion-dollar company. Not bad for a small business, huh?",Dollar Shave Club was part of Nicole Junkermann's company.
Oli,"One example of viral marketing is the Dollar Shave Club. You've probably seen their ads on TV or online. They started out with a hilarious video that went viral, and it helped them become a household name. Now they're a billion-dollar company. Not bad for a small business, huh?","I found out what happened that took Dollar Shave Club down for 8 days.I was hoping the company would publish a postmortem, but this has not happened, and my request for comment went unanswered.I'll publish what I learned next week (I reached out one last time for comment).",Replying to @DollarShaveClub and @TRock5220
TRIIIPLE | GROWTH MARKETING,Replying to @sxcure,"In 48 hours of the campaign's launch, they received +12,000 orders and the ad was viewed +76,000 times on YouTube. The company continued to see impressive growth, reaching 330,000 customers in just two years. In 2016, Dollar Shave Club was acquired by Unilever for $1 billion.","2.Dollar Shave Club disrupted the razor industry and challenged established brands like Gillette.In 2016, the company was acquired by Unilever for a reported $1 billion. The global razor market is estimated to be worth $72.6 billion by 2028."
David Brier,"In 48 hours of the campaign's launch, they received +12,000 orders and the ad was viewed +76,000 times on YouTube. The company continued to see impressive growth, reaching 330,000 customers in just two years. In 2016, Dollar Shave Club was acquired by Unilever for $1 billion.","2.Dollar Shave Club disrupted the razor industry and challenged established brands like Gillette.In 2016, the company was acquired by Unilever for a reported $1 billion. The global razor market is estimated to be worth $72.6 billion by 2028.",Rise of video in content marketing has been phenomenal in recent years. But this video by Dollar Shave Company ten years ago broke the internet.
David Brier,"2.Dollar Shave Club disrupted the razor industry and challenged established brands like Gillette.In 2016, the company was acquired by Unilever for a reported $1 billion. The global razor market is estimated to be worth $72.6 billion by 2028.",Rise of video in content marketing has been phenomenal in recent years. But this video by Dollar Shave Company ten years ago broke the internet.,Replying to @SeanEcom
Rohan Hosmani,"2.Dollar Shave Club disrupted the razor industry and challenged established brands like Gillette.In 2016, the company was acquired by Unilever for a reported $1 billion. The global razor market is estimated to be worth $72.6 billion by 2028.",Replying to @SeanEcom,"Worth noting that this company is owned by Recurrent Ventures, as if last year. Previously owned by the people who do Dollar Shave Club. They have been writing misandrist articles throughout all this, and should be boycotted is possible."
, Club also promoted its products through user-generated content campaigns.,,
Philip Greenspun, Club also promoted its products through user-generated content campaigns.,Replying to @nytimes,Finally ditched Dollar Shave Club because of their anti-cop stance (and shitty blades) and got with a real no bullshit shave company. Thanks @JeremysRazors!
Dr. Navneet Kumar," that, in only five years, got acquired by Unilever for $1 billion.But what makes them so special? Let's dive in!",Dollar Shave Club's marketing campaign was a major success story that took the shaving industry by storm. Dollar Shave Club is a company that disrupted the shaving industry by offering a subscription-based service that delivers quality razors at a low pri…,"With Dollar Shave Club's innovative marketing approach, Unilever could leverage the company's loyal customer base and offer its own customers a more complete set of personal care products."
Hugh sermon,Shave,Replying to @5ymmetricChaos @SkipFrontzJr and @krassenstein,Replying to @HouseGOP
jakewhodat!,'s loyal customer base and offer its own customers a more complete set of personal care products.,Replying to @HouseGOP,"Love them or hate them, company slogans work.A great slogan:• Inspires positivity• Sells key benefits• Sticks in the mind• Sets the brand apartMy favorite: Dollar Shave Club'sThey stole 50% of online market share from Goliath Gillette.What's your favorite slogan?"
Prateek Gaur," a loyal following, transforming ","Love them or hate them, company slogans work.A great slogan:• Inspires positivity• Sells key benefits• Sticks in the mind• Sets the brand apartMy favorite: Dollar Shave Club'sThey stole 50% of online market share from Goliath Gillette.What's your favorite slogan?",How Dollar Shave Club’s Founder Built a $1 Billion Company That Changed the Industry
World Brand Affairs,,The Dollar Shave Club is a subscription-based service that delivers razors and other personal grooming products to its customers. The company was founded in 2011 by Michael Dubin and Mark Levine. Follow https://worldbrandaffairs.com for more info! #wba #worldbrandaffairs,"The ad quickly went viral and helped to establish Dollar Shave Club as a major player in the razor industry.By prioritising engagement and clarity in its opening, the company could make a strong first impression and capture the attention of potential customers."
Anamika Joshi, That Changed the Industry,"One example of viral marketing is the Dollar Shave Club. You've probably seen their ads on TV or online. They started out with a hilarious video that went viral, and it helped them become a household name. Now they're a billion-dollar company. Not bad for a small business, huh?",Dollar Shave Club was part of Nicole Junkermann's company.
Gergely Orosz, could make a strong first impression and capture the attention of potential customers.,"I found out what happened that took Dollar Shave Club down for 8 days.I was hoping the company would publish a postmortem, but this has not happened, and my request for comment went unanswered.I'll publish what I learned next week (I reached out one last time for comment).",Replying to @DollarShaveClub and @TRock5220
TRIIIPLE | GROWTH MARKETING,,"In 48 hours of the campaign's launch, they received +12,000 orders and the ad was viewed +76,000 times on YouTube. The company continued to see impressive growth, reaching 330,000 customers in just two years. In 2016, Dollar Shave Club was acquired by Unilever for $1 billion.","2.Dollar Shave Club disrupted the razor industry and challenged established brands like Gillette.In 2016, the company was acquired by Unilever for a reported $1 billion. The global razor market is estimated to be worth $72.6 billion by 2028."
David Brier, Club's success story is a great reminder that taking risks and pushing boundaries can pay off in a big way.,"2.Dollar Shave Club disrupted the razor industry and challenged established brands like Gillette.In 2016, the company was acquired by Unilever for a reported $1 billion. The global razor market is estimated to be worth $72.6 billion by 2028.",Rise of video in content marketing has been phenomenal in recent years. But this video by Dollar Shave Company ten years ago broke the internet.
Rohan Hosmani, Club was acquired by Unilever for $1 billion.,Rise of video in content marketing has been phenomenal in recent years. But this video by Dollar Shave Company ten years ago broke the internet.,Replying to @SeanEcom
Joel Jackson, was acquired by Unilever for a reported $1 billion. The global razor market is estimated to be worth $72.6 billion by 2028.,Replying to @SeanEcom,"Worth noting that this company is owned by Recurrent Ventures, as if last year. Previously owned by the people who do Dollar Shave Club. They have been writing misandrist articles throughout all this, and should be boycotted is possible."
,"Good morning Twitter it's Day 16.And we will be talking about Dollar Shave Club, a company that, in only five years, got acquired by Unilever for $1 billion.But what makes them so special? Let's dive in!",,
Dr. Navneet Kumar,"Good morning Twitter it's Day 16.And we will be talking about Dollar Shave Club, a company that, in only five years, got acquired by Unilever for $1 billion.But what makes them so special? Let's dive in!",Replying to @nytimes,Finally ditched Dollar Shave Club because of their anti-cop stance (and shitty blades) and got with a real no bullshit shave company. Thanks @JeremysRazors!
Hugh sermon,Dollar Shave Club's marketing campaign was a major success story that took the shaving industry by storm. Dollar Shave Club is a company that disrupted the shaving industry by offering a subscription-based service that delivers quality razors at a low pri…,"With Dollar Shave Club's innovative marketing approach, Unilever could leverage the company's loyal customer base and offer its own customers a more complete set of personal care products.","And with that, Dollar Shave Club was born.Dubin's killer marketing campaigns and focus on customer service quickly earned the company a loyal following, transforming Dollar Shave Club into a cult brand."
Ashfaq,Replying to @5ymmetricChaos @SkipFrontzJr and @krassenstein,Replying to @HouseGOP,"Love them or hate them, company slogans work.A great slogan:• Inspires positivity• Sells key benefits• Sticks in the mind• Sets the brand apartMy favorite: Dollar Shave Club'sThey stole 50% of online market share from Goliath Gillette.What's your favorite slogan?"
Anamika Joshi,How Dollar Shave Club’s Founder Built a $1 Billion Company That Changed the Industry,The Dollar Shave Club is a subscription-based service that delivers razors and other personal grooming products to its customers. The company was founded in 2011 by Michael Dubin and Mark Levine. Follow https://worldbrandaffairs.com for more info! #wba #worldbrandaffairs,"The ad quickly went viral and helped to establish Dollar Shave Club as a major player in the razor industry.By prioritising engagement and clarity in its opening, the company could make a strong first impression and capture the attention of potential customers."
007DarkKnight,"One example of viral marketing is the Dollar Shave Club. You've probably seen their ads on TV or online. They started out with a hilarious video that went viral, and it helped them become a household name. Now they're a billion-dollar company. Not bad for a small business, huh?",Dollar Shave Club was part of Nicole Junkermann's company.,"I found out what happened that took Dollar Shave Club down for 8 days.I was hoping the company would publish a postmortem, but this has not happened, and my request for comment went unanswered.I'll publish what I learned next week (I reached out one last time for comment)."
David Brier,"Sometimes, a bold and shocking marketing campaign can be just what a company needs to stand out and make a name for itself. Dollar Shave Club's success story is a great reminder that taking risks and pushing boundaries can pay off in a big way.","In 48 hours of the campaign's launch, they received +12,000 orders and the ad was viewed +76,000 times on YouTube. The company continued to see impressive growth, reaching 330,000 customers in just two years. In 2016, Dollar Shave Club was acquired by Unilever for $1 billion.","2.Dollar Shave Club disrupted the razor industry and challenged established brands like Gillette.In 2016, the company was acquired by Unilever for a reported $1 billion. The global razor market is estimated to be worth $72.6 billion by 2028."
Men Are Human,"2.Dollar Shave Club disrupted the razor industry and challenged established brands like Gillette.In 2016, the company was acquired by Unilever for a reported $1 billion. The global razor market is estimated to be worth $72.6 billion by 2028.",Rise of video in content marketing has been phenomenal in recent years. But this video by Dollar Shave Company ten years ago broke the internet.,Replying to @SeanEcom
ZephanUnbound,Rise of video in content marketing has been phenomenal in recent years. But this video by Dollar Shave Company ten years ago broke the internet.,Replying to @SeanEcom,"Worth noting that this company is owned by Recurrent Ventures, as if last year. Previously owned by the people who do Dollar Shave Club. They have been writing misandrist articles throughout all this, and should be boycotted is possible."