,#Rihanna celebrates #SavagexFenty's 5th year anniversary looking so hawt in new fun photoshoot! #fentybeauty #fenty @Rihanna,FENTY HAVE DONE IT AGAIN! Here is a product demo UGC example! I have complete faith in @fentybeauty they literally never disappoint! This bronzer is the sole source of happiness like she speaks for herself.#bronzer #FENTY #ugccommunity #ugcexample #UGCConcept #ugccreatorneeded,
Moreblessing,FENTY HAVE DONE IT AGAIN! Here is a product demo UGC example! I have complete faith in @fentybeauty they literally never disappoint! This bronzer is the sole source of happiness like she speaks for herself.#bronzer #FENTY #ugccommunity #ugcexample #UGCConcept #ugccreatorneeded,,My first Fenty Beauty #fenty #UGCcreator #lipstick @fentybeauty
,"Best to get out before these cities become the New Detroit capitols of the West coast.  Portland is likely irrecoverable.  SF and Seattle are close behind. #crimecenters #unionmobs #fenty #crimesprees 
@cmkshama",My first Fenty Beauty #fenty #UGCcreator #lipstick @fentybeauty, obsessed@fentybeauty #FENTY #lipstick #UGC #UGCcreator
daily_e_scoop,"Rihanna shows off baby bump in photos making it seem fun and easy , what y'all think about thisSavagefenty; ....#dailyescoop #des #DES #fentybeauty #fenty #savagefenty #fentysavage #Rihanna #rihanna",I needed mascara and my daughter had a gift card for Ulta so we just had a fun little shopping spree there. Looking forward to trying the Fenty x Rihanna gloss. I have Lip Stunna lip paint already and love it.#Ulta#Fenty#LancomeParis#momdaughter #treatyourself,
BOUNCE,Rihanna celebrates Savage x Fenty's 5th year anniversary with a sexy fun photoshoot #rihanna #fentybeauty #fenty,Throwback to this Riri #rihanna #riri #fenty,"So creamy you could lick it (but please don't!)This is FENTY SKIN'S thicker, richer, luxed-up body moisturiser that buttas you up with a nourishing whipped oil cream with restorative tropical oils.#arcstore #fenty #fentybeauty #fentyskin #buttadrop #skincare"
arcstore_sa,"TEXTURE TUESDAY: Let me introduce you to your new best friend for volumised lashes, Fenty Hella Thicc MascaraWe love how weightless this formula is while giving that FULL lash effect.#arcstore #fenty #hellathicc #makeup #mascara #beauty #cosmetics #texturetuesday",,
Ship7.com,Are you a Rihanna fan and a sports enthusiast? Shop tax-free globally with Ship7 and get the exclusive Fenty x Mitchell & Ness collection delivered to your door from the US. Don't miss these unique styles! #Rihanna #sports #Fenty#Ship7 #taxfree #internationalshopping,SAVAGEXFENTY by RihannaSHOP THE COLLECTION https://amzn.to/3G0tU2U#SAVAGEXFENTY #Rihanna#SHOP #FENTY #FashionShow #Fashion,
UCNP,Bruhhhhhh somebody from #Fenty needs to come to the front and gots some essssplaining  to dossss cuz why I spend $75 on travel size products‚Ä¶ the pics is bigger than the product üòµ‚Äçüí´,SAVAGEXFENTY by RihannaSHOP THE COLLECTION https://amzn.to/3G0tU2U#SAVAGEXFENTY #Rihanna#SHOP #FENTY #FashionShow #Fashion,
UCNP,I needed mascara and my daughter had a gift card for Ulta so we just had a fun little shopping spree there. Looking forward to trying the Fenty x Rihanna gloss. I have Lip Stunna lip paint already and love it.#Ulta#Fenty#LancomeParis#momdaughter #treatyourself,SAVAGEXFENTY by RihannaSHOP THE COLLECTION https://amzn.to/3G0tU2U#SAVAGEXFENTY #Rihanna#SHOP #FENTY #FashionShow #Fashion,Fenty Beauty
Moreblessing,FENTY HAVE DONE IT AGAIN! Here is a product demo UGC example! I have complete faith in @fentybeauty they literally never disappoint! This bronzer is the sole source of happiness like she speaks for herself.#bronzer #FENTY #ugccommunity #ugcexample #UGCConcept #ugccreatorneeded, obsessed@fentybeauty #FENTY #lipstick #UGC #UGCcreator,amazon.comSavage XShop the Savage X Fenty store on Amazon Fashion.
Nique | UGC Creator, obsessed@fentybeauty #FENTY #lipstick #UGC #UGCcreator,SAVAGEXFENTY by RihannaSHOP THE COLLECTION https://amzn.to/3G0tU2U#SAVAGEXFENTY #Rihanna#SHOP #FENTY #FashionShow #Fashion,
nerdom,SAVAGEXFENTY by RihannaSHOP THE COLLECTION https://amzn.to/3G0tU2U#SAVAGEXFENTY #Rihanna#SHOP #FENTY #FashionShow #Fashion,#Litgod @serious_lord on all platformshttps://g.co/kgs/i5TB7d‚Ä¶. thank you for rocking with us 20 yearsCrunk Incorporated @CrunkInc #MTV#hiphop #fentybeauty #gucci#fenty #VH1 #radioone #urbanone #hot97 #funkflex #litdjs #akademiks #atlscoop #atlscoopmusic,
Green Thumb Lodge #44,#Litgod @serious_lord on all platformshttps://g.co/kgs/i5TB7d‚Ä¶. thank you for rocking with us 20 yearsCrunk Incorporated @CrunkInc #MTV#hiphop #fentybeauty #gucci#fenty #VH1 #radioone #urbanone #hot97 #funkflex #litdjs #akademiks #atlscoop #atlscoopmusic,My first Fenty Beauty #fenty #UGCcreator #lipstick @fentybeauty,
Nique | UGC Creator,My first Fenty Beauty #fenty #UGCcreator #lipstick @fentybeauty,I will be on a well known magazine coverSpeaking these blessings into existence #calimodel #model #modeling #Magazine #VogueCover #fenty #FentyBeauty #modelscout #naturalbeauty #California #beauty,"Gentrifiers did it to uptown, uptown and out of towners do it to the Southside everyday!Vicious cycle the #LatteLiberals #GreenTeam #Bowser #Fenty have ushered in!"
Diamond,I will be on a well known magazine coverSpeaking these blessings into existence #calimodel #model #modeling #Magazine #VogueCover #fenty #FentyBeauty #modelscout #naturalbeauty #California #beauty,Replying to @JoshuaLopez202,
,Perfect your no makeup-makeup look with the Fenty Eaze Drop Foundation üòç We are obsessed with this light weight formula that evens out the skin tone and gives that healthy GLOW from within ‚ú®,,
Nique | UGC Creator,SAVAGEXFENTY by RihannaSHOP THE COLLECTION https://amzn.to/3G0tU2U#SAVAGEXFENTY #Rihanna#SHOP #FENTY #FashionShow #Fashion,FENTY HAVE DONE IT AGAIN! Here is a product demo UGC example! I have complete faith in @fentybeauty they literally never disappoint! This bronzer is the sole source of happiness like she speaks for herself.#bronzer #FENTY #ugccommunity #ugcexample #UGCConcept #ugccreatorneeded,SAVAGEXFENTY by RihannaSHOP THE COLLECTION 
Nique | UGC Creator,SAVAGEXFENTY by RihannaSHOP THE COLLECTION https://amzn.to/3G0tU2U#SAVAGEXFENTY #Rihanna#SHOP #FENTY #FashionShow #Fashion,#Litgod @serious_lord on all platformshttps://g.co/kgs/i5TB7d‚Ä¶. thank you for rocking with us 20 yearsCrunk Incorporated @CrunkInc #MTV#hiphop #fentybeauty #gucci#fenty #VH1 #radioone #urbanone #hot97 #funkflex #litdjs #akademiks #atlscoop #atlscoopmusic,
rikki bobbi,My first Fenty Beauty #fenty #UGCcreator #lipstick @fentybeauty,I will be on a well known magazine coverSpeaking these blessings into existence #calimodel #model #modeling #Magazine #VogueCover #fenty #FentyBeauty #modelscout #naturalbeauty #California #beauty,When traveling entirely too much leads to a Wednesday 
nerdom,Replying to @JoshuaLopez202,When traveling entirely too much leads to a Wednesday #DateNight! #TeamKoJo #Fenty practice continues. Too subtle again!,Throwback to this Riri 
Tony Pepperoni,When traveling entirely too much leads to a Wednesday #DateNight! #TeamKoJo #Fenty practice continues. Too subtle again!,SAVAGEXFENTY by RihannaSHOP THE COLLECTION https://amzn.to/3G0tU2U#SAVAGEXFENTY #Rihanna#SHOP #FENTY #FashionShow #Fashion,So creamy you could lick it (but please don't!) 
arcstore_sa,SAVAGEXFENTY by RihannaSHOP THE COLLECTION https://amzn.to/3G0tU2U#SAVAGEXFENTY #Rihanna#SHOP #FENTY #FashionShow #Fashion,Throwback to this Riri #rihanna #riri #fenty,Can't rock a Fenty look without some cash flow? TEMU's got you covered! Use my code <149475557> and search your way to $20 in rewards. Now you can slay like Rihanna without breaking the bank 
,Throwback to this Riri #rihanna #riri #fenty,"So creamy you could lick it (but please don't!)This is FENTY SKIN'S thicker, richer, luxed-up body moisturiser that buttas you up with a nourishing whipped oil cream with restorative tropical oils.#arcstore #fenty #fentybeauty #fentyskin #buttadrop #skincare",Fenty must be really popular! 
nerdom,Can't rock a Fenty look without some cash flow? TEMU's got you covered! Use my code <149475557> and search your way to $20 in rewards. Now you can slay like Rihanna without breaking the bank#TEMU #Fenty,Fenty must be really popular! #FentyUse my Temu code please 148429010code for code!,
Elle Me,Fenty must be really popular! #FentyUse my Temu code please 148429010code for code!,SAVAGEXFENTY by RihannaSHOP THE COLLECTION https://amzn.to/3G0tU2U#SAVAGEXFENTY #Rihanna#SHOP #FENTY #FashionShow #Fashion,
,"The Untold Truth about Gender-Neutral skincare: Breaking Beauty Barriers

#Rhianna #rhiannamakeup #fentybeauty #fenty #skincare 
@beauty
 #makeup",Replying to @fentybeauty,I loooove Fenty Glow!! 
Changito,Replying to @fentybeauty,,Our 
arcstore_sa,I loooove Fenty Glow!!#fenty,"Our #original #Fenty Pro Filt‚Äôr Hydrating Foundation provides medium to full coverage, leaves the skin feeling & looking natural. * Perfect for DRY SKIN. Shade [470] available at 110,000ugx. Order online via https://lnkd.in/gYFT7ggN Call/Whatsapp 0704 261 720 for deliveries.",SAVAGEXFENTY by RihannaSHOP THE COLLECTION 
Tropical Realism,SAVAGEXFENTY by RihannaSHOP THE COLLECTION https://amzn.to/3G0tU2U#SAVAGEXFENTY #Rihanna#SHOP #FENTY #FashionShow #Fashion,Google Bard gets it!#riri #robynfenty #Rihanna #fenty #queenriri #rihannanavy,Well 
nerdom,"‚ÄúWhen you become a mom, there's something that just happens where you feel like you can take on the world and do anything‚Äù - @rihanna .#Mothers #MothersDay #Rihanna #Fenty #Legacy #Family #Foundation #Art #CaribbeanArtist #CalvertJonesArt #TropicalRealism",Well#rihanna #RZA #babyfenty #Fenty,#videos2watchNOW
nerdom,SAVAGEXFENTY by RihannaSHOP THE COLLECTION https://amzn.to/3G0tU2U#SAVAGEXFENTY #Rihanna#SHOP #FENTY #FashionShow #Fashion,#videos2watchNOWThe Untold Truth about Gender-Neutral skincare: Breaking Beauty Barriers#Rhianna #rhiannamakeup #fentybeauty #fenty #skincare @beauty #makeup,
#Lit Sapa Inca,#videos2watchNOWThe Untold Truth about Gender-Neutral skincare: Breaking Beauty Barriers#Rhianna #rhiannamakeup #fentybeauty #fenty #skincare @beauty #makeup,SAVAGEXFENTY by RihannaSHOP THE COLLECTION https://amzn.to/3G0tU2U#SAVAGEXFENTY #Rihanna#SHOP #FENTY #FashionShow #Fashion,The highly anticipated name of Rihanna and A$AP Rocky's baby son.
Mama Writes,Thank you for supporting Love Monkey (EP) By #Litgod @serious_lord ‚Äùhttps://g.co/kgs/cxNZqF #fenty #VH1 #radioone #urbanone #hot97 #funkflex #litdjs #akademiks #atlscoop #atlscoopmusic,The highly anticipated name of Rihanna and A$AP Rocky's baby son.https://youtu.be/-zX2h-CW7ag#rihanna #rihannafan #rihannastyle #RIRI #fenty #fentyface #fentybeauty #asaprocky #celebrity #celebritynews #CelebrityLeaks #celebritybuda,SAVAGEXFENTY by RihannaSHOP THE COLLECTION 
nerdom,The highly anticipated name of Rihanna and A$AP Rocky's baby son.https://youtu.be/-zX2h-CW7ag#rihanna #rihannafan #rihannastyle #RIRI #fenty #fentyface #fentybeauty #asaprocky #celebrity #celebritynews #CelebrityLeaks #celebritybuda,I'm surprised RZA isn't trending on Twitter! #Rihanna #RZA #Fenty,Soooooo sexy!! 
FanCalls,I'm surprised RZA isn't trending on Twitter! #Rihanna #RZA #Fenty,SAVAGEXFENTY by RihannaSHOP THE COLLECTION https://amzn.to/3G0tU2U#SAVAGEXFENTY #Rihanna#SHOP #FENTY #FashionShow #Fashion,#Rihanna
World Music Awards,SAVAGEXFENTY by RihannaSHOP THE COLLECTION https://amzn.to/3G0tU2U#SAVAGEXFENTY #Rihanna#SHOP #FENTY #FashionShow #Fashion,Soooooo sexy!! #Rihanna #Fenty,
,I needed mascara and my daughter had a gift card for Ulta so we just had a fun little shopping spree there. Looking forward to trying the Fenty x Rihanna gloss. I have Lip Stunna lip paint already and love it.,SAVAGEXFENTY by RihannaSHOP THE COLLECTION https://amzn.to/3G0tU2U#SAVAGEXFENTY #Rihanna#SHOP #FENTY #FashionShow #Fashion,amazon.comSavage XShop the Savage X Fenty store on Amazon Fashion.
nerdom,,,
nerdom,"Fenty Stunna Long Wearing Liquid Lipstick, shade UNCENSORED. Available at 125,000ugx. Order online via https://lnkd.in/grKG9kXE Call/Whatsapp 0704 261 720 for deliveries.

#beauty #lipstick #fenty #redlipstick #wcw #selflove #makeup #uganda",FENTY HAVE DONE IT AGAIN! Here is a product demo UGC example! I have complete faith in @fentybeauty they literally never disappoint! This bronzer is the sole source of happiness like she speaks for herself.#bronzer #FENTY #ugccommunity #ugcexample #UGCConcept #ugccreatorneeded, obsessed@fentybeauty #FENTY #lipstick #UGC #UGCcreator
Nique | UGC Creator,,SAVAGEXFENTY by RihannaSHOP THE COLLECTION https://amzn.to/3G0tU2U#SAVAGEXFENTY #Rihanna#SHOP #FENTY #FashionShow #Fashion,#Litgod @serious_lord on all platformshttps://g.co/kgs/i5TB7d‚Ä¶. thank you for rocking with us 20 yearsCrunk Incorporated @CrunkInc #MTV#hiphop #fentybeauty #gucci#fenty #VH1 #radioone #urbanone #hot97 #funkflex #litdjs #akademiks #atlscoop #atlscoopmusic
Green Thumb Lodge #44,,My first Fenty Beauty #fenty #UGCcreator #lipstick @fentybeauty,I will be on a well known magazine coverSpeaking these blessings into existence #calimodel #model #modeling #Magazine #VogueCover #fenty #FentyBeauty #modelscout #naturalbeauty #California #beauty
Diamond,"I don‚Äôt know what I like more that she is loving up on him marking her territory or the fact that he doesn‚Äôt wipe it off and leaves a perfect kiss print the product placement Fenty Beauty #asaprocky #Rihanna #fenty",Replying to @JoshuaLopez202,When traveling entirely too much leads to a Wednesday #DateNight! #TeamKoJo #Fenty practice continues. Too subtle again!
rikki bobbi,,When traveling entirely too much leads to a Wednesday #DateNight! #TeamKoJo #Fenty practice continues. Too subtle again!,SAVAGEXFENTY by RihannaSHOP THE COLLECTION https://amzn.to/3G0tU2U#SAVAGEXFENTY #Rihanna#SHOP #FENTY #FashionShow #Fashion
Koritha Mitchell,#Fenty,SAVAGEXFENTY by RihannaSHOP THE COLLECTION https://amzn.to/3G0tU2U#SAVAGEXFENTY #Rihanna#SHOP #FENTY #FashionShow #Fashion,Throwback to this Riri #rihanna #riri #fenty
,SAVAGEXFENTY by RihannaSHOP THE COLLECTION https://amzn.to/3G0tU2U#SAVAGEXFENTY #Rihanna#SHOP #FENTY #FashionShow #Fashion,,
nerdom,"
@JoshuaLopez202
Gentrifiers did it to uptown, uptown and out of towners do it to the Southside everyday!

Vicious cycle the #LatteLiberals #GreenTeam #Bowser #Fenty have ushered in!",FENTY HAVE DONE IT AGAIN! Here is a product demo UGC example! I have complete faith in @fentybeauty they literally never disappoint! This bronzer is the sole source of happiness like she speaks for herself.#bronzer #FENTY #ugccommunity #ugcexample #UGCConcept #ugccreatorneeded, obsessed@fentybeauty #FENTY #lipstick #UGC #UGCcreator
Nique | UGC Creator,SAVAGEXFENTY by RihannaSHOP THE COLLECTION https://amzn.to/3G0tU2U#SAVAGEXFENTY #Rihanna#SHOP #FENTY #FashionShow #Fashion,#Litgod @serious_lord on all platformshttps://g.co/kgs/i5TB7d‚Ä¶. thank you for rocking with us 20 yearsCrunk Incorporated @CrunkInc #MTV#hiphop #fentybeauty #gucci#fenty #VH1 #radioone #urbanone #hot97 #funkflex #litdjs #akademiks #atlscoop #atlscoopmusic,
Koritha Mitchell,My first Fenty Beauty #fenty #UGCcreator #lipstick @fentybeauty,I will be on a well known magazine coverSpeaking these blessings into existence #calimodel #model #modeling #Magazine #VogueCover #fenty #FentyBeauty #modelscout #naturalbeauty #California #beauty,Replying to @JoshuaLopez202
Tony Pepperoni,Replying to @JoshuaLopez202,When traveling entirely too much leads to a Wednesday #DateNight! #TeamKoJo #Fenty practice continues. Too subtle again!,SAVAGEXFENTY by RihannaSHOP THE COLLECTION https://amzn.to/3G0tU2U#SAVAGEXFENTY #Rihanna#SHOP #FENTY #FashionShow #Fashion
arcstore_sa,When traveling entirely too much leads to a Wednesday #DateNight! #TeamKoJo #Fenty practice continues. Too subtle again!,SAVAGEXFENTY by RihannaSHOP THE COLLECTION https://amzn.to/3G0tU2U#SAVAGEXFENTY #Rihanna#SHOP #FENTY #FashionShow #Fashion,Throwback to this Riri #rihanna #riri #fenty
,SAVAGEXFENTY by RihannaSHOP THE COLLECTION https://amzn.to/3G0tU2U#SAVAGEXFENTY #Rihanna#SHOP #FENTY #FashionShow #Fashion,Throwback to this Riri #rihanna #riri #fenty,"So creamy you could lick it (but please don't!)This is FENTY SKIN'S thicker, richer, luxed-up body moisturiser that buttas you up with a nourishing whipped oil cream with restorative tropical oils.#arcstore #fenty #fentybeauty #fentyskin #buttadrop #skincare"
,Fenty Beauty,,
Green Thumb Lodge #44,0:25Fenty Beauty, obsessed@fentybeauty #FENTY #lipstick #UGC #UGCcreator,SAVAGEXFENTY by RihannaSHOP THE COLLECTION https://amzn.to/3G0tU2U#SAVAGEXFENTY #Rihanna#SHOP #FENTY #FashionShow #Fashion
rikki bobbi,,My first Fenty Beauty #fenty #UGCcreator #lipstick @fentybeauty,I will be on a well known magazine coverSpeaking these blessings into existence #calimodel #model #modeling #Magazine #VogueCover #fenty #FentyBeauty #modelscout #naturalbeauty #California #beauty
Tony Pepperoni,"Gentrifiers did it to uptown, uptown and out of towners do it to the Southside everyday!Vicious cycle the #LatteLiberals #GreenTeam #Bowser #Fenty have ushered in!",When traveling entirely too much leads to a Wednesday #DateNight! #TeamKoJo #Fenty practice continues. Too subtle again!,SAVAGEXFENTY by RihannaSHOP THE COLLECTION https://amzn.to/3G0tU2U#SAVAGEXFENTY #Rihanna#SHOP #FENTY #FashionShow #Fashion
arcstore_sa,,SAVAGEXFENTY by RihannaSHOP THE COLLECTION https://amzn.to/3G0tU2U#SAVAGEXFENTY #Rihanna#SHOP #FENTY #FashionShow #Fashion,Throwback to this Riri #rihanna #riri #fenty
,amazon.comSavage XShop the Savage X Fenty store on Amazon Fashion.,Throwback to this Riri #rihanna #riri #fenty,"So creamy you could lick it (but please don't!)This is FENTY SKIN'S thicker, richer, luxed-up body moisturiser that buttas you up with a nourishing whipped oil cream with restorative tropical oils.#arcstore #fenty #fentybeauty #fentyskin #buttadrop #skincare"
Moreblessing,"#Litgod 
@serious_lord
 on all platforms üå≥ üí´  https://g.co/kgs/i5TB7d

‚Ä¶. thank you for rocking with us 20 years üôèüèæ 

üíøCrunk Incorporated 
@CrunkInc
 

#MTV  #hiphop #fentybeauty #gucci  #fenty #VH1 #radioone #urbanone #hot97 
#funkflex #litdjs #akademiks #atlscoop #atlscoopmusic",,
Moreblessing,FENTY HAVE DONE IT AGAIN! Here is a product demo UGC example! I have complete faith in @fentybeauty they literally never disappoint! This bronzer is the sole source of happiness like she speaks for herself.#bronzer #FENTY #ugccommunity #ugcexample #UGCConcept #ugccreatorneeded, obsessed@fentybeauty #FENTY #lipstick #UGC #UGCcreator,#Litgod @serious_lord on all platformshttps://g.co/kgs/i5TB7d‚Ä¶. thank you for rocking with us 20 yearsCrunk Incorporated @CrunkInc #MTV#hiphop #fentybeauty #gucci#fenty #VH1 #radioone #urbanone #hot97 #funkflex #litdjs #akademiks #atlscoop #atlscoopmusic
Green Thumb Lodge #44,#Litgod @serious_lord on all platformshttps://g.co/kgs/i5TB7d‚Ä¶. thank you for rocking with us 20 yearsCrunk Incorporated @CrunkInc #MTV#hiphop #fentybeauty #gucci#fenty #VH1 #radioone #urbanone #hot97 #funkflex #litdjs #akademiks #atlscoop #atlscoopmusic,My first Fenty Beauty #fenty #UGCcreator #lipstick @fentybeauty,Replying to @JoshuaLopez202
rikki bobbi,Replying to @JoshuaLopez202,When traveling entirely too much leads to a Wednesday #DateNight! #TeamKoJo #Fenty practice continues. Too subtle again!,Throwback to this Riri #rihanna #riri #fenty
Koritha Mitchell,When traveling entirely too much leads to a Wednesday #DateNight! #TeamKoJo #Fenty practice continues. Too subtle again!,SAVAGEXFENTY by RihannaSHOP THE COLLECTION https://amzn.to/3G0tU2U#SAVAGEXFENTY #Rihanna#SHOP #FENTY #FashionShow #Fashion,"So creamy you could lick it (but please don't!)This is FENTY SKIN'S thicker, richer, luxed-up body moisturiser that buttas you up with a nourishing whipped oil cream with restorative tropical oils.#arcstore #fenty #fentybeauty #fentyskin #buttadrop #skincare"
nerdom,SAVAGEXFENTY by RihannaSHOP THE COLLECTION https://amzn.to/3G0tU2U#SAVAGEXFENTY #Rihanna#SHOP #FENTY #FashionShow #Fashion,Throwback to this Riri #rihanna #riri #fenty,Can't rock a Fenty look without some cash flow? TEMU's got you covered! Use my code <149475557> and search your way to $20 in rewards. Now you can slay like Rihanna without breaking the bank#TEMU #Fenty
Tony Pepperoni,Throwback to this Riri #rihanna #riri #fenty,"So creamy you could lick it (but please don't!)This is FENTY SKIN'S thicker, richer, luxed-up body moisturiser that buttas you up with a nourishing whipped oil cream with restorative tropical oils.#arcstore #fenty #fentybeauty #fentyskin #buttadrop #skincare",Fenty must be really popular! #FentyUse my Temu code please 148429010code for code!
,Can't rock a Fenty look without some cash flow? TEMU's got you covered! Use my code <149475557> and search your way to $20 in rewards. Now you can slay like Rihanna without breaking the bank#TEMU #Fenty,Fenty must be really popular! #FentyUse my Temu code please 148429010code for code!,Replying to @fentybeauty
Elle Me,Replying to @fentybeauty,Replying to @fentybeauty,"Our #original #Fenty Pro Filt‚Äôr Hydrating Foundation provides medium to full coverage, leaves the skin feeling & looking natural. * Perfect for DRY SKIN. Shade [470] available at 110,000ugx. Order online via https://lnkd.in/gYFT7ggN Call/Whatsapp 0704 261 720 for deliveries."
Changito,I loooove Fenty Glow!!#fenty,"Our #original #Fenty Pro Filt‚Äôr Hydrating Foundation provides medium to full coverage, leaves the skin feeling & looking natural. * Perfect for DRY SKIN. Shade [470] available at 110,000ugx. Order online via https://lnkd.in/gYFT7ggN Call/Whatsapp 0704 261 720 for deliveries.",SAVAGEXFENTY by RihannaSHOP THE COLLECTION https://amzn.to/3G0tU2U#SAVAGEXFENTY #Rihanna#SHOP #FENTY #FashionShow #Fashion
arcstore_sa,"TEXTURE TUESDAY: Let me introduce you to your new best friend for volumised lashes, Fenty Hella Thicc MascaraWe love how weightless this formula is while giving that FULL lash effect.#arcstore #fenty #hellathicc #makeup #mascara #beauty #cosmetics #texturetuesday",SAVAGEXFENTY by RihannaSHOP THE COLLECTION https://amzn.to/3G0tU2U#SAVAGEXFENTY #Rihanna#SHOP #FENTY #FashionShow #Fashion,"‚ÄúWhen you become a mom, there's something that just happens where you feel like you can take on the world and do anything‚Äù - @rihanna .#Mothers #MothersDay #Rihanna #Fenty #Legacy #Family #Foundation #Art #CaribbeanArtist #CalvertJonesArt #TropicalRealism"
Umbrellaellaellaeh,Google Bard gets it!#riri #robynfenty #Rihanna #fenty #queenriri #rihannanavy,"‚ÄúWhen you become a mom, there's something that just happens where you feel like you can take on the world and do anything‚Äù - @rihanna .#Mothers #MothersDay #Rihanna #Fenty #Legacy #Family #Foundation #Art #CaribbeanArtist #CalvertJonesArt #TropicalRealism",SAVAGEXFENTY by RihannaSHOP THE COLLECTION https://amzn.to/3G0tU2U#SAVAGEXFENTY #Rihanna#SHOP #FENTY #FashionShow #Fashion
QHALEESI ,Well#rihanna #RZA #babyfenty #Fenty,SAVAGEXFENTY by RihannaSHOP THE COLLECTION https://amzn.to/3G0tU2U#SAVAGEXFENTY #Rihanna#SHOP #FENTY #FashionShow #Fashion,SAVAGEXFENTY by RihannaSHOP THE COLLECTION https://amzn.to/3G0tU2U#SAVAGEXFENTY #Rihanna#SHOP #FENTY #FashionShow #Fashion
EndlessMindsets,#videos2watchNOWThe Untold Truth about Gender-Neutral skincare: Breaking Beauty Barriers#Rhianna #rhiannamakeup #fentybeauty #fenty #skincare @beauty #makeup,SAVAGEXFENTY by RihannaSHOP THE COLLECTION https://amzn.to/3G0tU2U#SAVAGEXFENTY #Rihanna#SHOP #FENTY #FashionShow #Fashion,The highly anticipated name of Rihanna and A$AP Rocky's baby son.https://youtu.be/-zX2h-CW7ag#rihanna #rihannafan #rihannastyle #RIRI #fenty #fentyface #fentybeauty #asaprocky #celebrity #celebritynews #CelebrityLeaks #celebritybuda
#Lit Sapa Inca,Thank you for supporting Love Monkey (EP) By #Litgod @serious_lord ‚Äùhttps://g.co/kgs/cxNZqF #fenty #VH1 #radioone #urbanone #hot97 #funkflex #litdjs #akademiks #atlscoop #atlscoopmusic,The highly anticipated name of Rihanna and A$AP Rocky's baby son.https://youtu.be/-zX2h-CW7ag#rihanna #rihannafan #rihannastyle #RIRI #fenty #fentyface #fentybeauty #asaprocky #celebrity #celebritynews #CelebrityLeaks #celebritybuda,SAVAGEXFENTY by RihannaSHOP THE COLLECTION https://amzn.to/3G0tU2U#SAVAGEXFENTY #Rihanna#SHOP #FENTY #FashionShow #Fashion
celebritybuda001,The highly anticipated name of Rihanna and A$AP Rocky's baby son.https://youtu.be/-zX2h-CW7ag#rihanna #rihannafan #rihannastyle #RIRI #fenty #fentyface #fentybeauty #asaprocky #celebrity #celebritynews #CelebrityLeaks #celebritybuda,I'm surprised RZA isn't trending on Twitter! #Rihanna #RZA #Fenty,Soooooo sexy!! #Rihanna #Fenty
Mama Writes,I'm surprised RZA isn't trending on Twitter! #Rihanna #RZA #Fenty,SAVAGEXFENTY by RihannaSHOP THE COLLECTION https://amzn.to/3G0tU2U#SAVAGEXFENTY #Rihanna#SHOP #FENTY #FashionShow #Fashion,#Rihanna celebrates #SavagexFenty's 5th year anniversary looking so hawt in new fun photoshoot! #fentybeauty #fenty @Rihanna
nerdom,SAVAGEXFENTY by RihannaSHOP THE COLLECTION https://amzn.to/3G0tU2U#SAVAGEXFENTY #Rihanna#SHOP #FENTY #FashionShow #Fashion,Soooooo sexy!! #Rihanna #Fenty,NEW VIDEO OUT NOW Updated Skin Routine w/ @fentyskin https://youtu.be/kDs4u9eA6zo#fenty #fentyskin #skincare #skinroutine #facial
FanCalls,Soooooo sexy!! #Rihanna #Fenty,#Rihanna celebrates #SavagexFenty's 5th year anniversary looking so hawt in new fun photoshoot! #fentybeauty #fenty @Rihanna,Damn. This #Fenty Eau du Parfum is AHMAZING!
World Music Awards,#Rihanna celebrates #SavagexFenty's 5th year anniversary looking so hawt in new fun photoshoot! #fentybeauty #fenty @Rihanna,NEW VIDEO OUT NOW Updated Skin Routine w/ @fentyskin https://youtu.be/kDs4u9eA6zo#fenty #fentyskin #skincare #skinroutine #facial,SAVAGEXFENTY by RihannaSHOP THE COLLECTION https://amzn.to/3G0tU2U#SAVAGEXFENTY #Rihanna#SHOP #FENTY #FashionShow #Fashion
nerdom,SAVAGEXFENTY by RihannaSHOP THE COLLECTION https://amzn.to/3G0tU2U#SAVAGEXFENTY #Rihanna#SHOP #FENTY #FashionShow #Fashion,FENTY HAVE DONE IT AGAIN! Here is a product demo UGC example! I have complete faith in ,
nerdom,,,
nerdom,,FENTY HAVE DONE IT AGAIN! Here is a product demo UGC example! I have complete faith in @fentybeauty they literally never disappoint! This bronzer is the sole source of happiness like she speaks for herself.#bronzer #FENTY #ugccommunity #ugcexample #UGCConcept #ugccreatorneeded,SAVAGEXFENTY by RihannaSHOP THE COLLECTION https://amzn.to/3G0tU2U#SAVAGEXFENTY #Rihanna#SHOP #FENTY #FashionShow #Fashion
nerdom,"Gentrifiers did it to uptown, uptown and out of towners do it to the Southside everyday!Vicious cycle the ",#Litgod @serious_lord on all platformshttps://g.co/kgs/i5TB7d‚Ä¶. thank you for rocking with us 20 yearsCrunk Incorporated @CrunkInc #MTV#hiphop #fentybeauty #gucci#fenty #VH1 #radioone #urbanone #hot97 #funkflex #litdjs #akademiks #atlscoop #atlscoopmusic,I will be on a well known magazine coverSpeaking these blessings into existence #calimodel #model #modeling #Magazine #VogueCover #fenty #FentyBeauty #modelscout #naturalbeauty #California #beauty
rikki bobbi,"I needed mascara and my daughter had a gift card for Ulta so we just had a fun little shopping spree there. Looking forward to trying the Fenty x Rihanna gloss. I have Lip Stunna lip paint already and love it.
#Ulta
#Fenty
#LancomeParis
#momdaughter 
#treatyourself",When traveling entirely too much leads to a Wednesday #DateNight! #TeamKoJo #Fenty practice continues. Too subtle again!,Throwback to this Riri #rihanna #riri #fenty
Koritha Mitchell,"Gentrifiers did it to uptown, uptown and out of towners do it to the Southside everyday!Vicious cycle the ",SAVAGEXFENTY by RihannaSHOP THE COLLECTION https://amzn.to/3G0tU2U#SAVAGEXFENTY #Rihanna#SHOP #FENTY #FashionShow #Fashion,"So creamy you could lick it (but please don't!)This is FENTY SKIN'S thicker, richer, luxed-up body moisturiser that buttas you up with a nourishing whipped oil cream with restorative tropical oils.#arcstore #fenty #fentybeauty #fentyskin #buttadrop #skincare"
nerdom,"FENTY HAVE DONE IT AGAIN! Here is a product demo UGC example! I have complete faith in 
@fentybeauty
 they literally never disappoint! This bronzer is the sole source of happiness like she speaks for herself.
#bronzer #FENTY #ugccommunity #ugcexample #UGCConcept #ugccreatorneeded",Throwback to this Riri #rihanna #riri #fenty,Can't rock a Fenty look without some cash flow? TEMU's got you covered! Use my code <149475557> and search your way to $20 in rewards. Now you can slay like Rihanna without breaking the bank#TEMU #Fenty
Tony Pepperoni,"Gentrifiers did it to uptown, uptown and out of towners do it to the Southside everyday!Vicious cycle the ","So creamy you could lick it (but please don't!)This is FENTY SKIN'S thicker, richer, luxed-up body moisturiser that buttas you up with a nourishing whipped oil cream with restorative tropical oils.#arcstore #fenty #fentybeauty #fentyskin #buttadrop #skincare",Fenty must be really popular! #FentyUse my Temu code please 148429010code for code!
,Definitely Honey waffles!,Fenty must be really popular! #FentyUse my Temu code please 148429010code for code!,Replying to @fentybeauty
,I loooove Fenty Glow!! ,,
Elle Me,Definitely Honey waffles!,Replying to @fentybeauty,I loooove Fenty Glow!!#fenty
Changito,Definitely Honey waffles!,,"Our #original #Fenty Pro Filt‚Äôr Hydrating Foundation provides medium to full coverage, leaves the skin feeling & looking natural. * Perfect for DRY SKIN. Shade [470] available at 110,000ugx. Order online via https://lnkd.in/gYFT7ggN Call/Whatsapp 0704 261 720 for deliveries."
Changito,Definitely Honey waffles!,"Our #original #Fenty Pro Filt‚Äôr Hydrating Foundation provides medium to full coverage, leaves the skin feeling & looking natural. * Perfect for DRY SKIN. Shade [470] available at 110,000ugx. Order online via https://lnkd.in/gYFT7ggN Call/Whatsapp 0704 261 720 for deliveries.",SAVAGEXFENTY by RihannaSHOP THE COLLECTION https://amzn.to/3G0tU2U#SAVAGEXFENTY #Rihanna#SHOP #FENTY #FashionShow #Fashion
nerdom,,Google Bard gets it!#riri #robynfenty #Rihanna #fenty #queenriri #rihannanavy,
Umbrellaellaellaeh,,"‚ÄúWhen you become a mom, there's something that just happens where you feel like you can take on the world and do anything‚Äù - @rihanna .#Mothers #MothersDay #Rihanna #Fenty #Legacy #Family #Foundation #Art #CaribbeanArtist #CalvertJonesArt #TropicalRealism",Well#rihanna #RZA #babyfenty #Fenty
,,Well#rihanna #RZA #babyfenty #Fenty,#videos2watchNOWThe Untold Truth about Gender-Neutral skincare: Breaking Beauty Barriers#Rhianna #rhiannamakeup #fentybeauty #fenty #skincare @beauty #makeup
EndlessMindsets,,SAVAGEXFENTY by RihannaSHOP THE COLLECTION https://amzn.to/3G0tU2U#SAVAGEXFENTY #Rihanna#SHOP #FENTY #FashionShow #Fashion,The highly anticipated name of Rihanna and A$AP Rocky's baby son.https://youtu.be/-zX2h-CW7ag#rihanna #rihannafan #rihannastyle #RIRI #fenty #fentyface #fentybeauty #asaprocky #celebrity #celebritynews #CelebrityLeaks #celebritybuda
#Lit Sapa Inca,,The highly anticipated name of Rihanna and A$AP Rocky's baby son.https://youtu.be/-zX2h-CW7ag#rihanna #rihannafan #rihannastyle #RIRI #fenty #fentyface #fentybeauty #asaprocky #celebrity #celebritynews #CelebrityLeaks #celebritybuda,SAVAGEXFENTY by RihannaSHOP THE COLLECTION https://amzn.to/3G0tU2U#SAVAGEXFENTY #Rihanna#SHOP #FENTY #FashionShow #Fashion
celebritybuda001,,I'm surprised RZA isn't trending on Twitter! #Rihanna #RZA #Fenty,Soooooo sexy!! #Rihanna #Fenty
Mama Writes,,SAVAGEXFENTY by RihannaSHOP THE COLLECTION https://amzn.to/3G0tU2U#SAVAGEXFENTY #Rihanna#SHOP #FENTY #FashionShow #Fashion,#Rihanna celebrates #SavagexFenty's 5th year anniversary looking so hawt in new fun photoshoot! #fentybeauty #fenty @Rihanna
nerdom,,Soooooo sexy!! #Rihanna #Fenty,NEW VIDEO OUT NOW Updated Skin Routine w/ @fentyskin https://youtu.be/kDs4u9eA6zo#fenty #fentyskin #skincare #skinroutine #facial
FanCalls,,#Rihanna celebrates #SavagexFenty's 5th year anniversary looking so hawt in new fun photoshoot! #fentybeauty #fenty @Rihanna,Damn. This #Fenty Eau du Parfum is AHMAZING!
World Music Awards,,NEW VIDEO OUT NOW Updated Skin Routine w/ @fentyskin https://youtu.be/kDs4u9eA6zo#fenty #fentyskin #skincare #skinroutine #facial,SAVAGEXFENTY by RihannaSHOP THE COLLECTION https://amzn.to/3G0tU2U#SAVAGEXFENTY #Rihanna#SHOP #FENTY #FashionShow #Fashion