Noelle,I NEED ONE GILLETTE TICKET FOR EITHER SATURDAY OR SUNDAY PLEASE UNIVERSE,11h,Waking up with frizzy hair in the morning? Try this hair straightening comb to straighten and curl your hair naturally! You can do exquisite hairstyles at home!,,
,,,Get Yours ,,
,,,What would Europe look like if Germany won WW1?,,
,,,Get Yours ,,
Molly Rose,Fenway and I have a nightly routine. We get into bed early & fight off Taylor Swift scammers all while manifesting a human with a moral compass who might want to sell legit Taylor tickets to a Gillette or MetLife show.,9h,"Maximize your backyard year round with an outdoor kitchen. Expand your outdoor space for cooking, eating, entertaining, and even relaxing. Get started today at BBQGuys!",,
,,,"So your home's value just skyrocketed, but you're still low on cash?Here's a bona fide way to get cash out of your house without a loan (no debt, no monthly payments either)",,
,,,#funny,,
Brenna,Ticketmaster hasn‚Äôt had any drops for Gillette tickets I‚Äôm getting scared ,13h,,#renaissancecardiff,
Shivam Arora,Beyhive!! Retweet it & help me sell! Pleaseee!,17h,"Shaving on-the-go can be a real hassle....but not when you have the Mini Portable Electric Shaver!This shaver may be small but it is mighty!Take it with you when traveling, at work, the gym, and the place you want to touch up your shave.Shop Now",,
,,, ,,
Justin Trudell,Non Gillette ,21h,,#n2,
VPickr,#GILLETTE,May 16,Introducing Algolia NeuralSearch ‚Äî the only true end-to-end ,,
,,,#AI,,
,,," search solution across query understanding, retrieval and ranking. Learn more: ",,
#ALKESH,#GILLETTE,May 16,,#Montana,
MadBajan ,So ,May 16,Thank You For Being Amazing! ,,
,What is a Man? Must watch response to #Gillette #MAGA #QAnon #Men #WWG1WGA https://m.youtube.com/watch?v=x_HL0wiK4Zc,, Order here: ,,
,"#gmb #gillette i agree with you 
@piersmorgan
 men are being attacked from all sides. I applaud you for standing up for us #men
",,Names and Quotes can be changed,,
,"Does the new #MeToo-inspired #Gillette ad for men‚Äôs razors represent a cultural shift in ads directed at men? @DrDodgyBird asks if the ad is meant to attract #men or #women, via 
@ConversationCA
. For #HerInformedOps contact Andrea @ http://bit.ly/2DsbdEs. https://theconversation.com/gillettes-metoo-inspired-super-bowl-ad-represents-a-cultural-shift-110080?utm_medium=email&utm_campaign=Latest%20from%20The%20Conversation%20for%20January%2022%202019&utm_content=Latest%20from%20The%20Conversation%20for%20January%2022%202019+CID_a1279bfcb78c7764ccdaade499f109e1&utm_source=campaign_monitor_ca&utm_term=Gillettes%20MeToo-inspired%20Super%20Bowl%20ad%20represents%20a%20cultural%20shift
",,#wanderprints,,
,"Sex and all is cool but have you ever experienced the smoothness of a newly opened cartridge of Gillette Fusion on ur face...!!

#Gillette 
#Men",,#ledlight,,
,,,#daddy,,
,"To anyone that was interested in the #Gillette ad on toxic masculinity, I can't recommend the 
@SceneOnRadio
 podcast enough.  Season 3 (#MEN) discusses so much of what is going on in the video.  Such a great listen
",,#father,,
,,,#family,,
,,,#dad,,
,"Have you heard about the very controversial new ad of Gillette? üëêWhat do you think? Comment and let us know your opinion
http://ow.ly/lCnD50knZlU
#gillette #advertisement #metoo #thebestmencanbe #procterandgamble #men #tukan #paris #budapest #digital #digitalmarketing",,#fathersday,,
,,,#fathersdaygift,,
,"Try not to be shocked #Men
But the #ToxicFemininity advert for #Gillette was directed by you guessed it, A retarded femenist called KIM. This women has no clue what it is to be a man. How dare she imply she does.
Horrible toxic 3rd wave womensplaining nonsense.",,#light,,
,,,#kid,,
,Do people have a point about the #Gillette ad?  Here's my take. https://kirkgiles.com/gillette-best-a-man-can-get/  #Men #ToxicMasculinity,,#children,,
,,,#daughter,,
,,,#son,,
I H ,Exciting news for ,May 11,"Mark your calendars! The final deadline to register for the June ACT is Friday, May 19.",#erastour,
AoI Ventures,#GILLETTE,May 11,,,
,,,#son,,
Amanda Fay,"Is anyone still selling tickets for Gillette Stadium? Any day, reasonably priced! I'm a new mom and can't afford the resell prices out there but want to see Taylor so badly ",11h,"Shaving on-the-go can be a real hassle....but not when you have the Mini Portable Electric Shaver!This shaver may be small but it is mighty!Take it with you when traveling, at work, the gym, and the place you want to touch up your shave.Shop Now",,
,,, ,,
,,,"There are places that other trimmers can‚Äôt do, tame irregular hair in a few seconds.Get yours: ",,
Michael ,Hi ,May 17,,#Gillette,
,,,"""I've noticed a huge huge huge difference not only in my skin but in my hair. I can go so many more days without washing my hair. It just stays soft and silky and smooth"" - Abby KExperience the difference when you make clean water step zero of your beauty routine ", ,
,,,, ,
24 Pages,The 80s had some of the best ads! Don't you agree?It's another Throwback Friday!A timeless ad from ,Apr 21,"No more bare patches from dog potty spots on your grass with this amazing solution!Within just a few weeks, your patchy lawn will grow with thick, green, and luscious blades of grass.Get it ",,
,,,,#FY23,
BoyMom,#IreneGakwa,Feb 7,,#Boycott,
Shay Ryan ,"Go woke, get broke. ",Apr 13,How to draw female hair in just 5 seconds,#Boycott,
,,, Use 3 types of Clip Studio Wavy Hair Brushes for free now!Wavy hair brush 1: ,,
,,,Wavy hair brush 2: ,,
,,,Wavy hair brush 3: ,,
Emily,#Gillette,11h,Are you looking for the right nail clippers for your thick yellow fingernails and toenails? Get it,,
Sarah Rondeau,Just a Swiftie praying she‚Äôll find tickets for ,May 10,,,
,,,#DapperDenimBeautyNews,,
Tyson,Exciting to see the Gillette Stadium upgrade! ,May 11,,. BOOK IT! ,
RING SPAN,,Apr 2,Attention all beginner investors! Stop searching for the perfect investment.,#results,
,,,"Learn how to use THIS tried-and-true, overlooked REAL ESTATE strategy now.Sign up now for my FREE real estate training! ",,
,,,#multifamilyrealestate,,
,,,#investing,,
,,,#financialfreedom,,
Jimmy Nestell,Another epic year at ,Jan 2,Tired of endless meeting ?,#Gillette,
,ISO 4 Foxborough/Gillette tickets for 5/20 or 5/21 ,May 17,,#CashRewards,
laney gill,,Apr 4,What if the U.S. had not entered WW2?,,
GILLETTE N3 5/21,Major ISO 2 tickets for Gillette n1 5/19 (trying to surprise my mother for Mother‚Äôs Day and not having much luck with tickets!) and once again scammers DNI (please help ya girl out<3),May 10,,#intimate,
Mikey,,May 10,This Month‚Äôs Featured Add-On‚Ä¶ SendGridLearn how the Gravity Forms SendGrid Add-On can improve form email notification reliability. Includes a full step-by-step setup tutorial.,,
VPickr,#GILLETTE,May 11,,,
Rajiv Mehta,"Bhai Copy 25th Feb,1988Asian Paints 140, ",Apr 8,,,
,Gillette joins Bud Light. Piers Morgan slams ,Apr 25,,,
Damn.Good.Marketing,Gillette sends free razors to 18-year-olds to hook them for life. A smart customer acquisition strategy based on brand and qualityWatch more in the new episode of ,Mar 2,What would Europe look like if Germany won WW1?,#TheErasTourfoxborough,
Astra Antiques,This collection of vintage safety razors would make a great display piece from dealer 160 ,Apr 6,,,
plaatjes-en-spreuken,Check hier onze andere spreuken!-->,May 7,,,
Kristen Triplett,,May 10,Waking up with frizzy hair in the morning? Try this hair straightening comb to straighten and curl your hair naturally! You can do exquisite hairstyles at home!,,
,,,Get Yours ,,
Dr. ,Since there seems to be so much momentum and success with the ,May 13,,,
Gwen ,I've seen different versions of this video on my fyp for the last few days and it's just so funny. Like what was really going on in the 90s that there were little kids in the audience for this song. ,Jan 12,American's are getting way better sleep by making this one simple change.,#foxboro,
Casual American,Revolution are at Gillette Stadium this week! ,Mar 27,,,
Bobby HeadBalon ,< Bobby HeadBalon #210 > ,Jan 28,"So your home's value just skyrocketed, but you're still low on cash?Here's a bona fide way to get cash out of your house without a loan (no debt, no monthly payments either)",,
James Turner,,Apr 13,Don't forget the details of your first ACT! Reduce the gap between tests and register for June!,,
Katie Dixon,Gillette night 1 friends!! Are people trading bracelets?! I‚Äôve made a bunch ,May 14,"Searching for Shopify brands? We‚Äôve made it easy for you. Download the FREE Charm report to view the top 100 fastest-growing Shopify brands. Charm data provides in-depth insights into each brand‚Äôs growth, success, and more.",#Softball,
Adam K ,,May 11,,,
,I NEED ONE ,May 15,,#NASCAR75,
Katrina Michelle,So good I had to share! Check out all the items I'm loving on ,Feb 25, The Best Sandal for Walking and Standing All Summer. ,#Gillette,
Brandkloud,Berenice Bruno likes Steve McQueen ,May 11,,,
,,,What if WW1 never happened?,,
Sagar Tanksali,... virtue signalling activism. ,Apr 26,Remind them you'll be together at all times ,,
,,,Get yours here ,,
David Diamond,,Feb 28,,,
Bridget Case,,Feb 8,Introducing Algolia NeuralSearch ‚Äî the only true end-to-end ,,
,,,#AI,,
,,," search solution across query understanding, retrieval and ranking. Learn more: ",,
GrowthHIT,Gillette sends free razors to 18-year-olds to hook them for life. A smart customer acquisition strategy based on brand and qualityWatch more in the new episode of ,Mar 1,,,
,,,"Get rid of these fraying charging cables. Meet STATIK360, the Universal 3-in-1 fast-charging cable that is INCAPABLE of fraying!",#masculinity,
,,,,#shaveOfTheDay,
Dealzie,Gillette Venus Snap Hair Remover| Women Body Razor| Pack Of 1 | Compact Case|Soap Gel Bar With Avocado,May 13,,,
Kimberly Stone,LOVING ,Feb 6,"Dad, You're Our Everyday Hero! ",,
,,, Order here: ,,
,"This message... this direction... everything about it feels right. https://youtu.be/koPmuEyP3a0 #Gillette  #business #leadership #women #men #metoo
#CEO #CEOs #CXO #Radio #TV #CSuite #VC #PrivateEquity #Media #ChiefExecutive #WallStreet #retail #founder ‚Å†‚Å†‚Å†#CorpGov #sales #startups #startuplife #SiliconValley #brand #women #psychology #shaving #grooming

,Why #Men Should #Boycott #Gillette
READ AT http://MarcRudov.com/Gillette",,"Names, Appearances can be changed, up to 8 kids",,
,"Men: sexual harassment doesn't happen that much
Also men: if Gillette doesn't want us to sexually harass women, we might as well use their razors to cut off our balls
#Gillette #GiletteAd #gilletteboycott #MasculinitySoFragile #ToxicMasculinity #men",,#wanderprints,,
,"For those of you who don‚Äôt know, when one talks about ‚ÄúToxic Masculinity‚Äù, they are not saying ‚ÄúAll men are toxic.‚Äù 
They are pointing out our culture‚Äôs perpetuation of a type of masculinity that is harmful to men and the people around them.

#ToxicMasculinity #Gillette #Men",,#tshirt,,
,"Boom! There it is.
#Gillette #GilletteAd #MeToo #Resist #Men #Boys #RaisingThemRight #Women
As a woman I can't imagine how it would feel to see an ad that implies I could improve",,#daddy,,
,"#Gillette REALLY messed up by insulting #men with their man-shaming #commercial.  Why do we say that?  Because, even though they just released that controversial (and obviously expensive) #GilletteAd, they are ALREADY trying to cast ANOTHER one!  Instead, buy from #NOTgillette.

 have a dishonourable history of slagging their (former) customers off. cf, the #Gillette toxic masculinity ad. Cost them $8 billion as #men bailed. My next and my son's first razor? Not 

¬∑
We Believe: The Best #Men Can Be | #Gillette (Short Film) - well done, ‚Å¶
@Gillette
‚Å© ‚Å¶@Amanda_Melder‚Å© ‚Å¶
@ccmartin04
‚Å© ‚Å¶
@elizabeth_nuter
‚Å© ‚Å¶
@etknapp
‚Å©  https://youtube.com/watch?v=koPmuEyP3a0
fernando desouches
Did Gillette's toxic masculinity ad deserve the backlash it got? Hear my view on @talkRADIO at 4.15 today.
#men #masculinity #advertising #gillette",,#father,,
,"Goodbye #Gillette time to make feminine hygiene products only. Not that your ad doesn't have a decent message because it does, but you are unnecessarily emasculating #men. WHY are u embracing this pathetic #snowflake  culture? Company will suffer $ #THEROCK #masculinity #strength
¬∑
This is one of best men‚Äôs product ads I‚Äôve ever seen! The fact that #men are responding so negatively towards this #gillette ad says so much about the close-minded arrogance that needs to be overcome. I hope to see more #TheBestMenCanBe ads like this going forward! Grow TF up men
Quote Tweet
Gillette
@Gillette
¬∑
Boys will be boys‚Äù? Isn‚Äôt it time we stopped excusing bad behavior? Re-think and take action by joining us at http://TheBestMenCanBe.org. #TheBestMenCanBe",,#family,,
,"Gillette's ""Woke"" Ad that Insulted Men Cost P&G Billions - #Gillette #BoycottGillette #GetWokeGoBroke #LiberalismIsAMentalDisease #WalkAway #Men
redstate.com
Gillette's ""Woke"" Ad that Insulted Men Cost P&G Billions
Get woke, go billions broke.",,#dad,,
,"Too the men who find this Ad offensive: 
 
I am genuinely curious about what makes this ad offensive? 

You share your thoughts, then I‚Äôll share mine! 

#civildiscussion #GilletteAd #wednesdaythoughts #Discussion #ad #men #Gillette #gillette https://t.co/0I65oCXOsq
This Tweet is unavailable.",,#fathersday,,
,,,#fathersdaygift,,
,,,#kid,,
,,,#papa,,
,,,#children,,
,,,#daughter,,
,,,#son,,
Muzzagain,Slightly ironic seeing ,Jan 13,Did you know Sticker Mule is the King of Custom Packaging?- Free edge-to-edge printing- Experts on small and large orders- 50 unit minimums,,
Dave Cryer,New video on my other channel.BEST Value! Gillette Labs Razor Blades Refill 9-Pack ,Jan 22,,#ShareTheLoad,
Pablo Pereira,Please help me get ,Apr 28,,,
,,,#son,,
Amanda Fay,"Is anyone still selling tickets for Gillette Stadium? Any day, reasonably priced! I'm a new mom and can't afford the resell prices out there but want to see Taylor so badly ",The best a man can get ,,"Sidney Mae Olson, a 5-year-old girl who died tragically on Tuesday when she was hit by a truck, was a bright-eyed, energetic girl who possessed ‚Äúboundless love for everyone,‚Äù her family said.",
Jet Ski Bandit,The best a man can get ,,,,
Michael ,Hi ,"Omg I logged on and had only 1,300 people infront of me and now they are gone and I‚Äôm legit devastated. ",,,
Lauryn,Anyone else for Gillette N1 seeing ‚Äúsorry no tickets available?‚Äù How long do I refresh until another queue comes?? HELP ,Looking for 2 tickets to any night at Gillette plz help a girl out (PayPal g&s only) ,,,
,Anyone else for Gillette N1 seeing ‚Äúsorry no tickets available?‚Äù How long do I refresh until another queue comes?? HELP , ,Hi #Gillette people‚Ä¶do they ever run out of parking?! Like do we have to get there really early to get a spot,‚Å¶,
Amanda Fay,, ,Please if anyone had any extra tickets from the drop help a girl outwas in the queue at 1200 and I think they sold out. Been refreshing for days and now they are gone :( #TaylorSwift #taylorswiftconcerts #Gillette #TaylorSwiftErasTour,What night do we think we have the best chance of getting tickets at ,
Jill F ,"Please, please, please help me get enough money to buy an eras tour ticket!!! I‚Äôm getting desperate over here. ",,The 80s had some of the best ads! Don't you agree?It's another Throwback Friday!A timeless ad from @gillette #24pages #throwback #gillette #friday #ad #advertising #masculinity #tvcommercial,,
Shivam Arora,,,,,
Jill F ,,,,,
JOUSIN PALAFOX,The 80s had some of the best ads! Don't you agree?It's another Throwback Friday!A timeless ad from , tickets dropping on the resale sites? This was not in my plan universe! ,"Missed out on #TaylorSwift #Gillette tix? Shh, #Swifties, I got you. There‚Äôs SO much else going on this week: from #LEGO madness to @risd to @SunRaUniverse & #Pitbull. My @Globe_RI columnoff the press. https://bostonglobe.com/2023/05/18/metro/best-things-do-rhode-island-this-week-may-19-26/‚Ä¶",,
Hope,,,,,
JOUSIN PALAFOX,,,,,
,Why aren't the , ,#FoxboroughTSTheErasTour #GilletteTheErasTour #Gillette #TheErasTour @taylornation13 @GilletteStadium @Kiss108 reading this to my group of kiddos during their morning service today! plz hook up ne with a ticket for this weekend! this teacher loves tswift more than life,,
bostonswiftie ISO GILLETTE OR METLIFE,,,,,
Melissa Plumb," When you come to Boston this weekend, it would mean so much if you could please dedicate Wildest Dreams to sweet Sidney who we lost in a tragic accident.It would mean so much to her family. XO ","‚Å© When you come to Boston this weekend, it would mean so much if you could please dedicate Wildest Dreams to sweet Sidney who we lost in a tragic accident.It would mean so much to her family. XO ",,,
TERESITA SCHULZ," tweeps, while we're all excited for Taylor's surprise songs, don't forget to check out TEMU - the must-have app for cash rewards! Use my invitation code <149189557> and get up to $20 in rewards. It's like getting paid for being a savvy searcher. ",11h,,,
nedra elder," fans! While you're waiting for Taylor to drop some Lover surprises, don't forget to download TEMU with code <145087417>. It's like finding cash under your razor - up to $20 in rewards just for signing up and searching. Shave money, make money. ",11h,if anyone is selling any ticket for any night gillette PLEASE dm me. my sister and i are huge fans and didn‚Äôt get a chance to get any:(,,
,,,, ,
, ,12h,"Is anyone still selling tickets for Gillette Stadium? Any day, reasonably priced! I'm a new mom and can't afford the resell prices out there but want to see Taylor so badly ", ANYONE WHO GOT AN EXTRA DURING THIS DROP PLEASE SELL HER TO ME I WILL PAY EXTRA,
,"#Gillette, #Nike, #Starbucks, #AnheuserBusch, #BenandJerry: anyone who thinks the bourgeois orgasm over #trans is progressive should reconsider

üöπ: 2 kinds of #chromosomes - XY. 
üö∫: 1 - XX

Across EIGHT BILLION cells in every human's body",12h,"Did anyone manage to get tickets for the latest Gillette drop on Ticketmaster?! I was 244 in line, got in, and then it said no tickets available ",,
Skewcar Deals,"3 Packs of Old Spice, Secret and Gillette Deodorants all 25% off!",Mar 28,My insurances due a month ago I instructed my broker to get me quotes from all except #allianz All #men should refuse to do business with them till they show #respect#Gillette learned the hard way and so should these bigots#AllMenTogether against ALL violence and #misandry,"Gillette ProGlide Men's Razor, with Flexball Technology + 7 Razor Blade Refills with Precision Trimmer, 5 Anti-Friction Blades https://zcu.io/Y2vV#Gillette #shaving #proglide #blade #men #grooming",
Skewcar Deals,"3 Packs of Old Spice, Secret and Gillette Deodorants all 25% off!",Mar 28,,,
Skewcar Deals,"3 Packs of Old Spice, Secret and Gillette Deodorants all 25% off!",Mar 28,"‚Çπ10 Paytm Or #Amazon Cashback From Gillette Guard OfferRead more: https://fforfree.net/2023/01/10-paytm-or-amazon-cashback-from.html‚Ä¶ CLICK & Earn#contestalert #giveaway #free #freesamples #giveawayalert #GiveawayIndia #Paytm #Cashback #Gillette#men#1 #Contest, #Deals and #Freebies website #fforfree#Zomato",My insurances due a month ago I instructed my broker to get me quotes from all except #allianz All #men should refuse to do business with them till they show #respect#Gillette learned the hard way and so should these bigots#AllMenTogether against ALL violence and #misandry,"Gillette ProGlide Men's Razor, with Flexball Technology + 7 Razor Blade Refills with Precision Trimmer, 5 Anti-Friction Blades "
Skewcar Deals,"Gillette ProGlide Men's Razor, with Flexball Technology + 7 Razor Blade Refills with Precision Trimmer, 5 Anti-Friction Blades https://zcu.io/Y2vV#Gillette #shaving #proglide #blade #men #grooming","Nov 5, 2022",,,
Frank 58k x 10,I did a little experiment to see which brand of razor blades would hold up after only once use (see pictures). #Gillette #razor #GilleteRazors #DollarShaveClub #shaving #men #beards #GilletteVsDollarShaveClub #skincare #beautyproducts #razors #GilletteRazors #RazorBlades,"Mar 16, 2020",,,
,"A Great video.. 
Dear 
@Gillette
 #Gillette MEN Are Human Too - understand them, love them, respect them, appreciate their sacrifices for nation, protect them.. Kindly üíê
#Men always a giver who loves him.
@trehan_barkha
 
@DeepikaBhardwaj
 
@SadhguruJV
 
@vivekagnihotri
 
@antidespondent",,,,
,I haven't bought a #Gillette razor since their anti-male ad. I hope you can say the same. #MRA #redpill #mgtow #men,,,,
,"The myth that #men are not interested in #parenting discourages men from becoming involved in the lives of their #Children; encourages household #inequality, which hurts all involved. #Patriarchy hurts men too. #SDG5 #sdgs #GilletteAd #genderequity #Gillette #ToxicMasculanity
",,,,
,"X √Ü A-Xiii
@KanyeWasFramed
¬∑
Jan 17, 2019
#Men aren't mad at a #Gillette commercial. We're simply baffled that so many people would pile on the anti-male trend. If anything, this whole ordeal has shown me who not to hire, work with or date. Thank you, P&G.

#MGTOW",,,,
,"There are a lot of #men who want to stand up for a different type of masculinity, but for many there has not been a way for men to express that, we just need to give them a voice. #Gilletteadvert #Gillette #GilletteAd #GoldenGlobes #Gillette #ToxicMasculanity #SDG5 #sdgs",,,,
,"I want to make sure I get this straight.... people are pissed because #Gillette agrees that #men shouldn‚Äôt cat call, harass, or bully people under the guise that that‚Äôs  what being a man is about... WTF, I‚Äôm not PC in the least but I don‚Äôt get the outrage here... #snowflakes",,,,
,"Right now, the #Gillette ad on YouTube currently has 612k likes and a whopping 1.1 MILLION dislikes!  I guess that is what you get when bash your entire audience just to make the social justice warriors happy. 

#toxicmasculinity #men #gillettead #boyswillbeboys #beard  #guys
",,,,
,"Toxic masculinity is one of the ways in which #Patriarchy is harmful to #men. It refers to the socially constructed attitudes that describe the masculine #gender role as violent, unemotional, sexually aggressive, etc.#Gillette #GilletteAd #ToxicMasculanity #HeForShe #SDG5 #SDG5",,,,
,"What we‚Äôve been missing from the 
@gillette
 controversy. A look at #feminism as a trend from 
@prabalgurung
, 
@dior
, til now. Read here https://socialredress.com

#gillette #toxicmasculinity #feminist #marketing #advertising #businessstrategy #fashion #men #branding",,,,
,"My view on Gillette‚Äôs new ad 
@Campaignmag
. https://campaignlive.co.uk/article/gillette-fell-progressive-man-trap/1522981 #Gillette #masculinity #men # advertisement
campaignlive.co.uk
Gillette fell into the 'progressive man' trap
Embracing the shift in masculinity is vital for brand success, but Gillette has missed the mark, according to a former Lynx marketer.",,,,
,"The new #Gillette ad has got some people hot under the collar, i for one like it. In a country like #SouthAfrica with so much #GenderBased violence done by #men, i wish we could collectively do better.",,,,
,"I mean, if you #boycott #Gillette for charging $35.00 for 3 razors that‚Äôs one thing, but for showing #men how to be better #humans?
..well that just means you are part of the problem.
And in case you still don‚Äôt understand:
#DontBeADick

#LookingAtYou #guy w bruised #ego",,,,
,"Gillette the best a man can get 
-
#model #symbol #gillette #absworkout #abs #fitness #sex #naked #skater #men #tbt #thursday #flag #delond #bodybuilding @ Los Angeles, California https://instagram.com/p/BnrK5__HuHB/?utm_source=ig_twitter_share&igshid=134mxw8e5y7i1
The negative reactions to the Gillette ad are disturbing 
#qwenu #Gillette #GilletteAd #TheBestMenCanBe #honesty #men #toxicmasculinity #realmen 
@Gillette
 
@piersmorgan
 
@cskkanu
 
https://qwenu.com/2019/01/17/the-negative-reactions-to-the-gillette-ad-are-disturbing/
üé∂So fresh & so clean clean!üôãüèΩ‚Äç‚ôÄÔ∏è
Speed Stick- Powder Fresh  üëÉüèΩ#DollarVenture #shopnow #greatdeals #deodorant #artic #ice #gillette #men #hygiene #clear #gel #fresh ",,,,
,Gents you don't have to worry because #indodacanshave. Without worries about razor bumps and skin problems especially when you have ,#gilletteskinguard products by your side. ü™í - #Gillette
,MIKEY MILES(Mike H)
,Haircut Monday!
,Who else loves a fresh cut?
,#monday 
,#cleanshave 
,#gillette 
,#november 
,#justakidfromny
,Johanna Wilson
,It's here! This is the week! #MassCUE Fall Conference at #Gillette Let's go!!! #MassCUEChampion #edtech #pln #digitallearning
,Gillette Collector
SOTD 
#shavelikeaboss #oldschoolshaving
#vintagegillette #vintagegilletterazor
#Vintagegillettesafetyrazor #gilletteadjustablebrotherhood  #wetshaving #grooming #shavingsoap #aftershave #vintagerazor #shavingsoap
#wetshaving #SOTD #gillette
Barbara‚Äôs Nostalgia
A cut here‚Ä¶a cut there. Not for me, baby. The Gillette ‚ÄòTwinjector‚Äô Shave. Beautiful, baby. ‚Äî Telly Savalas from ‚ÄòKojak‚Äô #ad #vintage #Kojak #1970s #TellySavalas #shave #Gillette #Twinjector #razor #classic #nostalgia
Gini Wijnaldum
Watch me in the new episode of Gillette‚Äôs Mirror Talk as I tell Kenneth Perez all about my recovery, role models and personal care. üü¢‚ö´Ô∏è   
#MirrorTalk #Gillette #Partner #Effortless 
ESPN NL
Abhijith Prabhakaran
After seeing #Gillette ad, a commentator from Mumbai.
"He doesn't even know the basics of shaving, Look at the way Sanju is holding the razor, absolutely ridiculous"
#SanjuSamson #RRvsLSG #Poorcommentatory #biascommentator #IPL2022
rev recluse
December 16, 1952 and Bring Me The Gillette Gift Sets at Vintage Edmonton: 
http://vintageedmonton.com/2022/12/december-16-1952.html
#yeg #yeghistory #yegheritage #Gillette #Shaving
Andrew Skeggs
I've just experienced the ultimate father & son bonding moment teaching him to have his first shave üôåüíô#Gillette #bumfluff #noblood
Today In History
15 Nov 1904: King Camp Gillette is issued a U.S. patent for a safety #razor using disposable #blades. He founded American Safety Razor Company on September 28, 1901 and changed the name of the company to #Gillette Safety Razor Company in July 1902. #ad https://amzn.to/3c1kTGo
Viral Bhayani
#sonusood Papped in Bandra at #Gillette Event üòéüî•üì∏
@SonuSood
@viralbhayani77
Rose
The entire world is in awe abt #aragalaya. We Sri Lankans are embarassed about them. Why are you showing the world that we are a backward country with brutish people? Why can't the aragalaya fellows buy bic razor to shave off their beards. Are razors that expensive?
#Gillette?
The best mixed reality #AI can give us right now is a gigantic #gillette razor floating over the field. #football #ads #tv #gopats #giganticrazor #ok
#TheBestAManCanGet was an outcome of the work at this classic #Gillette Building located at #OsterleySprinGroveWard it was huge privilege to visit this historic site
Perhaps if Beff wasn‚Äôt such a far left hypocrite then she would be gifted a question. Bristling you say? #gillette 
With the 1932 American Optical Microtome ("tissue slicer") I found these 
@Gillette
 microtome blades in the box. All the #Gillette "blue box" info I can find is for normal shaving blades. Based on similar designs they might be <1940s. Anyone know a vintage shaving community??
Brushing with #Colgate
Shaving with #Gillette #OldSpice
Bathing with #Pears 
Eating #Maggi, #Dominos üçï #mcdonald snacks 
Drinking #Nescafe #Coke 
Watching on #SONY #Sumsung
Using #iPhone #Redmi #HP #Dell
Shopping on #Amazon
Buy Indian Products & improve value of Indian Rupees.
WhollyKaw
Shave of the Day Serata tabaccosa. Set Wholly Kaw- Merchant of Tobacco, rasoio Charcoal Everyday, pennello Paladin e lamette Gillette Nacet. #passionerasatura #rasaturatradizionale #rasoiodisicurezza #barba #whollykaw #charcoalgoods #charcoalrazors #gillettenacet #gillette #palad
Betsy B.
Gillette Travel  Double Edge Safety Razor with Blue Leather Case https://etsy.me/3LVQt8g via 
@Etsy
 #gillette #vintage #etsyvintage #razor #travel #camping
Great thread with real world examples of how #Microsoft, #Adobe #GoPro and #Gillette embraced #SaaS model to survive.
Quote Tweet
Gaurav
Adobe, GoPro, Microsoft, Gillette
Used THIS model to save their businesses
The result?
Today all four are billion-dollar companies
Here is how they did it...üßµüßµ
Badger & Blade
#Gillette Tech razors. Smooth and mild. Still widespread, and highly recommended by many of our users.  üëç
#shaveOfTheDay #shaveGear #mensGrooming #wetShaving
DID YOU KNOW?
ü™í Gillette is a razor company that is razor sharp with their logo. Notice the precise cut in the ‚ÄòG‚Äô and ‚Äòi‚Äô. 
#FamousLogos #YOURBrandingGuide #BrandingStories #Gillette
Eastern Wyoming Search & Rescue K9 Mounted Team followed up on tip to search woods around lake in McManamen Park in #Gillette,#Wyoming for missing 33yo #IreneGakwa  
2 cadaver dogs & a horse that can detect human decomposition helped search
Upcoming plan- to search more of park
Quote Tweet
Stacy Koester
@gabbsfoundation @ntvkenya @notisaidtheworm @CNN @foxandfriends @MIA_RECOVERYINC @cnnbrk @FindTheeMissing @JuryFile @GoddessMissyB @Wepihoop1 @missing_usa @CrockPotLadies @KenyaRedCross @KenyaPower_Care @gakwa_i @JuryFileJA @SearchandRescu9 @missingNamerica @MissingPlatform
Nigel Hassard
#bids Major brands lining up for Ad placements in #gaming #Cocacola #gillette #samsung #sky to name a few 
@bidstack
 unlocking a previously under tapped huge market, scalability 24/7 365 global reach, vast potential, hard numbers and this will really ,move IMO #Metaverse #AIM
,grover windham
,Culturally we should embrace corporate heads that make decisions so stupid it causes the masses to look for alternatives. I think it's ,exciting. 
@gofundme
 #mainstreammedia #harrysrazors #coke 
@DisneyStudios
 #Gillette
John CryptoKlein
Replying to 
@gate_io
,The best what man can get after #Gillette! üëç
,This season the way #MumbaiIndians & #ChennaiSuperKings are doing, it reminds me of high potential low performance MNC #stocks like #Castrol & #Gillette ! üôÑü§¶‚Äç‚ôÇÔ∏è
,Any others that come to your mind ?
,Badger & Blade
,Southern Witchcrafts has some great scents. Autumn Ash is fantastic. üëç
,http://ow.ly/rcQ450LvGzs
,#shaveOfTheDay #shaveGear #mensGrooming #wetShaving #SouthernWitchcrafts #Gillette 
@AESimpson1919
I see üßê 
@Maybelline
 foundation not  tick enough to cover the #Mustace shadow of this bloke ü§°. #Maybelline you need to pair with #Gillette the #wireCutter. #allegedly ü•∏
Wyoming Security
@tmj_WY_secure
Do you have phenomenal customer service skills? Allied Universal¬Æ wants to hire you! Now hiring a Security Officer - Retail in #Gillette, WY. Apply now! https://bit.ly/3Ld7Sed #Safety
careerarc.com
Security Officer - Retail in Gillette, WY
Allied Universal¬Æ, North America's leading security and facility services company, provides rewarding careers that give you a sense of purpose. While working in a dynamic, diverse and inclusive wor...
UGoose
@SensibleDoug
Curious how much of an impact the #BudLight #Gillette #Qantas boycotts have had.  
@smh
Show this thread
Amherst Island Radio
@amherstislandfm
The BEST!üòÑ
#gillette #Best #FooFighters 
@Gillette
@foofighters
 #ygk #music #meme #radio #ff #ifb #Friday
UVR
Yo lo comprar√© y si no me duran los  tres a√±os que dice, lo demandar√© por publicaci√≥n falsa con fines de estafa.ü§® #GILLETTE 
@GilletteStadium
Quote Tweet
JOUSIN PALAFOX
NO MAMES #GILLETTE!!!
Ally
I have suite tickets available for the Taylor Swift Eras Tour Gillette Stadium show on Friday May 19! DM me if interested. Will have around 15 tickets available based on my groups size and the number of tickets in the suite. #TaylorSwift #TheErasTour #Gillette
Chandan Bansode
Either, this is the standard of your quality or this one skipped the Quality check.. either or, I am on the losing side though.
This never happens with #Gillette...Big thanks 
@Gillette
@BombayShavingCo
 You guys are destroying the trust... very bad üëé
Show this thread
Market Soup
4/6 üåê Diversification: The company's wide range of household and personal care products, including brands like Tide, Gillette, Pampers, and Crest, allows it to withstand market fluctuations. #Tide #Gillette #Pampers #Crest 
@ProcterGamble
 $PG
sushil gahlot
https://youtu.be/UEy_tZ21h7s
#gillette #gilletteindia #trader #investor #indianstocks #sharemarket
youtube.com
Gillette India History Repeating ? Gillette India stock latest news !
Gillette India History Repeating ? Gillette India stock latest news !#gillette DISCLAIMER : This video only for education and knowledge purpose before taking...
Brandkloud
Margareta Lange likes Steve McQueen #Gillette #Swatch #Nikon #Tissot #Longines #P http://brandkloud.com/Pic/298?f=tw
PricehistoryDE
Automated
ùóóùóúùóò ùóïùóòùó¶ùóßùóòùó° ùóîùó°ùóöùóòùóïùó¢ùóßùóò: 2023-04-27  
 - Vorher: ‚Ç¨ 38.19
 - Jetzt: ‚Ç¨ 31.94
 - ùó•ùóÆùóØùóÆùòÅùòÅ: 16% => ùó®ùóªùòÅùó≤ùóøùòÄùó∞ùóµùó∂ùó≤ùó±: ‚Ç¨ 6.25 
 https://pricehistory.co/de/product/B0C27Z6NB6 
Gillette Venus Comfortglide Sugarberry Rasierkling
#Gillette #Amazon #AmazonAngebote #PriceHistory
Offerte Toste
@OfferteToste
Disclaimer by @alminimostorico
Tristar Trading
#Gillette Massive head & Shoulders may turn out false with earnings up on the 28th of April. 
Strong support 4150
The razor and grooming business has seen consistent profits and growth
 #Nifty #Nifty50 #News
#NSE 
@_soniashenoy
#Stockmarketindia 
@CNBCTV18News
@_anujsinghal
P.Odrowaz üá∫üá∏üáµüá±
Don't forget about also what 
Gillette. Buy Schick instead. ü™í
#Woke #Gillette #Boycott 
#GoWokeGoBroke #FuckGillette #GoWokeGoBrokeGillette
https://campaignbrief.com/get-woke-go-broke-gillettes-toxic-masculinity-ad-via-grey-new-york-haunts-pg-as-shaving-giant-takes-us8-billion-writedown/
Quote Tweet
Benny Johnson
I rode around Disney with Gov. Ron DeSantis.
Asked the questions the people want to know: Crypto, Bud Light Boycott, Fed Coin, Gavin Newsom's obsession with Florida and Elon Musk moving Twitter.
Plus a Wawa stop.
Wild ride.
DeSantis vs. Disney | The Empire Strikes Back
Show this thread
Online Gear
Gillette Razor for Men with Exfoliating Bar Gold Edition by GilletteLabs, Includes 1 Handle, 3 Razor Blade Refills, 1 Travel Case, 1 Premium Magnetic Stand.
#Gillette  #Gillette Razor
amazon.com
Gillette Razor for Men with Exfoliating Bar Gold Edition by GilletteLabs, Includes 1 Handle, 3...
GilletteLabs with Exfoliating Bar by Gillette is the world‚Äôs first razor with exfoliating technology built into the handle‚Äîfor a shave as quick 
RivashneeSingh
#gtichairman #consciousleadership #cbdc #unicoin #imf #budlight #gillette #recession #marketing #strategy #interestrates #starbucks #nft
Paul
Hey 
@Gillette
, did you forget to pay the social media team???  #gillette #worstrazorsever
Quote Tweet
Paul
Replying to @MolsonKicksButt and @Gillette
Hey @Gillette....... 3 days.
Show this thread
Julius Chua
P&G stock gets the respect it deserves after delivering a great quarter and outlook
https://cnbc.com/2023/04/21/pg-stock-gets-the-respect-it-deserves-after-delivering-a-great-quarter-and-outlook.html
#stocks #gillette #teracapital
cnbc.com
P&G stock gets the respect it deserves after delivering a great quarter and outlook
A name like P&G is exactly where investors want to be in tougher times given the resilient nature of the company's consumer products.
YB Normyl
Replying to 
@P_Odrowaz
 and 
@joedubois29
#Woke #Gillette #Boycott 
#GoWokeGoBroke #FuckGillette #GoWokeGoBrokeGillette
Leanne Biagioni
Replying to 
@offtheball
 and 
@GilletteUK
What a fantastic prize to giveaway ü§©  #gillette  #offtheball
P.Odrowaz üá∫üá∏üáµüá±
Just reminding everyone about Gillette. Buy Schick instead. ü™í
#Woke #Gillette #Boycott 
#GoWokeGoBroke #FuckGillette #GoWokeGoBrokeGillette
campaignbrief.com
Get woke, go broke? Gillette's 'toxic masculinity' ad via Grey New York haunts P&G as shaving giant...
Gillette‚Äôs infamous ‚Äútoxic masculinity‚Äù ad may cost Procter & Gamble more than anyone imagined in January, reports The Washington Times.
Ally
I have suite tickets available for the Taylor Swift Eras Tour Gillette Stadium show on Friday May 19! DM me if interested. Will have around 15 tickets available based on my groups size and the number of tickets in the suite. #TaylorSwift #TheErasTour #Gillette
Market Soup
4/6 üåê Diversification: The company's wide range of household and personal care products, including brands like Tide, Gillette, Pampers, and Crest, allows it to withstand market fluctuations. #Tide #Gillette #Pampers #Crest 
@ProcterGamble
 $PG
24 Pages
The 80s had some of the best ads! Don't you agree?
It's another Throwback Friday!
A timeless ad from 
@gillette
#24pages #throwback #gillette #friday #ad #advertising #masculinity #tvcommercial
Own Petz
Gillette Intimate Men Manscape Pubic Hair Trimmer Buy Online at Lowest Price
#OwnPetz #Gillette #GilletteTrimmer #trimmer
ownpetz.com
Gillette Intimate Men Manscape Pubic Hair Trimmer
Gillette Intimate Men Manscape Pubic Hair Trimmer, Electric Shaver For Men, SkinFirst Ball Trimmer For Men, Waterproof, Manscaping Body Groomer, Cordless For Wet/Dry Use, Lifetime Sharp Blades Buy...
Brandkloud
Liviana Moretti likes Brandized Dinosaur #Gillette #JurassicPark #Fanta #Sanpelle http://brandkloud.com/Pic/528?f=tw
Erik Strobl üåπ ü¶ù
Men should not have NECK BEARDS! #God #Bible #Gillette #masculinity
Quote Tweet
BibleWarriorBronson
Men should not have LONG HAIR! #God #Bible #feminemen #masculinity
What the fuck just happened in #gillette? Was there a fire or something? #wyoming #gillettewyoming
Whipple Museum
What do a #razor and a #calculator have in common?
The answer is #Gillette! ü™í
The Gillette GPA was commissioned by Gillette and launched by #Sinclair in 1974. Unfortunately, this is the first & the last model of the GPA series.
Wh.6780: https://collections.whipplemuseum.cam.ac.uk/objects/15668
Kelly
#Gillette lost billions with the ad campaign that shamed males into doing better.  You would think these fools would learn.
#budweiserhateswomen
#HCaaS Patient Centered / Market Direct Care
Replying to 
@intheMatrixxx
@budlight
 nope.  The damage is done. Ask #Gillette & #Proctor and #Gamble  
I am done with woke companies, 
Ditto for #Disney #Nike #Ford 
sod it all off.
Dear 
@DonaldJTrumpJr
@AnheuserBusch
 isn't the only so-called #IconicAmericanCorp attempting to either gaslight #WeThePeople or astroturf over bad behavior.
#WokeACola, #NFL, #Disney, #Gillette
Nothing special about 
@Budlight
 gets them off the hook 4 spitting on their customers.
Quote Tweet
ConnSCG Fight For America¬Æ ‚≠ê‚≠ê‚≠ê
#ConnSCG
Trump jr. reckon Conservatives must stop boycotting Bud Light and should rather support the brand!
Llan Drover, Wales
Replying to 
@21WIRE
The trans community is helping to bring down corporations faster than any lawyer #BudLight #Disneyland #Gillette #Netflix  Go woke go broke, well done to them!
Always said to my wife it's gonna be a gong show when the #participationtrophy kids start making decisions. This woman and the whole chain of command here üòÆ‚Äçüí®.   ü§°'s  Right #gillette ?
Looks like #Gillette has never recovered from going woke and anti-straight male in 2019 lol
Hey 
@budlight
, we are also not purchasing 
@buschlight
 if you care.  #idiots.  This will be much worse than #gillette.
No. I won't be purchasing any #AnheuserBusch products ever again. Regular Budweiser was my go to when I wanted a beer, not anymore. Just like I won't be purchasing any #Disney, #Gillette, #Nike or #JackDaniels products ever again. 
#GoWokeGoBroke
Lei
Replying to 
@lorrainemking
@Barneteye
 and 
@Hopkins_Alison
#Gillette #20Fingers #SDM would be a perfect song for the # don't u think! üòù
MyBS
Replying to 
@OliLondonTV
Dude needs a good razor. #Gillette any ideas for him.
Shay Ryan üá¨üáß 
Go woke, get broke. #Gillette too. #Budlight
Quote Tweet
Cold957
In just one week, Bud Light sales have fallen off a cliff.
Didn‚Äôt see that coming.
Wall Street 911
Hmm....
Maybe I'll become the Bearded Lady!  I mean,... the other dude is making bank... more than I've made in the last 10 years. 
Let's see, I could do beard  and hoody hairdo commercials.
Any takers? 
#Gillette
#Beard
#HoodyHair
#ComicRelief
Cancel Culture Repository
You should get a job in marketing, you‚Äôre as divorced from reality as these legendary woke marketing failures were. #Gillette #Ulta #Balenciaga #budlight
Following in #gillette's proud footsteps with their video.
Quote Tweet
#BudLight vs #FOXisFinished both unimaginable stupid.
#budlighthateswomen 
#budlightfoxnews
#Gillette told you it's not cool to hit on women, particularly if they turn you down.  This guy should have listened.