1776Mrs Gabe,"No. Nope!! Not gonna happen. My $$ talks & for once #WeThePeople can make a negligible, negative impact on the bottom line if we stick with our core values. Also, #Maybelline beauty products & make-up using a man in #WomanFace. Theyâ€™re no longer an option for me",Stay on top of the latest beauty trend with our selection of lip glosses! ,People DO NOT forget to boycott #UltaBeauty & #maybelline!!!
,," From glossy to shimmery, our collection has everything you need to achieve the perfect pout. Shop now and take your makeup game to the next level. ",
Ki N NY ,You know that pussy good and you being a good woman to him when you got him making up songs bout you#maybelline,"Maybelline Facestudio Master Prime Primer Makeup, Blur + Pore Minimize, 1 fl. oz. https://amzn.to/3BLarjs via @amazon #faceprimer #beauty #womensbeauty #primer #poreminimizer #pores #poreblur #Maybelline #budgetbeauty #smoothface #smoothmakeup #masterprime #face #minimizepores","Your favorite Maybelline products are back in stockFit Me Matte + Poreless Foundation at 60,000ugxSuperstay Matte Ink at 60,000ugx. Call/Whatsapp 0704 261 720 for deliveries. #beauty #makeup #fitmefoundation #superstaymatteink #maybelline #beautytrends #uganda"
Very Mary Berry,Replying to @ConceptualJames,You know that pussy good and you being a good woman to him when you got him making up songs bout you#maybelline,"Your favorite Maybelline products are back in stockFit Me Matte + Poreless Foundation at 60,000ugxSuperstay Matte Ink at 60,000ugx. Call/Whatsapp 0704 261 720 for deliveries. #beauty #makeup #fitmefoundation #superstaymatteink #maybelline #beautytrends #uganda"
Ki N NY ,Replying to @ConceptualJames,"Maybelline Facestudio Master Prime Primer Makeup, Blur + Pore Minimize, 1 fl. oz. https://amzn.to/3BLarjs via @amazon #faceprimer #beauty #womensbeauty #primer #poreminimizer #pores #poreblur #Maybelline #budgetbeauty #smoothface #smoothmakeup #masterprime #face #minimizepores",
,GIFread image descriptionALT,,
,,CHUCK BERRY LIVE BY MARTYN GODDARDAvailable: https://rockphotographerscollective.co.uk/collections/martyn-goddard/chuck-berryâ€¦Martyn: https://rockphotographerscollective.co.uk/pages/martyn-goddardâ€¦#martyngoddardphotography #martyngoddard #chuckberry #charlesedwardanthonyberry #fatherofrockandroll #maybelline #rolloverbeethoven #rockandrollmusic #johnnybgoode,
Carrie Dre #,@MaybellinePH #Maybelline #MaybellineSkyHighPH I love the Sky High Mascara and Belle because it really makes my lashes looks gorgeous and fab just like Belle ,,@MaybellinePH #Maybelline #MaybellineSkyHighPH I love the Sky High Mascara and Belle because it really makes my lashes looks gorgeous and fab just like Belle 
Carrie Dre #,@MaybellinePH #Maybelline #MaybellineSkyHighPH I love the Sky High Mascara and Belle because it really makes my lashes looks gorgeous and fab just like Belle ,Replying to @MaybellinePH,#Maybelline #MaybellineSkyHighPH I love the Sky High Mascara and Belle because it really makes my lashes looks gorgeous and fab just like Belle 
Carrie Dre #,@MaybellinePH #Maybelline #MaybellineSkyHighPH I love the Sky High Mascara and Belle because it really makes my lashes looks gorgeous and fab just like Belle ,Replying to @MaybellinePH,0:44
Carrie Dre #,#Maybelline #MaybellineSkyHighPH I love the Sky High Mascara and Belle because it really makes my lashes looks gorgeous and fab just like Belle ,Ayra Starr arrives at Junction Mall for Maybelline meet and great#ayrastarr #maybelline,He also knows how to throw really nice pics #deralickmyownballs #zoolander #maybelline
,"Maybelline Facestudio Master Prime Primer Makeup, Blur + Pore Minimize, 1 fl. oz. https://amzn.to/3BLarjs via @amazon #faceprimer #beauty #womensbeauty #primer #poreminimizer #pores #poreblur #Maybelline #budgetbeauty #smoothface #smoothmakeup #masterprime #face #minimizepores","Your favorite Maybelline products are back in stockFit Me Matte + Poreless Foundation at 60,000ugxSuperstay Matte Ink at 60,000ugx. Call/Whatsapp 0704 261 720 for deliveries. #beauty #makeup #fitmefoundation #superstaymatteink #maybelline #beautytrends #uganda",2023â€“ The year #ESG kills off all woke businesses.Iâ€™m all for it. Boycotting them all. Iâ€™ll sew my own clothes & I can wear the same shoes for years too. Feel free to add to the list below.#Nike #Adidas #Eos #Tampax #MolsonCoors #AnheuserBusch #Levis #Disney #maybelline
,Replying to @ConceptualJames,You know that pussy good and you being a good woman to him when you got him making up songs bout you#maybelline,"Maybelline Facestudio Master Prime Primer Makeup, Blur + Pore Minimize, 1 fl. oz. https://amzn.to/3BLarjs via @amazon #faceprimer #beauty #womensbeauty #primer #poreminimizer #pores #poreblur #Maybelline #budgetbeauty #smoothface #smoothmakeup #masterprime #face #minimizepores"
HaPy,Replying to @ConceptualJames,You know that pussy good and you being a good woman to him when you got him making up songs bout you#maybelline,"Maybelline Facestudio Master Prime Primer Makeup, Blur + Pore Minimize, 1 fl. oz. https://amzn.to/3BLarjs via @amazon #faceprimer #beauty #womensbeauty #primer #poreminimizer #pores #poreblur #Maybelline #budgetbeauty #smoothface #smoothmakeup #masterprime #face #minimizepores"
,,"Your favorite Maybelline products are back in stockFit Me Matte + Poreless Foundation at 60,000ugxSuperstay Matte Ink at 60,000ugx. Call/Whatsapp 0704 261 720 for deliveries. #beauty #makeup #fitmefoundation #superstaymatteink #maybelline #beautytrends #uganda","Maybelline Facestudio Master Prime Primer Makeup, Blur + Pore Minimize, 1 fl. oz. https://amzn.to/3BLarjs via @amazon #faceprimer #beauty #womensbeauty #primer #poreminimizer #pores #poreblur #Maybelline #budgetbeauty #smoothface #smoothmakeup #masterprime #face #minimizepores"
Rock Photographers Collective,Maybelline New York,"Your favorite Maybelline products are back in stockFit Me Matte + Poreless Foundation at 60,000ugxSuperstay Matte Ink at 60,000ugx. Call/Whatsapp 0704 261 720 for deliveries. #beauty #makeup #fitmefoundation #superstaymatteink #maybelline #beautytrends #uganda","Maybelline Facestudio Master Prime Primer Makeup, Blur + Pore Minimize, 1 fl. oz. https://amzn.to/3BLarjs via @amazon #faceprimer #beauty #womensbeauty #primer #poreminimizer #pores #poreblur #Maybelline #budgetbeauty #smoothface #smoothmakeup #masterprime #face #minimizepores"
,120,A ugc example i made with my all time favorite lipgloss!#UGCcreator #ugccommunity #ugccreatorsneeded #contentcreator #DigitalMarketing #ecommerce #maybelline,Want to sale 125 maybelline Super stay Ink Matte BARU Rp. 95.000https://shp.ee/9fqrud6#wts #wanttosale #zonauang #maybelline #MaybellineIDShineInNewYork
OnFleekTv,@MaybellinePH #Maybelline #MaybellineSkyHighPH I love the Sky High Mascara and Belle because it really makes my lashes looks gorgeous and fab just like Belle ,Replying to @MaybellinePH,Replying to @MaybellinePH
Chris toe fur,#Maybelline #MaybellineSkyHighPH I love the Sky High Mascara and Belle because it really makes my lashes looks gorgeous and fab just like Belle ,Replying to @MaybellinePH,Replying to @MaybellinePH
à¸™à¸,0:39,Replying to @MaybellinePH,Replying to @MaybellinePH
à¸™à¸,0:34,Replying to @MaybellinePH,Replying to @MaybellinePH
à¸™à¸,0:29,Replying to @MaybellinePH,Replying to @MaybellinePH
Ki N NY ,You know that pussy good and you being a good woman to him when you got him making up songs bout you#maybelline,"Maybelline Facestudio Master Prime Primer Makeup, Blur + Pore Minimize, 1 fl. oz. https://amzn.to/3BLarjs via @amazon #faceprimer #beauty #womensbeauty #primer #poreminimizer #pores #poreblur #Maybelline #budgetbeauty #smoothface #smoothmakeup #masterprime #face #minimizepores","Your favorite Maybelline products are back in stockFit Me Matte + Poreless Foundation at 60,000ugxSuperstay Matte Ink at 60,000ugx. Call/Whatsapp 0704 261 720 for deliveries. #beauty #makeup #fitmefoundation #superstaymatteink #maybelline #beautytrends #uganda"
,"Your favorite Maybelline products are back in stockFit Me Matte + Poreless Foundation at 60,000ugxSuperstay Matte Ink at 60,000ugx. Call/Whatsapp 0704 261 720 for deliveries. #beauty #makeup #fitmefoundation #superstaymatteink #maybelline #beautytrends #uganda",Short product demo of the @Maybelline nail polish! A true love if mine and look how pretty she is!!!#maybelline #ugccommunity #UGCcreator #ugccontentcreator #ugccreatorneeded,"Maybelline Facestudio Master Prime Primer Makeup, Blur + Pore Minimize, 1 fl. oz. https://amzn.to/3BLarjs via @amazon #faceprimer #beauty #womensbeauty #primer #poreminimizer #pores #poreblur #Maybelline #budgetbeauty #smoothface #smoothmakeup #masterprime #face #minimizepores"
Ki N NY ,Replying to @ConceptualJames,"Maybelline Facestudio Master Prime Primer Makeup, Blur + Pore Minimize, 1 fl. oz. https://amzn.to/3BLarjs via @amazon #faceprimer #beauty #womensbeauty #primer #poreminimizer #pores #poreblur #Maybelline #budgetbeauty #smoothface #smoothmakeup #masterprime #face #minimizepores","Your favorite Maybelline products are back in stockFit Me Matte + Poreless Foundation at 60,000ugxSuperstay Matte Ink at 60,000ugx. Call/Whatsapp 0704 261 720 for deliveries. #beauty #makeup #fitmefoundation #superstaymatteink #maybelline #beautytrends #uganda"
Beauty Trends Uganda,"Maybelline Facestudio Master Prime Primer Makeup, Blur + Pore Minimize, 1 fl. oz. https://amzn.to/3BLarjs via @amazon #faceprimer #beauty #womensbeauty #primer #poreminimizer #pores #poreblur #Maybelline #budgetbeauty #smoothface #smoothmakeup #masterprime #face #minimizepores",,Replying to @ConceptualJames
Beauty Trends Uganda,"Maybelline Facestudio Master Prime Primer Makeup, Blur + Pore Minimize, 1 fl. oz. https://amzn.to/3BLarjs via @amazon #faceprimer #beauty #womensbeauty #primer #poreminimizer #pores #poreblur #Maybelline #budgetbeauty #smoothface #smoothmakeup #masterprime #face #minimizepores",2023â€“ The year #ESG kills off all woke businesses.Iâ€™m all for it. Boycotting them all. Iâ€™ll sew my own clothes & I can wear the same shoes for years too. Feel free to add to the list below.#Nike #Adidas #Eos #Tampax #MolsonCoors #AnheuserBusch #Levis #Disney #maybelline,Replying to @ConceptualJames
Moreblessing,2023â€“ The year #ESG kills off all woke businesses.Iâ€™m all for it. Boycotting them all. Iâ€™ll sew my own clothes & I can wear the same shoes for years too. Feel free to add to the list below.#Nike #Adidas #Eos #Tampax #MolsonCoors #AnheuserBusch #Levis #Disney #maybelline,,"Maybelline Facestudio Master Prime Primer Makeup, Blur + Pore Minimize, 1 fl. oz. https://amzn.to/3BLarjs via @amazon #faceprimer #beauty #womensbeauty #primer #poreminimizer #pores #poreblur #Maybelline #budgetbeauty #smoothface #smoothmakeup #masterprime #face #minimizepores"
Ki N NY ,Replying to @ConceptualJames,"amazon.comMaybelline Facestudio Master Prime Primer Makeup, Blur + Pore Minimize, 1 fl. oz.Flawless starts with primer! Blur away your skin concerns and perfect your makeup look with Master Prime from Maybelline New York. Our primers are formulated with a water base and active ingredients...","Your favorite Maybelline products are back in stockFit Me Matte + Poreless Foundation at 60,000ugxSuperstay Matte Ink at 60,000ugx. Call/Whatsapp 0704 261 720 for deliveries. #beauty #makeup #fitmefoundation #superstaymatteink #maybelline #beautytrends #uganda"
,"C-Money sportcards
@MoreBargain
Â·
May 21
Another day of listing makeup have almost 300 pieces to add over the week check it out 
#ad #maybelline #NewYork #lipstick #Celtics #makeup #ebay
ebay.com
(2) Maybelline New York Super Stay Lip Crayon # 20 Enjoy The View
Find many great new & used options and get the best deals for (2) Maybelline New York Super Stay Lip Crayon # 20 Enjoy The View at the best online prices at eBay! Free shipping for many products!
1776 ğŸ‡ºğŸ‡¸ Mrs Gabe
@JamieGabeAK49
Â·
May 21
Replying to 
@JesseBWatters
No. Nope!! Not gonna happen. My $$ talks & for once #WeThePeople can make a negligible, negative impact on the bottom line if we stick with our core values. Also, #Maybelline beauty products & make-up using a man in #WomanFace. Theyâ€™re no longer an option for me
HaPy
@HaPyjoi
Â·
May 21
Replying to 
@ConceptualJames
People DO NOT forget to boycott #UltaBeauty & #maybelline!!!
",,
,"Never Say Die Beauty
@nsdbeauty
Â·
May 13
Friday Find: #Maybelline Dream Wonder Powder https://neversaydiebeauty.com/demo/?p=8897
Iulia UGC
@IuliaUGC28
Â·
May 14
Recently been using the 
@Maybelline
 City Bronzer and girlâ€¦the texture and the quality of this bronzer is insane ğŸ”

For collabs dm or email at iuliaugc@gmail.com ğŸ©·

Portfolio: https://iuliaugc.my.canva.site

#UGCcreator #ugc #maybelline #makeup
Richard Kirsch
@RichardKirsch23
Â·
May 15
The #FutureOfBeauty seems to be bright, as we're seeing a new focus on #MentalHealth as well as overall health in beauty. #Maybelline has launched a feature on Pinterest called #BraveTogether, with the goal to improve the mental health of users. 
@glossyco",,
,"Carrie Dre #6ï¸âƒ£5ï¸âƒ£ğŸ¹
@carrie_dre
Â·
May 18
Replying to 
@MaybellinePH
@MaybellinePH
 
#Maybelline 
#MaybellineSkyHighPH 
I love the Sky High Mascara and Belle because it really makes my lashes looks gorgeous and fab just like Belle ğŸ’•ğŸ’–ğŸŒ¸
Carrie Dre #6ï¸âƒ£5ï¸âƒ£ğŸ¹
@carrie_dre
Â·
May 18
Replying to 
@MaybellinePH
#Maybelline 
#MaybellineSkyHighPH 
I love the Sky High Mascara and Belle because it really makes my lashes looks gorgeous and fab just like Belle ğŸ’•ğŸ’–
Carrie Dre #6ï¸âƒ£5ï¸âƒ£ğŸ¹
@carrie_dre
Â·
May 18
Replying to 
@MaybellinePH
@MaybellinePH
 
#Maybelline 
#MaybellineSkyHighPH 
I love the Sky High Mascara and Belle because it really makes my lashes looks gorgeous and fab just like Belle ğŸ’•ğŸ’–ğŸ’•",,
,"Jayce Dior ğŸ¤ğŸ§ğŸ¼
@jaycesongbyrd
Â·
May 17
#maybelline 
@Maybelline
 sign me now. Iâ€™m ready. #jaycedior
Chris toe fur
@jsmithdaredevil
Â·
May 18
Replying to 
@Bailez83
 
@WillBlackmon
 and 
@DCarr75
He also knows how to throw really nice pics #deralickmyownballs #zoolander #maybelline
LipstikanAja
@LipstikanAja
Â·
May 13
Rekomendasi Ombre Maybelline Superstay Vinyl Ink shade Peachy dan MAKEOVER Powerstay shade Bumble ğŸ˜ , Cek harga link d bawah â¬‡ï¸â¬‡ï¸
Vinyl Ink â¡ï¸ https://shope.ee/qDe23JKFu
Powerstay â¡ï¸ https://shope.ee/9p8WqXmu0I

#maybelline #makeoverid #lipstick #ombrelips",,
,"à¸™à¸
@Nunthanee_NF
Â·
May 17
Maybelline New York 
The city mini palette coney island pops - 190 
Define&Blend Brow pencil à¸ªà¸µ Natural brown - 100

@Nunthanee_NF
Â·
May 16
Maybelline New York 
The city mini palette coney island pops - 190 
Define&Blend Brow pencil à¸ªà¸µ Natural brown - 100

Maybelline New York  The city mini palette coney island pops - 190  Define&Blend Brow pencil à¸ªà¸µ Natural brown - 100  
his Tweet is unavailable.
The New Conservative ğŸ¦‹
@TheNewConserva8
Â·
May 16
'Ladies, please understand that you donâ€™t have to be against the trans community to have a problem with Dylan Mulvaney.' #Maybelline firmly in the frame in this week's letter to the editor. #Trans #TNC
thenewconservative.co.uk
Ladies and Girls, Itâ€™s Time to Boycott Maybelline - The New Conservative
By using the infamy of Dylan Mulvaney to represent women, Maybelline are committing the same crime as Bud Light before them. They deserve the same treatment.
",,
,"Just Tiki
@justtikib
Â·
May 17
Date Night Makeup with #Maybelline The Falsies Push Up Drama Mascara
justtiki.com
Date Night Makeup with Maybelline The Falsies Push Up Drama Mascara - Just Tiki
A fall date night makeup look using all Maybelline products and the new Maybelline The Falsies Push Up Drama Mascara.
C-Money sportcards
@MoreBargain
Â·
May 21
Another day of listing makeup have almost 300 pieces to add over the week check it out 
#ad #maybelline #NewYork #lipstick #Celtics #makeup #ebay
ebay.com
(2) Maybelline New York Super Stay Lip Crayon # 20 Enjoy The View
Find many great new & used options and get the best deals for (2) Maybelline New York Super Stay Lip Crayon # 20 Enjoy The View at the best online prices at eBay! Free shipping for many products!
LGBUtrechtğŸ‡³ğŸ‡±
@LGBUtrecht
Â·
May 19
First no more #Nike and now I have let go of #Adidas. That last one hurts as much as boycotting #maybelline. But it has to be done.
telegraaf.nl
Adidas onder vuur nadat mannelijk model badpak showt: â€™Moet ik het borsthaar apart bestellen?â€™
Adidas ligt onder vuur nadat een mannelijk model een badpak uit de nieuwe collectie showt. Het merk wordt ervan beschuldigd â€™vrouwen uit te wissenâ€™.",,
,"Elizabeth D. Andres CEO/Founder, A-listers Academy
@ACE_WORLD_INC
Â·
May 13
A Smile Made Prettier https://alistersacademyonlineenglishlessons.wordpress.com/2023/05/13/a-smile-made-prettier/ #liptint #lipgloss #Maybelline  Yay, my lip gloss... ^^^^^
alistersacademyonlineenglishlessons.wordpress.com
A Smile Made Prettier
My student entered my room and she flashed her cheerful, pretty smile as usual. I noticed the subtle color on her lips right away. â€œGood evening young lady, first of all, I would like you to know tâ€¦
ğŸŒ¹ Naughty Nessie ğŸ´â€â˜ ï¸
@NaughtyNessie
Â·
May 19
2023â€“ The year #ESG kills off all woke businesses.

Iâ€™m all for it. Boycotting them all. 

Iâ€™ll sew my own clothes & I can wear the same shoes for years too. 

Feel free to add to the list below.
#Nike #Adidas #Eos #Tampax #MolsonCoors #AnheuserBusch #Levis #Disney #maybelline
JFW
@jfwmagofficial
Â·
May 16
Are the beauty brands really inclusive? 

https://jfwonline.com/article/are-the-beauty-brands-really-inclusive/

#EsteeLauder #campaign #maybelline #sugarcosmetics #skincolour",,
,"wts jual skincare underprice skin1004
@lilmeok
Â·
May 17
wts wts want to sell jual maybelline sky high waterproof mascara underprice

ğŸ’¸ 108k
ğŸ“pengiriman dr semarang
ğŸ’š tokopedia ğŸŠshopee gratis ongkir

#zonauang #zonajajan #zonaBU #maybelline #underprice #makeup
Revain
@Revain_org
Â·
May 16
Get ready to turn heads with your lashes!ğŸ‘

#Mascara #TheFalsies #LashLift delivers a stunning salon-like effect that lengthens and adds volume.
âœ…Plus it lasts throughout the day! 

4.9â­ï¸â­ï¸â­ï¸â­ï¸â­ï¸-#Maybelline lives up to its name! 

Leave your review here:https://revain.org/reviews/maybelline-new-york-mascara-the-falsies-lash-lift-black-zoukq
Never Say Die Beauty
@nsdbeauty
Â·
May 18
#Maybelline Colossal Volume Mascara: What's All the Fuss About? https://neversaydiebeauty.com/demo/?p=2820",,
,"feel good, and practice self-care. Additionally, keep an open dialogue with friends and family and express any worries or concerns you may have, call us on 087 163 2030 from 8am-5pm daily. #Maybelline #MentalHealth
Show this thread
Very Mary Berry
@Berrysicles
Â·
May 20
Maybelline Facestudio Master Prime Primer Makeup, Blur + Pore Minimize, 1 fl. oz. https://amzn.to/3BLarjs via 
@amazon
 

#faceprimer #beauty #womensbeauty #primer #poreminimizer #pores #poreblur #Maybelline #budgetbeauty #smoothface #smoothmakeup #masterprime #face #minimizepores
amazon.com
Maybelline Facestudio Master Prime Primer Makeup, Blur + Pore Minimize, 1 fl. oz.
Flawless starts with primer! Blur away your skin concerns and perfect your makeup look with Master Prime from Maybelline New York. Our primers are formulated with a water base and active ingredients...
",,
,"Another one bites the dust - Leviâ€™s

At this rate Iâ€™m not going to have to worry about spending money, the no buy list is growing longer. #Levis #Nike #maybelline #BudLight
1776 ğŸ‡ºğŸ‡¸ Mrs Gabe
@JamieGabeAK49
Â·
May 21
Replying to 
@JesseBWatters
No. Nope!! Not gonna happen. My $$ talks & for once #WeThePeople can make a negligible, negative impact on the bottom line if we stick with our core values. Also, #Maybelline beauty products & make-up using a man in #WomanFace. Theyâ€™re no longer an option for me
OnFleekTv
@onfleekliveke
Â·
May 18
Ayra Starr arrives at Junction Mall for Maybelline meet and great

#ayrastarr 
#maybelline
",,
,"Short product demo of the 
@Maybelline
 nail polish! A true love if mine and look how pretty she is!!!
#maybelline #ugccommunity #UGCcreator #ugccontentcreator #ugccreatorneeded
0:02 / 0:15
Maybelline New York
Beauty Trends Uganda
@BeautyTrendsUg
Â·
May 20
Your favorite Maybelline products are back in stockğŸ¥°

Fit Me Matte + Poreless Foundation at 60,000ugx

Superstay Matte Ink at 60,000ugx. 

Call/Whatsapp 0704 261 720 for deliveries. 

#beauty #makeup #fitmefoundation #superstaymatteink #maybelline #beautytrends #uganda
Larissa | UGC creator
@larissavdugc
Â·
May 19
A ugc example i made with my all time favorite lipgloss! ğŸ’„âœ¨ #UGCcreator #ugccommunity #ugccreatorsneeded #contentcreator #DigitalMarketing #ecommerce #maybelline",,
,"Short product demo of the 
@Maybelline
 nail polish! A true love if mine and look how pretty she is!!!
#maybelline #ugccommunity #UGCcreator #ugccontentcreator #ugccreatorneeded
0:02 / 0:15
Maybelline New York
Beauty Trends Uganda
@BeautyTrendsUg
Â·
May 20
Your favorite Maybelline products are back in stockğŸ¥°

Fit Me Matte + Poreless Foundation at 60,000ugx

Superstay Matte Ink at 60,000ugx. 

Call/Whatsapp 0704 261 720 for deliveries. 

#beauty #makeup #fitmefoundation #superstaymatteink #maybelline #beautytrends #uganda
Larissa | UGC creator
@larissavdugc
Â·
May 19
A ugc example i made with my all time favorite lipgloss! ğŸ’„âœ¨ #UGCcreator #ugccommunity #ugccreatorsneeded #contentcreator #DigitalMarketing #ecommerce #maybelline
",,
,"Wanted To Try These Two And Had To Do Different Pictures To Show The Holographic. The Colors Used Morgan Taylor Belt It Out, Sally Hansen Insta DRI Grape Shifter #nailaid #maybelline #morgantaylor #sallyhansen #brokeassnailartist #brokeassnailart #nailart #nailartist #nailpolish
Wanker & Wanker
@Wanker4Wanker
Â·
May 15
â­ï¸Maybe She's Born With Itâ­ï¸

A couple of the many products available in this print.

http://society6.com/wankerandwanker 

#horse #eyelashes #maybelline #sale #shoppingonline #beauty #onlineshopping
wid ğŸ’«
@readbyaugust
Â·
May 19
Want to sale 125 maybelline Super stay Ink Matte BARU 

Rp. 95.000

https://shp.ee/9fqrud6

#wts #wanttosale #zonauang #maybelline #MaybellineIDShineInNewYork
",,
,"The kardashian - Jenner makeup makeup look. used maybelline sensational lipstick in the shade nude nuance and myfavourite blush from 
@MACcosmetics
  gingerly  #Neutralmakeup #makeupartist #Makeuplook #Blush #MACCosmetics #maybelline #Lorealmakeup
maccosmetics and 2 others
Promo Shopee ID
@promoshopeeID
Â·
May 14
Maybelline Superstay Matte Ink Liquid Matte Lipstick Waterproof Make Up Transferproof Tahan 16 Jam
 https://shope.ee/2AjVGRQT1k?share_channel_code=7 

#ShopeeID #maybelline #diskon
TheWanker
@TheWanker2022
Â·
May 15
â­ï¸Maybe She's Born With Itâ­ï¸

A couple of the many products available in this print.

http://society6.com/wankerandwanker 

#horse #eyelashes #maybelline #sale #shoppingonline #beauty #onlineshopping
",,
,"Maybelline Fit Me Loose Finishing Powder  available at 65,000ugx. Order online via https://lnkd.in/giuTvZWG Call/Whatsapp 0704 261 720 for deliveries. 
.
.
#beauty #makeup #maybelline #fitmepowder #finishingpowder #monday #fyp #viral #kampala #uganda",,
,"C-Money sportcards
@MoreBargain
Â·
May 21
Another day of listing makeup have almost 300 pieces to add over the week check it out 
#ad #maybelline #NewYork #lipstick #Celtics #makeup #ebay
ebay.com
(2) Maybelline New York Super Stay Lip Crayon # 20 Enjoy The View
Find many great new & used options and get the best deals for (2) Maybelline New York Super Stay Lip Crayon # 20 Enjoy The View at the best online prices at eBay! Free shipping for many products!
1776 ğŸ‡ºğŸ‡¸ Mrs Gabe
@JamieGabeAK49
Â·
May 21
Replying to 
@JesseBWatters
No. Nope!! Not gonna happen. My $$ talks & for once #WeThePeople can make a negligible, negative impact on the bottom line if we stick with our core values. Also, #Maybelline beauty products & make-up using a man in #WomanFace. Theyâ€™re no longer an option for me
HaPy
@HaPyjoi
Â·
May 21
Replying to 
@ConceptualJames
People DO NOT forget to boycott #UltaBeauty & #maybelline!!!
",,
,"Your favorite Maybelline products are back in stockğŸ¥°

Fit Me Matte + Poreless Foundation at 60,000ugx

Superstay Matte Ink at 60,000ugx. 

Call/Whatsapp 0704 261 720 for deliveries. 

#beauty #makeup #fitmefoundation #superstaymatteink #maybelline #beautytrends #uganda
ğŸŒ¹ Naughty Nessie ğŸ´â€â˜ ï¸
@NaughtyNessie
Â·
May 19
2023â€“ The year #ESG kills off all woke businesses.

Iâ€™m all for it. Boycotting them all. 

Iâ€™ll sew my own clothes & I can wear the same shoes for years too. 

Feel free to add to the list below.
#Nike #Adidas #Eos #Tampax #MolsonCoors #AnheuserBusch #Levis #Disney #maybelline
Moreblessing
@ugcwithmoreb
Â·
May 19
Short product demo of the 
@Maybelline
 nail polish! A true love if mine and look how pretty she is!!!
#maybelline #ugccommunity #UGCcreator #ugccontentcreator #ugccreatorneeded
",,
,"CHUCK BERRY LIVE BY MARTYN GODDARD

Available: https://rockphotographerscollective.co.uk/collections/martyn-goddard/chuck-berry

Martyn: https://rockphotographerscollective.co.uk/pages/martyn-goddard

#martyngoddardphotography #martyngoddard #chuckberry #charlesedwardanthonyberry #fatherofrockandroll #maybelline #rolloverbeethoven #rockandrollmusic #johnnybgoode
wid ğŸ’«
@readbyaugust
Â·
May 19
Want to sale 125 maybelline Super stay Ink Matte BARU 

Rp. 95.000

https://shp.ee/9fqrud6

#wts #wanttosale #zonauang #maybelline #MaybellineIDShineInNewYork
Larissa | UGC creator
@larissavdugc
Â·
May 19
A ugc example i made with my all time favorite lipgloss! ğŸ’„âœ¨ #UGCcreator #ugccommunity #ugccreatorsneeded #contentcreator #DigitalMarketing #ecommerce #maybelline",,
,"First no more #Nike and now I have let go of #Adidas. That last one hurts as much as boycotting #maybelline. But it has to be done.
telegraaf.nl
Adidas onder vuur nadat mannelijk model badpak showt: â€™Moet ik het borsthaar apart bestellen?â€™
Adidas ligt onder vuur nadat een mannelijk model een badpak uit de nieuwe collectie showt. Het merk wordt ervan beschuldigd â€™vrouwen uit te wissenâ€™.
Never Say Die Beauty
@nsdbeauty
Â·
May 18
#Maybelline Colossal Volume Mascara: What's All the Fuss About? https://neversaydiebeauty.com/demo/?p=2820
Carrie Dre #6ï¸âƒ£5ï¸âƒ£ğŸ¹
@carrie_dre
Â·
May 18
Replying to 
@MaybellinePH
@MaybellinePH
 
#Maybelline 
#MaybellineSkyHighPH 
I love the Sky High Mascara and Belle because it really makes my lashes looks gorgeous and fab just like Belle ğŸ’•ğŸ’–âœ¨
",,
,"@WillBlackmon
 and 
@DCarr75
He also knows how to throw really nice pics #deralickmyownballs #zoolander #maybelline
à¸™à¸
@Nunthanee_NF
Â·
May 17
Maybelline New York 
The city mini palette coney island pops - 190 
Define&Blend Brow pencil à¸ªà¸µ Natural brown - 100

à¹„à¸¡à¹ˆà¹€à¸„à¸¢à¹à¸à¸°à¸„à¹ˆà¸° à¸ªà¹ˆà¸‡à¹ƒà¸«à¹‰à¸à¸£à¸¸à¹ˆà¸‡à¸™à¸µà¹‰à¹„à¸”à¹‰à¹€à¸¥à¸¢à¸„à¹ˆà¸°
#à¸ªà¹ˆà¸‡à¸•à¹ˆà¸­à¹€à¸„à¸£à¸·à¹ˆà¸­à¸‡à¸ªà¸³à¸­à¸²à¸‡ #à¸‚à¸­à¸‡à¸¡à¸·à¸­à¸«à¸™à¸¶à¹ˆà¸‡ #à¸‚à¸²à¸¢à¹€à¸„à¸£à¸·à¹ˆà¸­à¸‡à¸ªà¸³à¸­à¸²à¸‡ #à¸ªà¹ˆà¸‡à¸•à¹ˆà¸­à¸‚à¸­à¸‡à¸¡à¸·à¸­à¸«à¸™à¸¶à¹ˆà¸‡ #à¸ªà¹ˆà¸‡à¸•à¹ˆà¸­à¸‚à¸­à¸‡à¸£à¸²à¸„à¸²à¸–à¸¹à¸ #maybelline
@beyonddeals
@beyonddealske
Â·
May 17
For the best make-up around, visit http://beyonddeals.co.ke and you shall find options. Maybelline lipstick is available and is being sold for Kshs.1350/=. Find it, Love it, Buy it.
#beyonddealske #beyonddeals #maybelline #lipstick #makeup #sale
",,
,"Ladies, please understand that you donâ€™t have to be against the trans community to have a problem with Dylan Mulvaney.' #Maybelline firmly in the frame in this week's letter to the editor. #Trans #TNC
thenewconservative.co.uk
Ladies and Girls, Itâ€™s Time to Boycott Maybelline - The New Conservative
By using the infamy of Dylan Mulvaney to represent women, Maybelline are committing the same crime as Bud Light before them. They deserve the same treatment.
SADAG
@TheSADAG
Â·
May 16
feel good, and practice self-care. Additionally, keep an open dialogue with friends and family and express any worries or concerns you may have, call us on 087 163 2030 from 8am-5pm daily. #Maybelline #MentalHealth
Show this thread
Jesse The Broke Ass Nail Artist
@JesseStreeter5
Â·
May 16
Wanted To Try These Two And Had To Do Different Pictures To Show The Holographic. The Colors Used Morgan Taylor Belt It Out, Sally Hansen Insta DRI Grape Shifter #nailaid #maybelline #morgantaylor #sallyhansen #brokeassnailartist #brokeassnailart #nailart #nailartist #nailpolish
",,
, fit me but idk it just makes mt dark spots look GREY and if i color correct ill just look orange so i cant win,maybelline vinyl ink ter-worth it,
Beauty Trends Uganda,,lemon8-app.comMy top 3 best mascara!| Galeri disiarkan oleh Elyst| Lemon8Hello beautiful :3 I want to review my top 3 mascara this year~ take note that im using my natural lashes for this reviewMaybelline Lash Sensati...,Replying to @TG22110 and @Maybelline_CDN
,lemon8-app.comMy top 3 best mascara!| Galeri disiarkan oleh Elyst| Lemon8Hello beautiful :3 I want to review my top 3 mascara this year~ take note that im using my natural lashes for this reviewMaybelline Lash Sensati...,He meant if he was seriously (consequences beyond $5m) indicted he would leave the country.,Replying to @Terfs_R @adidas and @Nike
Emerald,"Lma sdh mo review mascara mcm ni, bru dpt bt",Replying to @TG22110 and @Maybelline_CDN,
alvie,and,Replying to @Terfs_R @adidas and @Nike,149
fel jkt 84,,437k for a blush hell nawww i'll stick with my maybelline superstay matte ink dicampur concealer,
,"Name Change ğŸŸ§
@PhillyColleen
Â·
41m
Replying to 
@TG22110
 and 
@Maybelline_CDN
He meant if he was seriously (consequences beyond $5m) indicted he would leave the country.
Emerald
@WolfWarriorLoki
Â·
42m
Replying to 
@Terfs_R
 
@adidas
 and 
@Nike
Don't forget 
@OlaySkin
 
@Tampax
 
@Maybelline
 
@eos
 too Might have missed some.
alvie
@gustiningrump
Â·
50m
437k for a blush hell nawww i'll stick with my maybelline superstay matte ink dicampur concealer
Quote Tweet
ğŸ“Œ GIVEAWAY ON PINNEDâœ¨
@ohmybeautybank
Â·
5h
Automated
[Bb] AAAAKKKK AKHIRNYA RARE BEAUTY UDH ADA DI SEPHORAAA GUYSS ğŸ¤©ğŸ¤©Wajib cobain blush, bronzer sama highlighternya cakep puol ğŸ‘ŒğŸ»
",,
,"maybelline vinyl peachy x emina glossy stain autumn bell x joy pill gloss rose all day cakep bgt gilaaak fav combo ak skrg ğŸ¤ğŸ¤
Never Say Die Beauty
@nsdbeauty
Â·
1h
Friday Find: #Maybelline Face Studio Master Conceal https://neversaydiebeauty.com/demo/?p=9088
Kyle Robert Tuckey
@kyrtuck
Â·
1h
Replying to 
@JohnnyKilroy423
 
@jordanbpeterson
 and 4 others
You're broad strokes, I'm a details person.",,
,"Broad stokes.

I mean what, are you going to say Dune is the same thing as Star Wars just because Arrakis is a desert planet?

And Old Hero?  Han Solo ain't got the force like Obiwan did.  And Han's chemistry is far different than Obiwan and Vader's.
Pilot
@purdyme123
Â·
1h
Maybelline Tattoo Eyeshadow Leather Effect - Maybelline - https://tinyurl.com/2h45kg3h
#Beauty #bestmakeup #body #cosmetics #goodmakeup #Makeup #SkinCare #stayhome
George
@george_r_t_c
Â·
1h
Replying to 
@r0n5ha
Your face is the scarred battlefield of a thousand years of intimate domestic and familial conflict, striving, compromise, and failure. Maybe itâ€™s Maybelline.
",,
,"Lucky girl! For whom Maybelline is sasta ğŸ˜.
ğ“’ğ“¾ğ“´ğ“¾ğ“¹ğŸŒ»
@panggilaulsaja
Â·
1h
ğŸ›’link syopi Mall: 
ğŸ”¸Wardah Colorfit (under 50k): https://shope.ee/9UWIo7YlyT
ğŸ”¸Maybelline Vinyl Ink (PROMO under 100k): https://shope.ee/3VF5fAgKJq
ğŸ”¸Niacin SS Spray: https://shope.ee/8pGc18veLo
Show this thread
ğ“’ğ“¾ğ“´ğ“¾ğ“¹ğŸŒ»
@panggilaulsaja
Â·
1h
Maybelline Vinyl Ink ada di thread iniğŸ‘‡
Quote Tweet
ğ“’ğ“¾ğ“´ğ“¾ğ“¹ğŸŒ»
@panggilaulsaja
Â·
Apr 12
bliss day menyambut lebaran nanti, berani tampil natural yokkğŸ˜»âœ¨

ğŸŒ»MAKE OVER Intense Matte Lip Cream
ğŸŒ»MAYBELLINE Superstay Vinyl Ink 

*si Vinyl Ink ini yg lagi rame dan ternyata emg baguss look & complexionnya tanpa bikin bibir kering lhohâ—

#racuninskincare #racuninmakeup
Show this thread
",,
,"5% Maybelline 95% us
RubağŸ•Šï¸
@lilmissislam
Â·
1h
Replying to 
@jewlloves
Maybelline ,Downy, Sabon ğŸ¤£ğŸ¤£ğŸ¤£ğŸ¤£ğŸ¤£ğŸ¤£ğŸ¤£ lmao
espressos and eyelinerâ˜•ï¸
@Spicy_Zee
Â·
2h
Replying to 
@KiwiCraig74
 
@AudreyPorne
 and 
@WholesomeMeme
Or maybe itâ€™s Maybelline?
",,
,"Maybe heâ€™s born with it. Maybe itâ€™s maybelline
Everything you need
@RacunShopee_14
Â·
2h
Lazada discount
Maybelline volum Express Hypercurl Waterproof Mascara

Link : https://s.lazada.co.id/s.kPYd8?cc
Pilot
@purdyme123
Â·
2h
Maybelline Line Stylist Espresso - Maybelline - https://tinyurl.com/2qhp95ze
#Beauty #bestmakeup #body #cosmetics #goodmakeup #Makeup #SkinCare #stayhome
",,
,"So glad I don't use the cheap makeup by Maybelline
jerry.
@yslauve
Â·
3h
tiktok's making me wanna buy that maybelline skin tint ğŸ˜
Johnny Kilroy
@JohnnyKilroy423
Â·
3h
Replying to 
@JohnnyKilroy423
 
@kyrtuck
 and 5 others
Surely these are all just coincidences. ğŸ˜„
",,
,"- Main hero with mysterious past lives on desert planet
- Main hero embarks on journey with old hero
- Main villain wears a black mask and has a modulated voice
- Main villain kills old hero
- Bad guys on the hunt for droid holding secret info
- Bad guys have superweapon

ğŸ˜„ğŸ˜„ğŸ˜„
Pilot
@purdyme123
Â·
3h
Maybelline Studio Metallic Lipstick Trident - Maybelline - https://tinyurl.com/2pw6xc7x
#Beauty #bestmakeup #body #cosmetics #goodmakeup #Makeup #SkinCare #stayhome
Matt M
@whatsgngonhere
Â·
3h
Replying to 
@ItsLemonaid3
 
@PlsticManifesto
 and 5 others
I'm not one to defend bills that Lindsey graham brings to the floor. But I also thinks diplomacy, aid, human rights are generally investments than can help the world (and the US) long term and 15 *m*illion in a budget where the military gets 850 *b*illion is nothing.",,
,"The Maybelline Fit Me foundation is really that girl as far as drug store foundations are concerned. Top tier coverage every time.
Kyle Robert Tuckey
@kyrtuck
Â·
3h
Replying to 
@JohnnyKilroy423
 
@jordanbpeterson
 and 4 others
The parallels exist only when you're using incredibly broad strokes.  Nice try.
milky ğŸ”¦
@hikikomilky
Â·
3h
Replying to 
@kodocoded
maybe it's maybelline",,
,"Maybelline New York 
The city mini palette coney island pops - 190 
Define&Blend Brow pencil à¸ªà¸µ Natural brown - 100

à¹„à¸¡à¹ˆà¹€à¸„à¸¢à¹à¸à¸°à¸„à¹ˆà¸° à¸ªà¹ˆà¸‡à¹ƒà¸«à¹‰à¸à¸£à¸¸à¹ˆà¸‡à¸™à¸µà¹‰à¹„à¸”à¹‰à¹€à¸¥à¸¢à¸„à¹ˆà¸°
#à¸ªà¹ˆà¸‡à¸•à¹ˆà¸­à¹€à¸„à¸£à¸·à¹ˆà¸­à¸‡à¸ªà¸³à¸­à¸²à¸‡ #à¸‚à¸­à¸‡à¸¡à¸·à¸­à¸«à¸™à¸¶à¹ˆà¸‡ #à¸‚à¸²à¸¢à¹€à¸„à¸£à¸·à¹ˆà¸­à¸‡à¸ªà¸³à¸­à¸²à¸‡ #à¸ªà¹ˆà¸‡à¸•à¹ˆà¸­à¸‚à¸­à¸‡à¸¡à¸·à¸­à¸«à¸™à¸¶à¹ˆà¸‡ #à¸ªà¹ˆà¸‡à¸•à¹ˆà¸­à¸‚à¸­à¸‡à¸£à¸²à¸„à¸²à¸–à¸¹à¸ #maybelline
Sharmi Adhikary
@MMimigd
Â·
4h
Replying to 
@Alpakanyaa
Awesome. She is so much better than that lacklustre Suhana Khan who Maybelline has been trying to shove in our faces with insipid billboards. Means with all that makeup also she's just random!
Pilot
@purdyme123
Â·
4h
Maybelline New York Airfoam Foundation - Maybelline - https://tinyurl.com/2og9utjj
#Beauty #bestmakeup #body #cosmetics #goodmakeup #Makeup #SkinCare #stayhome
",,
,"Love how you get shit bc youre a pro- sorry not allowed to struggle or learn any game, pros dont practice. Maybe you're born with it, maybe its Maybelline?
Phatdude
@Phatdude67
Â·
4h
Replying to @LadyJustice4512
Women should have been banning tampex and Nike. Iâ€™m ok with maybelline , I mean if it can make a man look better â€¦
Tammy Williams
@TammyWBurns
Â·
4h
Replying to 
@EpochTimes
Itâ€™s so many companies now, Budlight, Maybelline, Target, Skittles etcâ€¦
",,
,"Ask the government, thatâ€™s all the bill said, so tell us how that 25 mill helped Americans? 

I wonâ€™t acknowledge any of your other responses until then. But thanks for the source. Iâ€™ll be looking over it.
Matt M
@whatsgngonhere
Â·
4h
Replying to 
@ItsLemonaid3
 
@PlsticManifesto
 and 5 others
What do you know about it?
lemon
@ItsLemonaid3
Â·
4h
Replying to 
@whatsgngonhere
 
@PlsticManifesto
 and 5 others
How is it helping Americans.",,
,"What do you know about the gender studies program?
Matt M
@whatsgngonhere
Â·
4h
Replying to 
@whatsgngonhere
 
@ItsLemonaid3
 and 6 others
also you could search any source about wealth inequality in the US. it's not a uniquely American problem, but we certainly do it better than most.
Slay
@GimmeAWord
Â·
5h
Tell him you have a talent for applying make up! Black eye? Where? 

You knowâ€¦Maybe itâ€™s Maybelline.
",,
,"How is paying for Pakistan gender studies and â€œstrengthing democracyâ€ helping Americans?
Makeup & Skincare Cosmetics
@MakeupSkinCos
Â·
5h
Maybelline TattooStudio Long-Lasting Sharpenable Eyeliner Pencil, Glide on Smooth Gel Pigments with 36 Hour Wear, Waterproof, Deep Onyx, 1 Count
amazon.com
Maybelline TattooStudio Long-Lasting Sharpenable Eyeliner Pencil, Glide on Smooth Gel Pigments with...
Delivering smooth strokes and in10se color, this waterproof eyeliner glides on seamlessly for our longest-lasting wear yet. This sharpenable eyeliner delivers pigment-rich hues, precise definition,...
Makeup & Skincare Cosmetics
@MakeupSkinCos
Â·
5h
Maybelline Dream Fresh Skin Hydrating BB cream, 8-in-1 Skin Perfecting Beauty Balm with Broad Spectrum SPF 30, Sheer Tint Coverage, Oil-Free, Light/Medium, 1 Fl Oz
amazon.com
Maybelline Dream Fresh Skin Hydrating BB cream, 8-in-1 Skin Perfecting Beauty Balm with Broad...
Dream fresh BB cream 8-in-1 skin perfector is the 1 step wonder for a good skin day, everyday.Ã‚ Get 8 skin benefits in 1 simple step, blurs imperfections, brigh10s, evens skin-t1, smoothes, hydrates,...",,
,"Maybelline Eyestudio Master Precise All Day Waterproof Liquid Eyeliner Makeup, Black, 1 Count
amazon.com
Maybelline Eyestudio Master Precise All Day Waterproof Liquid Eyeliner Makeup, Black, 1 Count
Master the art of the winged eyeliner with the allure Best of Beauty Award winner 2013. Maybelline New York Eyestudio Master Precise Liquid Eyeliner delivers laser-sharp precision for the most...
ItsOwnInfiniteFlower
@ioiflower
Â·
5h
I didn't have mixing country bands (at the punk/metal bar) on my bingo card but I really enjoy it, especially when they play so nice. This is Moonshine Maybelline they're laying down some sweet jamz rn.
Matt M
@whatsgngonhere
Â·
5h
Replying to 
@ItsLemonaid3
 
@PlsticManifesto
 and 5 others
There are plenty of situations that require spending that that wont immediately benefit Americans. That's what investing is, and spending into the debt for it isn't a bad thing. But there's plenty thats probably overlooked and should be cut back, military spending the largest ofc
",,
,"Recently I got Urban Spice from Maybelline and it is this gorgeous orangey-brown shade which pairs well with my orange coral blush ğŸ« ğŸ« ğŸ« 
Show this thread
Bru_e_williams ğŸ’•
@bru_e_williams1
Â·
5h
@maybelline
 STOCK BLACK BROWN SLIM BROW PENCILS EVERYWHERE
sahana ğŸŒ± 67
@grapejuiceboo
Â·
5h
Replying to 
@louiscigss
iâ€™ve been using a free sample that i got from maybelline and tbf itâ€™s not too bad either i just donâ€™t think itâ€™s applies smoothly",,
,"Not really, shows out of control spending, American debt to GDP ratio is 124%.

Iâ€™m starting to wonder if you donâ€™t actually understand economicsâ€¦.

Iâ€™ll be waiting on the source that shows these other countries donâ€™t have close the same wealth inequality.
Pilot
@purdyme123
Â·
5h
Maybelline Shine Stick Foundation Classic - Maybelline - https://tinyurl.com/2ny5t2f7
#Beauty #bestmakeup #body #cosmetics #goodmakeup #Makeup #SkinCare #stayhome
lemon
@ItsLemonaid3
Â·
5h
Replying to 
@whatsgngonhere
 
@PlsticManifesto
 and 5 others
Everything that doesnâ€™t directly benefit American citizens. Did you know under trump we sent 10million to Pakistan for gender studies and another 15 for â€œstrengthen democracyâ€

Tell us, how does that in any way help Americans? 

Thereâ€™s plenty more.",,
,"I would like a source for that.
Matt M
@whatsgngonhere
Â·
5h
Replying to 
@ItsLemonaid3
 
@PlsticManifesto
 and 5 others
Such as?
Matt M
@whatsgngonhere
Â·
5h
Replying to 
@ItsLemonaid3
 
@NDIRE15
 and 5 others
Those countries also have far less wealth inequality...hence. We should tax the rich. Doesn't mean we don't also tax everyone else, we should just tax equitably",,
,"maybe itâ€™s mental illness maybe itâ€™s maybelline
Matt M
@whatsgngonhere
Â·
5h
Replying to 
@ItsLemonaid3
 
@NDIRE15
 and 5 others
The debt is wholly irrelevant.
TruthbetoldUC
@TruthbetoldUC
Â·
5h
This lipstick actual says flammable until dry on the side of it! WTF? #Maybellinesucks
Maybelline products contain harmful ingredients such as parabens, Acrylamide, Aluminum Powder, Retinyl Palmate, Quaternium 15, Titanium Dioxide, etc. It is not considered a clean or safe brand.
",,
,"Hi babes Iâ€™m a trash gremlin who forgot to take their makeup off before bed BUT I wanted to recommend two products that donâ€™t shift until you wash them off: Maybelline hyperwing eyeliner (on my brows) and Rimmel provocalips (great for wearing under masks!)
Show this thread
bubu.
@jaesxc
Â·
6h
Replying to 
@ohmybeautybank
Maybelline ğŸ™ŒğŸ»
Quote Tweet
bubu.
@jaesxc
Â·
Oct 28, 2022
Tipnya super tipis (cuman 0.5) lebih mudah untuk bikin wing liner/thin liner, ujung kuasnya juga bukan type yg gampang meleber, dia cukup tegas tapi tetep gentle, di row ke 3 ini foto pemakaian after 13 jam, no retouch

http://shope.ee/3AWwehvhas
Show this thread
0:01 / 0:10
Makeup & Skincare Cosmetics
@MakeupSkinCos
Â·
6h
Maybelline TattooStudio Long-Lasting Sharpenable Eyeliner Pencil, Glide on Smooth Gel Pigments with 36 Hour Wear, Waterproof, Deep Onyx, 1 Count
amazon.com
Maybelline TattooStudio Long-Lasting Sharpenable Eyeliner Pencil, Glide on Smooth Gel Pigments with...
Delivering smooth strokes and in10se color, this waterproof eyeliner glides on seamlessly for our longest-lasting wear yet. This sharpenable eyeliner delivers pigment-rich hues, precise definition,...",,
,"Maybelline Dream Fresh Skin Hydrating BB cream, 8-in-1 Skin Perfecting Beauty Balm with Broad Spectrum SPF 30, Sheer Tint Coverage, Oil-Free, Light/Medium, 1 Fl Oz
amazon.com
Maybelline Dream Fresh Skin Hydrating BB cream, 8-in-1 Skin Perfecting Beauty Balm with Broad...
Dream fresh BB cream 8-in-1 skin perfector is the 1 step wonder for a good skin day, everyday.Ã‚ Get 8 skin benefits in 1 simple step, blurs imperfections, brigh10s, evens skin-t1, smoothes, hydrates,...
Makeup & Skincare Cosmetics
@MakeupSkinCos
Â·
6h
Maybelline Eyestudio Master Precise All Day Waterproof Liquid Eyeliner Makeup, Black, 1 Count
amazon.com
Maybelline Eyestudio Master Precise All Day Waterproof Liquid Eyeliner Makeup, Black, 1 Count
Master the art of the winged eyeliner with the allure Best of Beauty Award winner 2013. Maybelline New York Eyestudio Master Precise Liquid Eyeliner delivers laser-sharp precision for the most...
Pilot
@purdyme123
Â·
6h
Fitme Toffee Maybelline Oil Free Foundation - Maybelline - https://tinyurl.com/2p3tuo8r
#Beauty #bestmakeup #body #cosmetics #goodmakeup #Makeup #SkinCare #stayhome
",,
,"Maybelline Lash Sensational Sky High Waterproof Mascara
Show this thread
ğ˜´ğ˜°ğ˜®ğ˜¯ğ˜¶ğ˜´
@_nanaminto
Â·
7h
My mom got me the Maybelline Fit Me Fresh Tint from the Philippines and Iâ€™m so excited to try it !!!!
Jane, Queen of the World
@janefroerer
Â·
7h
Maybe itâ€™s maybelline maybe itâ€™s the mania",,
,"Why did Maybelline have that girl drag Christina and Britney at the same time??
SavageBruski (an old, old wooden ship)
@SavageBruski
Â·
7h
Replying to 
@stclairashley
 and 
@DrLoupis
Yeaaah.....no. no. That ain't right. 
Maybelline doesn't work that way.
Johnny Kilroy
@JohnnyKilroy423
Â·
7h
Replying to 
@JohnnyKilroy423
 
@kyrtuck
 and 5 others
Ironically, it is the films themselves that are shallow and hollow... but you're the one defending them and casting those aspersions on the rest of us for simply stating the obvious.
",,
,"I know you're committed here and you don't want to cede ground, but even the most hardcore disney-americans can admit it was an attempt at a remake. The things it has in common far outweigh the things it doesn't. The parallels were obvious and apparent to anyone that isn't blind.
Kyle Robert Tuckey
@kyrtuck
Â·
8h
Replying to 
@JohnnyKilroy423
 
@jordanbpeterson
 and 4 others
Original film didn't have a stormtrooper turn rebel.
Toby Manning Kingdon
@toby_rules1
Â·
8h
Ms. Maybelline commandeers cuteness. #mainecoon
Quote Tweet
JusticeToAll ~ ğŸ™ ğŸ‡ºğŸ‡¦ âš–ï¸ ğŸš€
@JusticeToAll
Â·
8h
Replying to @AmandaSmokeyIs1 @mitsy2714 and 9 others
Oh my what a sweetheart Isabella is..Heidi was trying to be a cutie patootie last night too...Hugs furiends ğŸ˜»ğŸ’ğŸ˜»
",,
,"Yeah I will never buy Bud light Nike Adidas or Maybelline again in my life they ruined it
Toby Manning Kingdon
@toby_rules1
Â·
8h
Replying to 
@JusticeToAll
 
@AmandaSmokeyIs1
 and 9 others
Ms. Maybelline iz da queen of da runway. Cutenezz iz in her DNA.
SanağŸ–¤
@ItsSana001
Â·
8h
Replying to 
@dil_yaram
Maybelline or Revlon bestğŸ‘
Specially maybelline for summers",,
,"Maybelline COLORblur Lipstick Smudger Insanity - Maybelline - https://tinyurl.com/2m8ktduo
#Beauty #bestmakeup #body #cosmetics #goodmakeup #Makeup #SkinCare #stayhome
Ace
@AceOnCherryCove
Â·
8h
Replying to 
@OldSalvageRock
 
@businesdan
 and 19 others
Thank you once again Tristian! Followed all new Resisters!
thickumosağŸ¤
@YRG_MAHELLYEA
Â·
8h
In bitches head like maybelline!ğŸ’†ğŸ¾â€â™€ï¸",,
,"Bollox to Adidas 
BOYCOTT Adidas 
BOYCOTT Budwieser 
BOYCOTT Nike 
BOYCOTT Maybelline 
BOYCOTT ALL the Brands that are Disrespectful to Real Women
Online Make Money
@OnlineM21772276
Â·
9h
Maybelline Lash Sensational Sky High Washable Mascara Makeup, Volumizing, Lengthening, Defining, Curling, Multiplying, Buildable Formula, Blackest Black, 1 Count
Online Make Money
@OnlineM21772276
Â·
9h
Maybelline Instant Age Rewind Eraser Dark Circles Treatment Multi-Use Concealer, 110, 1 Count (Packaging May Vary)
",,
,"Maybelline Instant Rewind Radiant Foundation - Maybelline - https://tinyurl.com/2k6c2d7m
#Beauty #bestmakeup #body #cosmetics #goodmakeup #Makeup #SkinCare #stayhome
snapcaca saw 7dream
@snacapaca
Â·
9h
Replying to 
@illmksm
loose powder i use elf and it does the job but good pressed translucent powder maybelline fit me ğŸ«¶
Twylam1967
@twylam1967
Â·
9h
Check out this listing I just added to my #Poshmark closet: BNWOT:  Covergirl and Maybelline eyeshadow pallets.. https://poshmark.com/listing/63b3a18c91e05300eafb7a79?utm_source=tw_sh&utm_content=ext_trk%3Dbranch%26feature%3Dsh_li__and%26rfuid%3Dext1%3A3dabf4a6-ebbb-4ed3-a0f3-e78c460346d2 #shopmycloset 
@poshmarkapp
",,
,"my makeup base was so solid yesterday ğŸ™ğŸ¼ shoutout elf, Maybelline, Yensa, Morphe, and Huda BeautyğŸ¤ğŸ¼
Twylam1967
@twylam1967
Â·
9h
Check out this listing I just added to my #Poshmark closet: BNWOT:  Covergirl  eyeshadow pallet/Maybelline eyeshadow. https://poshmark.com/listing/63b3a18c91e05300eafb7a79?utm_source=tw_sh&utm_content=ext_trk%3Dbranch%26feature%3Dsh_li__and%26rfuid%3Dext1%3A3dabf4a6-ebbb-4ed3-a0f3-e78c460346d2 #shopmycloset 
@poshmarkapp
poshmark.com
BNWOT: Covergirl eyeshadow pallet/Maybelline eyeshadow
This is a gorgeous set of natural tones of eyeshadow. 5 Seperate pallets of Nude/Natural long-lasting color. Reposhing this item I purchased from @mariannechwala. Loved it, but ready to rotate for...
Brown Girl
@browngirlvin
Â·
9h
I binged watch #LoveBetweenFairyandDevil and then #MeteorGarden. Fallen in love with #DylanWang. Then I saw his Maybelline ads. Please somebody tell me, he is not Gay. My soul is crushed ğŸ˜¢ğŸ˜­ğŸ˜­",,
,"No plastic packaging, just great products.  Best eyeliner, mascara and lip liner I've ever used... 
@ThriveCause
 use vs. 
@Maybelline
.  ""Maybelline faces boycott over transgender influencer Dylan Mulvaney.""
Quote Tweet
Thrive Causemetics
@ThriveCause
Â·
Apr 15
Get a smudge-proof, tear-proof, all-day wear. With a precise tip for the perfect winged eyeliner look. Unleash your inner makeup artist! âœ¨
Jack sprat
@pat2422
Â·
10h
Replying to 
@Maybelline_CDN
 and 
@realKyleKeegan
OMG, how soon we forget. Trump said the wild fires were caused by not raking the leaves and not topping the trees. Yes, those very words were repeated by my scammer in western KY
Pilot
@purdyme123
Â·
10h
Maybelline York Expert Eyeshadow Dusty - Maybelline - https://tinyurl.com/2gmvoeta
#Beauty #bestmakeup #body #cosmetics #goodmakeup #Makeup #SkinCare #stayhome
",,
,"Maybelline Captivated Super Stay Vinyl Ink Liquid Lipcolor Review & Swatches https://ift.tt/JQYOBl2
TheRustyNail
@TheRustyNail10
Â·
10h
Check out Maybelline New York Lash Sensational Curvitude Mascara 0.33 FL OZ #730 Makeup #makeup #makeupartist #prom #wedding #ebayfinds #eBay https://bit.ly/42XIwbP via 
@eBay
ebay.com
Maybelline New York Lash Sensational Curvitude Mascara 0.33 FL OZ #730 Makeup
Find many great new & used options and get the best deals for Maybelline New York Lash Sensational Curvitude Mascara 0.33 FL OZ #730 Makeup at the best online prices at eBay! Free shipping for many...
TheRustyNail
@TheRustyNail10
Â·
10h
Check out 2 Maybelline New York Color Sensational Vivid Matte Liquid Lipstick LOT #2 #39 #prom #wedding #makeup #makeupartist #ebayfinds #eBay https://bit.ly/3OD370C via 
@eBay
ebay.com
2 Maybelline New York Color Sensational Vivid Matte Liquid Lipstick LOT #2 #39
Find many great new & used options and get the best deals for 2 Maybelline New York Color Sensational Vivid Matte Liquid Lipstick LOT #2 #39 at the best online prices at eBay! Free shipping for many...
",,
,"Some of you Desi guys look like you have sultry eyes when in reality you sportin that surma. Maybe he's born with it..No bitch it's Maybelline (More like Hashmi).
ğŸ˜‚ğŸ˜‚ğŸ˜‚
Joe Jay
@JoeJay58639086
Â·
10h
Replying to 
@IndepenentMr
Maybelline needs a better spokesperson.
princess & the pauper barbie
@mslucianoo
Â·
11h
Am I the only person that hates the maybelline rewind concealer?? It does absolutely nothing for me",,
,"Maybelline gloss
Quote Tweet
14brass
@14brass
Â·
11h
LÃ¼ksleriniz neler?
Nick of Time
@CloneInMissouri
Â·
11h
Replying to 
@awk_ashleigh
Maybe sheâ€™s born with it. 
Maybe itâ€™s Maybelline.
dumdi
@snuyheat
Â·
11h
Replying to 
@trsrminnie
maybelline or the Â£1 primark one work for me",,
,"maybelline lifter glossun ustune tanimam
Darth Verdad ğŸ”œ MCM ComicCon
@yourstrulyCee
Â·
12h
Replying to 
@mikeeimnida
Tiene gle lip oil el maybelline?
juanito ğŸ’­
@dojaculo
Â·
12h
Replying to 
@LlKEMJDR
omg she's doing a makeup collab with maybelline ???
Pilot
@purdyme123
Â·
12h
Maybelline New York Pigments Improper - Maybelline - https://tinyurl.com/2kty4gjp
#Beauty #bestmakeup #body #cosmetics #goodmakeup #Makeup #SkinCare #stayhome
",,
,"Maybelline Captivated Super Stay Vinyl Ink Liquid Lipcolor Review & Swatches https://ift.tt/f0ivz74 

Captivated

    Maybelline Captivated Super Stay Vinyl Ink Liquid Lipcolor ($12.99 for 0.14 oz.) is a light-medium peach with warm, more orange-leaning undertones paired with â€¦
temptalia.com
Maybelline Captivated Super Stay Vinyl Ink Liquid Lipcolor Review & Swatches
Maybelline Captivated Super Stay Vinyl Ink Liquid Lipcolor ($12.99 for 0.14 oz.) is a light-medium peach with warm, more orange-leaning undertones paired w
mayelieğŸ’•
@mayelie1
Â·
12h
Be real. Take your maybelline off
Makeup & Skincare Cosmetics
@MakeupSkinCos
Â·
12h
Maybelline Super Stay 24, 2-Step Liquid Lipstick Makeup, Long Lasting Highly Pigmented Color with Moisturizing Balm, Blush On, Pink, 1 Count
",,
,"maybelline supperstay matte ink, trs ak kasi liptint somethinc
Chris Lilley
@Frostinthepines
Â·
13h
Replying to 
@thescottbarber
 and 
@Elohim_Gadol
Maybe it's Maybelline?
tiffany
@blankharlequin
Â·
13h
Replying to 
@bimbopilled
been true to my maybelline fit me foundation & anastasia brows since 2016 ğŸ’ªğŸ’ª only shit that works fr
julieta :)
@julietarosso_
Â·
13h
Replying to 
@saraduarte03
el gloss de maybelline, en farmacityyyy",,
,"Maybe itâ€™s maybelline
Pilot
@purdyme123
Â·
13h
Maybelline Master Strobing Illuminating Highlighter - Maybelline - https://tinyurl.com/2l3vratp
#Beauty #bestmakeup #body #cosmetics #goodmakeup #Makeup #SkinCare #stayhome
Ashltron
@Ashltron
Â·
13h
Replying to 
@sonicgott
Here you go! Found little Mr. Froggy chillâ€™n here at my back door.
And meet my kitties! Sootie, Maybelline & Kittums.",,
,"iâ€™m using maybelline sky high ( a black package) and i love it
Paul Brian
@paulrbrian
Â·
13h
Replying to 
@zriboua
 and 
@scotthraines
Maybe he's born with it, maybe it's Maybelline
RockMusicAssociation
@RockMusicAssoc
Â·
13h
In The Rock 5/21/1955: Chuck Berry records â€œMaybellineâ€, his first BIG hit. #ChuckBerry #Rock55 #RockHonorRoll
",,
,"
Professional Connoisseur of Top-shelf Time Desks
@sexyspoonie
Â·
13h
Replying to 
@LasciviousFox
 
@fotc
 and 
@fotc_fans
maybe I'm born with it, maybe it's Maybelline.

no, I was definitely born with it.
Sebut Saja Mawar
@shopee_serbi
Â·
14h
Replying to 
@ohmybeautybank
lip cream Maybelline shade seductress ,
lip tint implora + ravelline,
lip cream wardah
Hans - J. Vogl no Dms
@vogl_hans
Â·
14h
Replying to 
@OldSalvageRock
 
@businesdan
 and 18 others
Followed the ones I didn't before, best from Germany,  thy for adding me,  y'all have a great Sunday
",,
,"Replying to 
@MyAlteredEgo
 
@dom_lucre
 and 
@KurtSchlichter
Digital retouching is makeup applied after the shot. It's done for the exact same reasons Maybelline and Estee Lauder are applied.
Annah w an â€œhâ€
@annahwasnothere
Â·
14h
Replying to 
@quazzle_
Maybe itâ€™s maybelline
Temptalia
@temptalia
Â·
14h
New on the blog -- Maybelline Captivated Super Stay Vinyl Ink Liquid Lipcolor Review & Swatches -- Read now:  https://temptalia.com/maybelline-captivated-super-stay-vinyl-ink-liquid-lipcolor-review-swatches/
",,
,"ve had the falsies mascara on and people have told me they thought I had false lashes ğŸ‘ï¸
JayKay
@jaykay_iii
Â·
14h
Replying to 
@kyrtuck
 
@agahimer44
 and 5 others
Pretending???

Better question is why do hate someone you've never watched but hate because others have told you to do so.

Tucker at first on Fox sounded very moderate.  But he has been attacked and shifted to the right.  You're hating for Tucker is just like some hating CNN.
kalodikatain
@berdoaaja
Â·
14h
Replying to 
@ohmybeautybank
Maybelline vinyl ink",,
,,,
,,,
,,,
,"Good morning Tristian, I hope you're feeling well.
DanB ğŸŒŠ ğŸŒŠ ğŸŒŠ ğŸŒŠğŸ’™
@businesdan
Â·
14h
Replying to 
@OldSalvageRock
 
@MUAtherapy
 and 18 others
Thanks Tristian
Pilot
@purdyme123
Â·
14h
Maybelline Color Sensational Lipstick 2 pack - Maybelline - https://tinyurl.com/2ncju5m3
#Beauty #bestmakeup #body #cosmetics #goodmakeup #Makeup #SkinCare #stayhome
",,
,"Rare Beauty Liquid Touch Weightless Foundation and Maybelline Fit Me Fresh Tint! Dry and sensitive skin friendly.
yus
@ode2hwa
Â·
14h
my maybelline concealer used to be Â£6.99 and now itâ€™s Â£10 ?????? i feel so sick .
Patricia
@guessweredone
Â·
15h
oh I've also been experimenting with tightlining using a Clio waterproof gel pencil and it's not bad (though in this case there's not much difference between it and a Maybelline/Rimmel/etc. one)",,
,"Right, Episode 7 definitely wasn't a beat for beat remake of the original film. ğŸ˜
Alexander R
@_Alexander_R__
Â·
15h
Replying to 
@MikeSington
 and 
@Maybelline_CDN
This should be posted in advertisements in major newspapers in each country (UK, Germany, etc)  so tourists are forewarned also. 

Pressure is needed by casting light on this.
Kyle Robert Tuckey
@kyrtuck
Â·
15h
Replying to 
@JohnnyKilroy423
 
@jordanbpeterson
 and 4 others
Yes, very much so.",,
,"
HondaCivicDuty
@THEamberadams
Â·
15h
Replying to 
@ChiThukral
 and 
@Maybelline
Youâ€™re soaking in it! 

*Iâ€™m really old so I think of this one too ğŸ¥´
Johnny Kilroy
@JohnnyKilroy423
Â·
15h
Replying to 
@kyrtuck
 
@jordanbpeterson
 and 4 others
You mean like how Luke didn't know his parents?

ğŸ˜
Kyle Robert Tuckey
@kyrtuck
Â·
15h
Replying to 
@JohnnyKilroy423
 
@jordanbpeterson
 and 4 others
There's other nuances like Anakin hiding his secret marriage.  Ashoka learning from mistakes.  Rey feeling lost and damaged from being left behind by her parents.
",,
,"Okay well then since you're the expert, and you're definitely not ""woke""... tell us what a woman is then. ğŸ‘
Heather WalkerğŸ¿
@hw_heather_
Â·
15h
Replying to 
@JennaStone_gdr
Maybelline sky high
Kyle Robert Tuckey
@kyrtuck
Â·
15h
Replying to 
@JohnnyKilroy423
 
@jordanbpeterson
 and 4 others
Okay shallow Hal.
Kyle Robert Tuckey
@kyrtuck
Â·
15h
Replying to 
@JohnnyKilroy423
 
@jordanbpeterson
 and 4 others
You think women are breeding sows and domestic servants who must never have jobs or positions of power.  Gotcha.
Johnny Kilroy
@JohnnyKilroy423
Â·
15h
Replying to 
@JohnnyKilroy423
 
@kyrtuck
 and 5 others
Every jedi character seems to have the exact same struggle. 

""Will they / won't they join the dark side.""

:: beats bad guy using lightsaber ::",,
,"Well I don't read the comics or play videogames, so I can't provide an expert opinion. But from what I've seen, yes every jedi hero created after Luke has been little more than a pale imitation.

That goes for Mary Sue Skywalker. ğŸ‘
annie sinatra
@annieanpanpan
Â·
15h
Wait. Fuck. I deadass think it was maybelline great lash I ainâ€™t even gonna lie bc Iâ€™m pretty sure I used all the same makeup products from age 12 until I was 20â€¦â€¦â€¦â€¦ maybe weâ€™ve all been sleeping on her lately maybe she deserves a revisitâ€¦â€¦â€¦.
Show this thread
Johnny Kilroy
@JohnnyKilroy423
Â·
15h
Replying to 
@kyrtuck
 
@jordanbpeterson
 and 4 others
Impossible.

I can tell you what the difference is between a man and a woman. ğŸ‘
Kyle Robert Tuckey
@kyrtuck
Â·
15h
Replying to 
@JohnnyKilroy423
 
@jordanbpeterson
 and 4 others
So you're saying Luke is interchangeable with every other Jedi that ever existed?
Grim Flandango
@capntripps
Â·
15h
Maybe itâ€™s the way she expertly separates the skin from your muscles.

Maybe itâ€™s Maybelline.
Kyle Robert Tuckey
@kyrtuck
Â·
15h
Replying to 
@JohnnyKilroy423
 
@jordanbpeterson
 and 4 others
Then you just called yourself woke. ğŸ¤¡
",,
,"Being woke encompasses all of those things. ğŸ‘
Johnny Kilroy
@JohnnyKilroy423
Â·
15h
Replying to 
@kyrtuck
 
@jordanbpeterson
 and 4 others
Luke isn't defined by a costume, but yes he absolutely IS defined by his jedi powers and abilities. Remove that element and he's just another person in the galaxy. 

Darth Vader on the other hand, absolutely IS defined by his costume and his visual element.
Kyle Robert Tuckey
@kyrtuck
Â·
15h
Replying to 
@JohnnyKilroy423
 
@jordanbpeterson
 and 4 others
So according to your logic, because Luke Skywalker was birthed in film, a visual media, the only thing that matters is his blond hair and lightsaber and not his character development or struggles.
ğ“˜ ğŸŒ™
@xagueroisabelx
Â·
15h
el sky high d maybelline y el power stay de avon ğŸ˜ğŸ˜ğŸ˜ğŸ˜
Auntie CC ğŸŒ»ğŸŒ»ğŸŒ»ğŸŒ»
@ConitaChicanita
Â·
15h
Replying to 
@Spawn_03
 and 
@Maybelline_CDN
Is that real?!?
",,
,"Okay well operating under this same logic, you're just another delusional woke cultist. ğŸ‘
Johnny Kilroy
@JohnnyKilroy423
Â·
15h
Replying to 
@kyrtuck
 
@jordanbpeterson
 and 4 others
Sherlock Holmes wasn't birthed in visual comics, because the visual element was not essential to his character.
Kyle Robert Tuckey
@kyrtuck
Â·
15h
Replying to 
@JohnnyKilroy423
 
@jordanbpeterson
 and 4 others
I called you stupid, ignorant and shallow because you acted that way.

If you think that's the worst form of name calling then I should label you oversensitive as well.
á¥«á­¡ â€” nadia â€¢ 184 ct proofs pinned ğŸ€!
@fa1rynadia
Â·
15h
Replying to 
@millieee_cx
i use rimmel london, but ive heard maybelline, telescopic or maybe essence might be good
Kyle Robert Tuckey
@kyrtuck
Â·
15h
Replying to 
@JohnnyKilroy423
 
@jordanbpeterson
 and 4 others
Why not?

If I can care about Sherlock Holmes then why not Bruce Wayne?
lemon
@ItsLemonaid3
Â·
15h
Replying to 
@PlsticManifesto
 
@whatsgngonhere
 and 5 others
We should also cut a bunch of other spending that doesnâ€™t directly benefit American citizens.
/DF - Baca Likes teratas untuk kirim menfess
@discountfess
Â·
15h
Automated
/df ada promoan Maybelline vynil ink ga guysss?",,
,"
Kyle Robert Tuckey
@kyrtuck
Â·
16h
Replying to 
@JohnnyKilroy423
 
@jordanbpeterson
 and 4 others
1939 Batman didn't quite know what he wanted to be.  It happens a lot.

All superheroes fight crime.

So you're saying the only thing that matters is that Batman dresses like a Bat.  Because appearance is the only thing that matters to you.
Johnny Kilroy
@JohnnyKilroy423
Â·
16h
Replying to 
@kyrtuck
 
@jordanbpeterson
 and 4 others
I haven't thrown a fit at all. I haven't called you any names and I've been calm and collected this entire time. 

You're the one who's throwing a fit and getting upset. Again this is a telltale sign that you are losing the argument. ğŸ‘
Michael G
@gendersisafact
Â·
16h
Replying to 
@RealBrysonGray
Just saw was good. Thats true, with Dillon and the maybelline.  Woman dom5 stand on issues. That's why need men to lead. And the feminism movement did help push the lgbtq.  And unless get a real Christian in. Won't change.  Sure,  a republican might make economy better. That'sâ€¦
Erin â¤ï¸â€ğŸ©¹ ğŸŒŠ. ğŸš«NO DMSğŸš«
@MUAtherapy
Â·
16h
Replying to 
@OldSalvageRock
 
@businesdan
 and 18 others
Thank you for the shoutout and new friends ğŸ’™ğŸ’¯
Johnny Kilroy
@JohnnyKilroy423
Â·
16h
Replying to 
@kyrtuck
 
@jordanbpeterson
 and 4 others
That is beside the point. It encompasses comics, movies and other mediums. He is seen killing criminals in his very first iterations back in 1939.

The only thing about Batman that stays the same no matter what is that he's dressed like a bat and fights crime.
Johnny Kilroy
@JohnnyKilroy423
Â·
16h
Replying to 
@kyrtuck
 
@jordanbpeterson
 and 4 others
You're not helping your argument here.

All you're proving is that Kamala Khan is a superfluous, nothing character that exists solely to be a token minority and check boxes.
Kyle Robert Tuckey
@kyrtuck
Â·
16h
Replying to 
@JohnnyKilroy423
 
@jordanbpeterson
 and 4 others
The versions where he's killed people are generally considered badly written.
Kyle Robert Tuckey
@kyrtuck
Â·
16h
Replying to 
@JohnnyKilroy423
 
@jordanbpeterson
 and 4 others
There's been 3 other characters who had the Ms. Marvel name previously.

Just like theres been multiple Captain Marvels and Multiple Antmans and Multiple Robins.
Johnny Kilroy
@JohnnyKilroy423
Â·
16h
Replying to 
@kyrtuck
 
@jordanbpeterson
 and 4 others
I never said that super powers were exclusive to super heroes. I said that it was super powers and funny costumes that draws people to read superhero comics. ğŸ‘",,
,"Yes! And they think my shit be individuals. Girl, this is Better Than Sex set with Maybelline lmaoooo
Johnny Kilroy
@JohnnyKilroy423
Â·
16h
Replying to 
@kyrtuck
 
@jordanbpeterson
 and 4 others
Batman has killed his enemies in several different interpretations though, so clearly you're wrong.

That is clearly not a defining aspect of his character.
Kyle Robert Tuckey
@kyrtuck
Â·
16h
Replying to 
@JohnnyKilroy423
 
@jordanbpeterson
 and 4 others
And you can see superpowered people in manga and ancient mythology.  So no, superpowers are not exclusive to superheroes.
Kyle Robert Tuckey
@kyrtuck
Â·
16h
Replying to 
@JohnnyKilroy423
 
@jordanbpeterson
 and 4 others
Batman fights crime because his parents died, he refuses to kill because it would make him as bad as criminals, and there's a little family of allies he works with.

Your description of Batman could be mistaken for Deflator Mouse from the Tick.
Johnny Kilroy
@JohnnyKilroy423
Â·
16h
Replying to 
@kyrtuck
 
@jordanbpeterson
 and 4 others
The great characters are fully realized from their name all the way down to their costumes and their super powers. ğŸ‘

What does Ms. Marvel's name OR her costume tell you about her?
Johnny Kilroy
@JohnnyKilroy423
Â·
16h
Replying to 
@JohnnyKilroy423
 
@kyrtuck
 and 5 others
If it weren't for the costumes and the super powers, there would be no reason for superhero comics to exist. 

You can read about ""personalities"" in other mediums.
Kyle Robert Tuckey
@kyrtuck
Â·
16h
Replying to 
@JohnnyKilroy423
 
@jordanbpeterson
 and 4 others
No.

Ironman is a genius CEO in a battle suit, but if you just go by his name, one might assume his flesh is made of iron like Colossus.

Or one might assume Batman has wings and echlocation.

Or Spiderman has 8 legs.
Johnny Kilroy
@JohnnyKilroy423
Â·
16h
Replying to 
@kyrtuck
 
@jordanbpeterson
 and 4 others
Batman has been depicted as having several different personalities throughout his existence and there have been numerous interpretations. So I reject your argument that he is defined by his personality.

Batman, above all, is a guy that dresses like a bat and fights crime.
Kyle Robert Tuckey
@kyrtuck
Â·
16h
Replying to 
@JohnnyKilroy423
 
@jordanbpeterson
 and 4 others
That's because you don't pay attention to personalities because you're shallow and don't read comics.",,
,"
Johnny Kilroy
@JohnnyKilroy423
Â·
16h
Replying to 
@kyrtuck
 
@jordanbpeterson
 and 4 others
""Fangirl""
""Positive & bubbly""

These are what you consider to be her defining traits? THAT is enough to warrant being a feature character? Doesn't sound like there's really any meat on that bone.

The truth is her character was created for no other reason than ""representation"".
à«®ê’° à¾€à½² . . ê’±áƒ
@hyuckerss
Â·
17h
wts â€” want to sell !

â€¢ preloved maybelline superstay vinyl ink liquid lipstick
 
( shade 65 saucy I di sell karena warna kurang cocok I pemakaian baru sekali swatch )

ğŸ‘‰ğŸ» 90k, hb 132k ( dom bandung )

tags. pl make up lips lip
Kyle Robert Tuckey
@kyrtuck
Â·
17h
Replying to 
@JohnnyKilroy423
 
@jordanbpeterson
 and 4 others
Nope, just an idea in her conception.
Kyle Robert Tuckey
@kyrtuck
Â·
17h
Replying to 
@JohnnyKilroy423
 
@jordanbpeterson
 and 4 others
I already explained that.

Fan girl, good interactions with her friends and family.  Positive and bubbly while still earnest.
Kyle Robert Tuckey
@kyrtuck
Â·
17h
Replying to 
@JohnnyKilroy423
 
@jordanbpeterson
 and 4 others
It depends on the writer.

Some characters don't even have much of a supporting cast, like Punisher.
lemon
@ItsLemonaid3
Â·
17h
Replying to 
@NDIRE15
 
@whatsgngonhere
 and 5 others
Move along patty.
MATCHA æ¶ˆæ¨±è²
@RomanikaIra
Â·
17h
Replying to 
@RomanikaIra
 and 
@ohmybeautybank
10. Make Over Matte Lip cream (B03)
11. Pink Flash lip oil
12. Maybelline the falsies lash lift
13. Y.O.U lip tint (01)",,
,"
ğŸŒ¸
@jdgdamn
Â·
17h
sumpah worth itğŸ˜­ better than maybelline. cover habis dark circle.
lemon
@ItsLemonaid3
Â·
17h
Replying to 
@ItsLemonaid3
 
@whatsgngonhere
 and 6 others
Those counties pay less in taxes but itâ€™s a flat tax(something the left are against because â€œtax the richâ€) but their country doesnâ€™t spend billions funding all other countries in the world. You donâ€™t get to have saftey nets for Americans and still get to fund another countries
lemon
@ItsLemonaid3
Â·
17h
Replying to 
@whatsgngonhere
 
@NDIRE15
 and 5 others
Because Americans already pay 30% of their income to the governments whoms 30 trillion in debt and has a spending problem.
Shirlee Rogers***
@sjrogers1910
Â·
17h
Replying to 
@Loveistruth7
 
@ClownWorld_
 and 
@Maybelline
Nothing sends a louder message to young women than making a bio man Miss ""anything""...Sports, makeup etc etc.  It's like...women are thrown back 300 yrs when you were not equal....etc. They have to make a man a woman b/c women aren't good enough.
mikee âŠ¹â‚Š â‹† MSD/ATSDğŸ“Œ
@kkuragl0ss
Â·
18h
maybe its maybelline
Quote Tweet
chan likers incorporated â˜…
@infinitycastIe
Â·
May 21
maybe he's born with it  twitter.com/hanashamsters/â€¦
",,