Lewis,"Oh Lordy, this is apparently number 1 on Hub whatever that is. ",#deletehistory,\Announcement/The second Lum-chan collaboration package from ,The heart-throbbing cute design
jawdroppingofferz,45% Off:Veet Full Body Waxing Kit - 20 Strips - (Pack of 3)at ₹387 https://amzn.to/3Lov21o#Veet #waxing,Veet Full Body Waxing Kit for Sensitive Skin - 20 Strips (Pack of 3) | Cold Gel Wax Hair Removal...,"Get the salon-smooth skin and the freedom to wear any look, any time with Veet. Veet ready-to-use wax strips is the perfect solution when going to the salon is not an option. These DIY strips...",
overshopping.pk,"Get perfect trimming results with the Veet Sensitive Precision Pink Bikini Line Electric Trimmer, designed to cut in even the most delicate areas with precision. Its lightweight design and 1 AA battery make it ideal for on-the-go touchups!#hairtrimmer #bikinilinetrimmer #veet",Get mentored by Victor Ndekei on Veet,Product Designer with a passion for creating accessible and inclusive products.,
Airdop Astronaut,#Veet #Wax Strips(20 Strips)#hairremoval creamAt #discounted price*Shop Now!*https://extp.in/ZjmHYz,,,
#BQALM,"Baklat. Ma ba hoe perk pek mo. Salamat-po. Walang Anuman. Pero like… my milkshake, bring the boys. Next line. Do the yard. Next line. Do the hair. Don’t use Nair. Will beat. With V. PET. DEET. #DEET. #VEET #Depilatories. DM, four more… Really easy. I got home. Arigato.",,,
Victor Ndekei,I'm now mentoring on Veet ! Amazing platform built by @godofproducts and his friends!So cool to see africans building amazing products. Let's gooooo! #mentorship #veet #africa #product,,,
jawdroppingofferz,45% Off:,,,
Christie T PhD,45% Off:Veet Full Body Waxing Kit - 20 Strips - (Pack of 3)at ₹387 https://amzn.to/3Lov21o#Veet #waxing,Veet Full Body Waxing Kit for Sensitive Skin - 20 Strips (Pack of 3) | Cold Gel Wax Hair Removal...,"Get the salon-smooth skin and the freedom to wear any look, any time with Veet. Veet ready-to-use wax strips is the perfect solution when going to the salon is not an option. These DIY strips...",
Snow Man Thailand,"Get perfect trimming results with the Veet Sensitive Precision Pink Bikini Line Electric Trimmer, designed to cut in even the most delicate areas with precision. Its lightweight design and 1 AA battery make it ideal for on-the-go touchups!#hairtrimmer #bikinilinetrimmer #veet",Get mentored by Victor Ndekei on Veet,Product Designer with a passion for creating accessible and inclusive products.,
#BQALM,#Veet #Wax Strips(20 Strips)#hairremoval creamAt #discounted price*Shop Now!*https://extp.in/ZjmHYz,Sign up for my FREE real estate training now!,,
Pharmily,"Baklat. Ma ba hoe perk pek mo. Salamat-po. Walang Anuman. Pero like… my milkshake, bring the boys. Next line. Do the yard. Next line. Do the hair. Don’t use Nair. Will beat. With V. PET. DEET. #DEET. #VEET #Depilatories. DM, four more… Really easy. I got home. Arigato.",,,
Augustine is hosting a Free UI/UX Class,,,,
Ms.ChynaChy Desion,Say yes to leg days with Veet hair removal Cream!Place an order at http://pharmily.co.ke.#pharmily #pharmilyke #veet #veetkenya #hair,,,
Malibu Pharmacy,We're working on improving the booking flow for our mentors on @joinveet and want your feedback! We've created two different designs for it and we'd love to hear which one you prefer.A or BLet us know in the comments below! #Veet #Mentorship #CareerGrowth #tech,,,
Veet India,Replying to @Cr3m3D3LaCrop,,,
Veet India,"The best thing about cold waxing is that it offers the same results as hot waxing, minus the discomfort, mess, and loss of time. Available for different skin types.Call or WhatsApp us on 0791747474 to place your orders. We deliver countrywide.#Veet #waxing #malibupharmacy",,,
Veet India,"Why put up with all that hassle when hair removal can be so much simpler? Try Veet Cold Wax Strips that remove the shortest of hair in 3 simple steps, just peel, apply, and pull #VeetPure #ChooseVeetPure #NextBigThing #Veet #VeetIndia #HairRemoval #SafeHairRemoval",,,
Ejiro - ,"Hair removal doesn’t have to be a painful routine! With natural extracts like cucumber, aloe-vera, and grape-seed oil Veet Pure makes hair removal gentle & simply great!#VeetPure #ChooseVeetPure #NextBigThing #Veet #VeetIndia #HairRemoval #SafeHairRemoval #Ingredients #NewVeet",Veet Immac Ready To Use Wax Strips,Free up your beauty routine and enjoy a simple solution to smooth skin,
Veet India,"#Veet Wax Strips for Legs & #Body, Normal, 20s :",,,
Ejiro - ,"It’s to self: Never, never use Veet again on a certain area! #itburns #veet #burn #fire #arrrrggghh",Veet Hair Removal Cream Sensitive Skin with Aloe Vera & Vitamin E (100ml),"Put nasty rashes and stubble behind you. Now you can help avoid embarrassing lumps and bumps with Veet sensitive skin hair removal cream. Simply apply our silky moisturising formula onto your skin,...",
Cureka Social,"#Veet Pure Inspirations #Hair Removal Cream for #Sensitive Skin, for #Legs and Body, 100ml:",Planning Your Outdoor Kitchen Is As Easy As 1-2-3,,
Amazing Grey,"Smooth, glowing, and moisturized for holi party sounds great!#Holi #Holi2023 #HappyHoli #VeetPure #ChooseVeetPure #NextBigThing #Veet #VeetIndia #HairRemoval #SafeHairRemoval #Ingredients #NewVeet #Fragrance",,,
Veet India,,Strategy game Call of War simulates alternative-historic scenarios,,
Broadcast Republic,Seriously someone better appreciate this!#Veet #contortion #SydneyWorldPride,"Veet Hair Removal Cream for Men, Sensitive Skin, 50g Each (Pack of 3)","Whether you want to impress your partner/date or flaunt a clean look at the gym or pool, Veet Men hair removal creams help you up your grooming game. You can now remove unwanted body hair without the...",
Dealzie,Sajal Aly has come in a partnership with veet pakistan and has started a new beginning with veet family.#BroadcastNews #SajalAly #Veet #Partnership #Pakistan #JustVeetIt #HameshaReady #TereBin #PSLAnthem #HBLPSL8 #LakkiMarwatRead More: http://Broadcastrepublic.com,,,
canadianbestseller.com,#sajalaly just #Veet it,,,
Lisa Kutentha,"Veet Hair Removal Cream For Men, Sensitive Skin, 50G Each (Pack Of 3)Offer Price: ₹223/-MRP: ₹405/-Discount: 182 (45%)Link: https://amzn.to/3HBGbdk#Veet #HairRemovalCreams",,,
,,Veet Hair Removal Cream Sensitive Skin with Aloe Vera & Vitamin E (100ml),"Put nasty rashes and stubble behind you. Now you can help avoid embarrassing lumps and bumps with Veet sensitive skin hair removal cream. Simply apply our silky moisturising formula onto your skin,...",
arturs greiskans,"C$23.71 - #FreeShipping | Start buying in best pricesVeet Easy-Gel, Wax Strips for Body & Legs #Veet ?? https://canadianbestseller.com/?p=1933311 #sharious#canadianbestseller#canada #usa #product #821231#Body#EasyGel#Finish#Perfect#Skin#Strips .",Veet Immac Ready To Use Wax Strips,Free up your beauty routine and enjoy a simple solution to smooth skin,
,,The Dr.Seuss Experience! - Get Your Tickets!,,
,"#Veet Wax Strips for Legs & #Body, Normal, 20s :",Strategy game Call of War simulates alternative-historic scenarios,"Put nasty rashes and stubble behind you. Now you can help avoid embarrassing lumps and bumps with Veet sensitive skin hair removal cream. Simply apply our silky moisturising formula onto your skin,...",
Tango,Replying to @_sabanaqvi,,,
JB23,Replying to @priyankac19,,,
,,The Dr.Seuss Experience! - Get Your Tickets!,,
,\Announcement/The second Lum-chan collaboration package from ,170,"Get the salon-smooth skin and the freedom to wear any look, any time with Veet. Veet ready-to-use wax strips is the perfect solution when going to the salon is not an option. These DIY strips...",
,"With these maps, we can now better understand things that were previously difficult to comprehend.",,,
,45% Off:,,,
,Get perfect trimming results with the ,,,
,Is this drama month? Maybe tmi. In winter I can't be bothered shaving my legs. Now it's sunny and I decided to use ,,,
Victor Ndekei,YouTube ,ヴィート(Veet)@Veet_Japan·May 9,Product Designer with a passion for creating accessible and inclusive products.,
,#Veet,\Announcement/The second Lum-chan collaboration package from Veet Japan PURE in-shower Hair Removal Cream for Sensitive SkinThe heart-throbbing cute designPlease check it out @ drug stores in Japan #veet #lumuchan #uruseishiyatsura #collaborationpackage,,
,I'm now mentoring on ,Quote Tweetヴィート(Veet)@Veet_Japan·May 8\お知らせ/Veetのラムちゃんコラボレーションパッケージ第2弾PURE バスタイム除毛クリーム敏感肌用で登場ですラムちゃんのイラストを中心とした心ときめくかわいいデザインぜひ店頭でチェックしてみてくださいね#veet #ヴィート #ラムちゃん #うる星やつら #コラボパッケージ,,
,"Baklat. Ma ba hoe perk pek mo. Salamat-po. Walang Anuman. Pero like… my milkshake, bring the boys. Next line. Do the yard. Next line. Do the hair. Don’t use Nair. Will beat. With V. PET. DEET. ",11313.8K,,
,,Airdop Astronaut@Airdrop_Astront·Apr 19,,
,,#Veet #Wax Strips(20 Strips)#hairremoval creamAt #discounted price*Shop Now!*https://extp.in/ZjmHYz,,
,,33,,
Augustine is hosting a Free UI/UX Class,"A great addition to your garden_Garden Art-bird!When the wind hits it begins to rock, and when it does, the wings slowly flap up and down as if the eagle were in flight.",Christie T PhD@CTPsychResearch·Apr 29,,
,Say yes to leg days with ,Is this drama month? Maybe tmi. In winter I can't be bothered shaving my legs. Now it's sunny and I decided to use #veet rather than kill a razor. Started using larger amounts of it and GLASS or thin PLASTIC comes out too. Been using veet for 35+ years never had an issue,,
,We're working on improving the booking flow for our mentors on ,,,
,"The best thing about cold waxing is that it offers the same results as hot waxing, minus the discomfort, mess, and loss of time. Available for different skin types.Call or WhatsApp us on 0791747474 to place your orders. We deliver countrywide.",43544,,
,,Pharmily@PharmilyKE·Apr 14,,
,,Say yes to leg days with Veet hair removal Cream!Place an order at http://pharmily.co.ke.#pharmily #pharmilyke #veet #veetkenya #hair,,
,,93,,
Veet India,Why put up with all that hassle when hair removal can be so much simpler? Try ,#BQALM@BQALM_HQ·Apr 16,,
,No red flags were found here ;),"Baklat. Ma ba hoe perk pek mo. Salamat-po. Walang Anuman. Pero like… my milkshake, bring the boys. Next line. Do the yard. Next line. Do the hair. Don’t use Nair. Will beat. With V. PET. DEET. #DEET. #VEET #Depilatories. DM, four more… Really easy. I got home. Arigato.",,
,"Hair removal doesn’t have to be a painful routine! With natural extracts like cucumber, aloe-vera, and grape-seed oil ","Quote Tweet#BQALM@BQALM_HQ·Apr 16Watching the days go by. Lately. Baby I am on my knees. Praying God help me please. Bring my Bailey back, right back to me. If loving you is wrong number and I don’t wanna go right, so I drown myself in tears, sitting here, seeing another sad, love song. Lately, I’ve been watchinShow this thread",,
,,48,,
,,Veet India@VeetIndia·Mar 30,,
,,"Why put up with all that hassle when hair removal can be so much simpler? Try Veet Cold Wax Strips that remove the shortest of hair in 3 simple steps, just peel, apply, and pull #VeetPure #ChooseVeetPure #NextBigThing #Veet #VeetIndia #HairRemoval #SafeHairRemoval",,
,,174,,
Ejiro - ,Gravity Forms Feature Enhancement Add-Ons: A BreakdownLearn how the Feature Enhancement Add-Ons in the Gravity Forms Elite license can help you build better forms and automate key processes.,Augustine is hosting a Free UI/UX Class@godofproducts·Apr 10,,
,Are you ready to unlock your full potential in the tech industry? ,We're working on improving the booking flow for our mentors on @joinveet and want your feedback! We've created two different designs for it and we'd love to hear which one you prefer.A or BLet us know in the comments below! #Veet #Mentorship #CareerGrowth #tech,,
,Veet,,,
,,"94243,038",,
Veet India,0:00 / 0:11,Veet India@VeetIndia·Mar 29,Free up your beauty routine and enjoy a simple solution to smooth skin,
,#Veet,No red flags were found here ;)#VeetPure #ChooseVeetPure #NextBigThing #Veet #VeetIndia #HairRemoval #SafeHairRemoval #Ingredients #NewVeet #Fragrance,,
,"It’s to self: Never, never use ",,,
,"You know, you smile more when you have smooth skin ",113,,
,Are you ready to unlock your full potential in the tech industry?,Mark Haxby@thehax78·Mar 20,,
,,"It’s to self: Never, never use Veet again on a certain area! #itburns #veet #burn #fire #arrrrggghh",,
,,1158,,
Xendo Shop,"With these maps, we can now better understand things that were previously difficult to comprehend.",Ejiro - @ejirocodes·Mar 26,"Put nasty rashes and stubble behind you. Now you can help avoid embarrassing lumps and bumps with Veet sensitive skin hair removal cream. Simply apply our silky moisturising formula onto your skin,...",
,Sensitive Touch Hair Trimmer,Are you ready to unlock your full potential in the tech industry? Veet @joinveet is here to guide you every step of the way. Join our community of mentors and mentees today and take your career to the next level! Get started here: http://joinveet.com#veet #joinveet,,
,#Veet,read image descriptionALT,,
,,420890,,
Amazing Grey,Get silky smooth skin with Gloss Hair Removal Cream.Buy Now: ,Ejiro - @ejirocodes·Mar 18,,
,Self-love makes your skin glow like nothing else!,Are you ready to unlock your full potential in the tech industry?Veet is here to guide you every step of the way. Join our community of mentors and mentees today and take your career to the next level!Get started here: https://joinveet.comCC: @joinveet #mentorship #Veet,,
,On ,,,
,"Smooth, glowing, and moisturized for holi party sounds great!","5161,865",,
,"Thank You For Teaching Me, Dad",Veet India@VeetIndia·Mar 8,,
,,Self-love makes your skin glow like nothing else!#InternationalWomensDay #WomensDay #IWD2023 #VeetPure #ChooseVeetPure #NextBigThing #Veet #VeetIndia #HairRemoval #SafeHairRemoval #Ingredients #NewVeet #Fragrance,,
,,124,,
Amazing Grey,Hey ,guzin vasa@Pharma1212a·Mar 15,,
,Veet,"#Veet Pure Inspirations #Hair Removal Cream for #Sensitive Skin, for #Legs and Body, 100ml:",,
,"Continuing on with a bit of Sunday fun, the Amazon review is epic ","amazon.comVeet Hair Removal Cream Sensitive Skin with Aloe Vera & Vitamin E (100ml)Put nasty rashes and stubble behind you. Now you can help avoid embarrassing lumps and bumps with Veet sensitive skin hair removal cream. Simply apply our silky moisturising formula onto your skin,...",,
,"Life’s hectic anyway, hair removal shouldn’t be ;) Try the all new ",34,,
,Seriously someone better appreciate this!,,,
Broadcast Republic,Video created through Ai Tools.1. ChatGPT2.Canva3. ,Fiya@Fariha_Nazir·Feb 9,"Whether you want to impress your partner/date or flaunt a clean look at the gym or pool, Veet Men hair removal creams help you up your grooming game. You can now remove unwanted body hair without the...",
,Sajal Aly has come in a partnership with ,Video created through Ai Tools.1. ChatGPT2.Canva3. http://veet.iohttps://youtube.com/shorts/EFbpYC5m__U?feature=share…#ChatGPT #AI #aitool #CanvaPro #veet #io #artifically,,
,"Brand New Release: Conversational Forms Add-On Beta 4Our new Conversational Forms Add-On is quick and easy to set up, involves no code, and gives you numerous options over the look and feel of your forms.",youtube.comClever Boy Story In English | Kids Story In English | Story Time...Storyopolis's new kid's story in English is about Jimmy. He is a very clever boy who lived in Town which his intelligence he saved the town.This Video is spe...,,
,Veet,63,,
,#sajalaly,,,
Lisa Kutentha,0:05 / 0:10,Veet India@VeetIndia·Feb 22,,
,Late to the party but ,"Life’s hectic anyway, hair removal shouldn’t be ;) Try the all new Veet Pure with natural extracts to give you smooth, moisturized, and glowing skin #VeetPure #ChooseVeetPure #NextBigThing #Veet #VeetIndia #HairRemoval #SafeHairRemoval #Ingredients #NewVeet #Fragrance",,
,C$23.71 - ,0:05 / 0:10,,
,"With these maps, we can now better understand things that were previously difficult to comprehend.",147,,
,মেয়েদের ওয়াক্স এর দাম ,Sadia Noor@sajalaly_arab·Feb 2,,
,Ready to feel and look beautiful. ,#sajalaly just #Veet it,,
,,0:25,,
,,3319,,
canadianbestseller.com,C$23.71 - ,Dealzie@Dealzie_Deals·Feb 6,"Put nasty rashes and stubble behind you. Now you can help avoid embarrassing lumps and bumps with Veet sensitive skin hair removal cream. Simply apply our silky moisturising formula onto your skin,...",
,#Veet,"Veet Hair Removal Cream For Men, Sensitive Skin, 50G Each (Pack Of 3)Offer Price: ₹223/-MRP: ₹405/-Discount: 182 (45%)Link: https://amzn.to/3HBGbdk#Veet #HairRemovalCreams",Free up your beauty routine and enjoy a simple solution to smooth skin,
,#Veet,"amazon.inVeet Hair Removal Cream for Men, Sensitive Skin, 50g Each (Pack of 3)Whether you want to impress your partner/date or flaunt a clean look at the gym or pool, Veet Men hair removal creams help you up your grooming game. You can now remove unwanted body hair without the...",,
,#Veet,43,,
,Review of ,"Supermed@Supermedpk·Dec 20, 2022",,
,,Ready to feel and look beautiful. #supermed #Veet #hairremoval #onlinepharmacy,,
,,56,,
,You'll have a lot to think about next school year. Take the ACT in June and shorten your to-do list!,,"Put nasty rashes and stubble behind you. Now you can help avoid embarrassing lumps and bumps with Veet sensitive skin hair removal cream. Simply apply our silky moisturising formula onto your skin,...",
,The ,,,
,#Veet,,,
,Used the new (since I last used ,,,
JB23,If Aus win the World Cup I’ll get the Aaron Mooy haircut ,"KATRINA KAIF TELUGU@Katrinafan95·Nov 24, 2022",,
,Inka Onion Hair Oil ,You are the secret of my success. #KatrinaKaif #Veet,,
,"Tune in Sunday, May 21st for ",,,
,Why I decided 12:08 was a good of a time as any to get the ,822,,
,I just want someone to throw a balloon full of ,,,
,You are the secret of my success. ,,,
,Aloe-vera formulation to make your skin feel loved & cared for! Try the dermatologically tested ,,,
,"The gentle love & care from natural formulation of cucumber & sage, so that your skin feels moisturized! Try the dermatologically tested ",,,
Veet India,The love & care of Grapeseed oil formulation so that dry skin feels moisturized! Try the dermatologically tested ,,,
,Veet,,,
arturs greiskans,What happens when you try and ,"Veet India@VeetIndia·Nov 23, 2022",Free up your beauty routine and enjoy a simple solution to smooth skin,
,"Airline na howi, hair removing cream hogai....smooth as silk!",Aloe-vera formulation to make your skin feel loved & cared for! Try the dermatologically tested Veet Pure today!Did we tell you that our all new formula has an amazing fresh smell?#VeetPure #ChooseVeetPure #NextBigThing #Veet #VeetIndia #HairRemoval #SafeHairRemoval,"Jamesha Mubeen, who died in the car explosion in front of Sangameswarar temple in Coimbatore, had shaved his body before the mission, a practice by su",
,#Veet,,,
,Possible Reason: Modelling for ,1,,
,#Veet,"Amima Sayeed@AmSayeed·Nov 12, 2022",,
,Watch the new TVC of ,"Airline na howi, hair removing cream hogai....smooth as silk!#kuchbhi #choranbechna #giftofthegab #fail #veet @veetpakistan @thaiairways",,
,,instagram.comAmima Sayeed (@amimasayeed) • Instagram photo,,
,"With these maps, we can now better understand things that were previously difficult to comprehend.",929,Free up your beauty routine and enjoy a simple solution to smooth skin,
,Shruti H ,,,
theresaomolayo adeko,#Veet,"PeanutButterIsLife29@KristiGiff26·Oct 21, 2022",Free up your beauty routine and enjoy a simple solution to smooth skin,
,So good I had to share! Check out all the items I'm loving on ,So good I had to share! Check out all the items I'm loving on @Poshmarkapp from @brasskeybtq @ganglion355 #poshmark #fashion #style #shopmycloset #adelynrae #veet #carhartt: https://posh.mk/4gYSJ8o1Sqb,Free up your beauty routine and enjoy a simple solution to smooth skin,
,Veetgold Whitening Gluta White Rapid Oil Glowing Face Body Vit ABCD SPF15 1000ml#veetgold ,,,
Christie T PhD,Veet,45% Off:Veet Full Body Waxing Kit - 20 Strips - (Pack of 3)at ₹387 https://amzn.to/3Lov21o#Veet #waxing,40+ Of The Most Revealing Maps On The Internet,"Get the salon-smooth skin and the freedom to wear any look, any time with Veet. Veet ready-to-use wax strips is the perfect solution when going to the salon is not an option. These DIY strips..."
,,,Veet Full Body Waxing Kit for Sensitive Skin - 20 Strips (Pack of 3) | Cold Gel Wax Hair Removal...,
Snow Man Thailand,Veet,"Get perfect trimming results with the Veet Sensitive Precision Pink Bikini Line Electric Trimmer, designed to cut in even the most delicate areas with precision. Its lightweight design and 1 AA battery make it ideal for on-the-go touchups!#hairtrimmer #bikinilinetrimmer #veet",Get mentored by Victor Ndekei on Veet,Product Designer with a passion for creating accessible and inclusive products.
#BQALM,,#Veet #Wax Strips(20 Strips)#hairremoval creamAt #discounted price*Shop Now!*https://extp.in/ZjmHYz,,
,Veet,I'm now mentoring on Veet ! Amazing platform built by @godofproducts and his friends!So cool to see africans building amazing products. Let's gooooo! #mentorship #veet #africa #product,,
Pharmily,#DEET,"Baklat. Ma ba hoe perk pek mo. Salamat-po. Walang Anuman. Pero like… my milkshake, bring the boys. Next line. Do the yard. Next line. Do the hair. Don’t use Nair. Will beat. With V. PET. DEET. #DEET. #VEET #Depilatories. DM, four more… Really easy. I got home. Arigato.",,
Augustine is hosting a Free UI/UX Class,,,,
Ms.ChynaChy Desion,Veet,Say yes to leg days with Veet hair removal Cream!Place an order at http://pharmily.co.ke.#pharmily #pharmilyke #veet #veetkenya #hair,,
Veet India,,Replying to @Cr3m3D3LaCrop,Sign up for my FREE real estate training now!,
Intamarque Ltd,,,Veet Immac Ready To Use Wax Strips,Free up your beauty routine and enjoy a simple solution to smooth skin
Veet India,,"#Veet Wax Strips for Legs & #Body, Normal, 20s :",,
Ejiro - ,Veet,"It’s to self: Never, never use Veet again on a certain area! #itburns #veet #burn #fire #arrrrggghh",Veet Hair Removal Cream Sensitive Skin with Aloe Vera & Vitamin E (100ml),"Put nasty rashes and stubble behind you. Now you can help avoid embarrassing lumps and bumps with Veet sensitive skin hair removal cream. Simply apply our silky moisturising formula onto your skin,..."
Cureka Social,,"#Veet Pure Inspirations #Hair Removal Cream for #Sensitive Skin, for #Legs and Body, 100ml:",,
Veet India,,Replying to @Sharjeel0356 @AqsaMehboob11 and @kudinunachnede,,
Amazing Grey,,Get silky smooth skin with Gloss Hair Removal Cream.Buy Now: https://bit.ly/3T1DJlu#cureka #hair #hairremoval #haircream #veet #smoothskin #skincare #haircut #moisturizer #silkyskin #gloss #mumbai #bangalore #delhi,,
Veet India,#InternationalWomensDay,Self-love makes your skin glow like nothing else!#InternationalWomensDay #WomensDay #IWD2023 #VeetPure #ChooseVeetPure #NextBigThing #Veet #VeetIndia #HairRemoval #SafeHairRemoval #Ingredients #NewVeet #Fragrance,,