Metro Cosmetics,"Looking for the perfect Mother's Day gift?
A scented candle is always appreciated ü´∂

Not A Candle by Juliette Has A Gun is the perfect addition to any home ‚ú®

Shop online - https://bit.ly/3HvYJMD

#MetroCosmetics #JulietteHasAGun #NotACandle #HomeFragrance #Candles",,
Prestige Perfumes Houston,"Just In! Juliette Has A Gun best selling perfumes. Quantities are limited, visit our two Houston locations 

üìç5240 West 34th Street D 
     Houston, TX 77092

üìç11264 Fondren Road
     Houston, TX 77096

#prestigeperfumes #juliettehasagun  #juliettehasagunparfum",,
Mrs. Marvellous,Juliette has a gun PARFUMS*gifted @JulietteHasaGun #juliettehasagun #JulietteGangSHOP: https://us.juliettehasagun.com https://instagram.com/reel/CqRCxyFgF53/?igshid=YmMyMTA2M2Y=‚Ä¶,,
Ms.Malexa,Sunday Scent ~‚Ä¢‚Ä¢#Fashion #Beauty #JulietteHasAGun #MoscowMule #Woody #Citrus #Aromatic #Scent #Perfume #Fragrance #Sunday	Juliette Has a Gun and Mrs. Marvellous| Beauty in Los Angeles,,
OtherWise,It‚Äôs a Juliette kind of day. #perfume #fragrance #scent #style #juliettehasagun #sotd,,
,"
So Lippy EPSOM
'Lipstick Fever' by #juliettehasagun is a fruity floral #fragrance for women . 

Presented in a gradient red bottle, perfect for #ValentinesDay . 

Shop today at http://solippy.co.uk

#solippy #valentines #lipstick #love #beauty #onlineshopping #giftideas #shopsmallbusiness
Parfumerie Marie Antoinette
Accentuated with yellow, the color of confidence and optimism, Sunny Side Up is like a happy therapy that warms the skin. It is the perfect fragrance for #Easter. #fragrances #nicheperfume #sotd #JulietteHasaGun #women #luxury #gifts #shoplocal #SundanceSquare #DowntownFortWorth",,
"AJonesy8","I‚Äôm digging this one...I have a crazy deep love for fragrances.  I have only stuck with a few over the years that I will always purchase over and over without question.  Might add this one to the list. ü§ó
.
.
.
.
.
.
.
.
.
.
.
.
.
.
#juliettehasagun #‚Ä¶ https://ift.tt/2NbxBFU
Metro Cosmetics
¬∑
Discretion and simplicity are absolute signs of elegance.
Get a glimpse of it with Musc Invisible by Juliette Has A Gun ‚ú®
A dreamy and nostalgic smell of comfy notes, laying on a silky base of creamy musk ü§©
Shop now - https://bit.ly/40r50AP
#MetroCosmetics #JulietteHasAGun
",,
"GlamorX","@officialglamorx
This Weekend; Desire to fly high above the chaos

Live the peaceful serenity with this enticing deliciousness of #PearInc 

With the powdery earthy tantalizing and its stunning charismatic magnetism driven from the #JulietteHasAgun aromatic competency  

https://glamorx.com/products/cid_cologne-am-557533-lid_j-am-pid_80334m-products/365c436c-2c44-497f-84d4-9126ed5d9225
FranceVisiting
@francevisiting

https://francevisiting.com/index.php/2022/12/07/ego-stratis-juliette-has-a-gun/
#EgoStratis, the new #fragrance of 
@JulietteHasaGun
 offers a new #Cologne facet, with #citrus #ambroxan & #aquaticnotes, in an #androgynous #flask üåä #perfume #RomanoRicci #JulietteHasAGun #genderfluid #MyOrigines #Sephora #PerfumeReview #PerfumeOfTheDay
Juliette Has a Gun and 9 others

Lipstick Fever naturally focuses on the historic notes used in lipsticks : Iris, Violet absolute and Raspberry ü•∞‚ú®
A contemporary composition, gourmand, ultimately feminine üòò
Shop online - https://bit.ly/3x0SHOn
#MetroCosmetics #JulietteHasAGun
",,
"FragrantBodyOilz
","
Don‚Äôt ask who else has this...... exclusive release! Newest fragrance from #juliettehasagun #moscowmule you will love this one! 

Fragrance Family:
Eathy & Woody

Scent Type:
Citrus &‚Ä¶ https://instagram.com/p/BpBHJkdlXfw/?utm_source=ig_twitter_share&igshid=1cesswsz06qd
Metro Cosmetics
@Metrocosmetics
¬∑
Dec 2, 2022
From scented candles to hand creams, perfumes to diffusers and more, the ""NOT A"" collection by Juliette Has A Gun has something for everyone this festive season üéÑü§©
Shop the range in store or online now.
https://bit.ly/3OPf4yC
#MetroCosmetics #JulietteHasAGun
MichaelMITCHKnight
@mtchknght8
¬∑
May 23, 2018
One of my favourite parfume brands #JulietteHasAGun has produced a reasonably priced ""bullet"" atomiser 

(If you like Oud(I'm a little jaundiced by how ubiquitous-rendered common-it now is,but recommend their #MidnightOud,with rose)

CybeleSays  http://cybelesays.com/my_weblog/2014/06/juliette-has-a-gun-and-a-new-universal-atomizer-.html
",,
"Wee Products
","WeeProducts
¬∑
AMAZING DEAL #juliettehasagun #notaperfume #perfume #fragrance Juliette Has A Gun NOT A PERFUME  Eau de Parfum .057oz /1.7ml Boxed Sample https://ebay.com/ulk/itm/173750578404 ‚Å¶
@eBay
‚Å© ‚Å¶
@eBayDeals
‚Å© ‚Å¶
@AskeBay
‚Å©
Jenifer Deuel
@JeniferDeuel
¬∑
So good I had to share! Check out all the items I'm loving on 
@Poshmarkapp
 #poshmark #fashion #style #shopmycloset #underarmour #vesistar #juliettehasagun: https://posh.mk/LKVJez86amb
Marc Snyder
@MGSnyder12172
¬∑
So good I had to share! Check out all the items I'm loving on 
@Poshmarkapp
 from 
@geick_nikki
 #poshmark #fashion #style #shopmycloset #cottonemporium #peckpeck #juliettehasagun: https://posh.mk/EAN44OpoErb
",,
"Designer Fragrance Warehouse
","tdfwarehouse
¬∑
Oct 31, 2020
Tomorrow is finally #Halloween Ghost Nothing's stopping you from dressing up at home and having a little fun despite the quarantine! The right fragrance can set the spooky mood too. What's your Halloween costume and scent combo going to be this year? #juliettehasagun
melledelvalle
@melledelvalle
¬∑
Jun 25, 2021
It is not a busy day today but I am having the best day! Won a cool mixology book at work, my shoes are ready to be picked up and I received my perfume so I smell delicious. The weather outside is leading me to Starbucks at lunchtime. #Happiness #pearinc #juliettehasagun
Luz M Quiles
@Lucy62246270
¬∑
Mar 4
So good I had to share! Check out all the items I'm loving on 
@Poshmarkapp
 from 
@LQM_SALES
 #poshmark #fashion #style #shopmycloset #juliettehasagun #polobyralphlauren #timberland: https://posh.mk/YQxp1inXzxb
",,
"NicoleMGordon1","¬∑
May 8, 2018
Beauty Is OUR Addiction‚Ñ¢Ô∏è: Moscow Mule: The New Fragrance from Juliette has a... http://beautyisouraddiction.blogspot.com/2018/05/moscow-mule-new-fragrance-from-juliette.html?spref=tw 3moscowmule #juliettehasagun
DubaiBeautySpot
@dubaibeautyspot
¬∑
Apr 21, 2019
Juliette has a gun's New Vanilla Vibes Perfume, a hymn to Adventure and Freedom, now in the UAE

#vanillavibes  #juliettehasagun #juliettehasagunparfum #moscowmule  #fragrancehouse #pressevent #scents #juliette #nowinUAE #dubaibeautyspot

http://dubaibeautyspot.com/pr.asp?pr=432519471
Juliette Has a Gun
Maison des Parfums
@mdpindofficial
¬∑
Jun 5, 2018
Breaking News: Juliette Has A Gun is opening its first flagship store in Paris! Come and visit them: 2 Rue Des Francs-Bourgeois 75003. 

#NEWflagship #cafejuliette #MARAIS #juliettehasagun
",,
"HWEMPORIUM.COM
","
HWBelleFemmes
¬∑
Aug 19, 2018
#JulietteHasAGun #MAD MADAME by Juliette Has A Gun for Women Eau De Parfum Spray 3.3 Oz 2012 Fragrance 228590F574 ‚Äì #BUY NOW while supplies last, MAD MADAME by Juliette Has A Gun for Women Eau De Parfum Spray 3.3 Oz 2012 Fragrance. MAD MADAME was ... https://is.gd/YjzHKV #
Amusespot
@Amusespot1
¬∑
May 22, 2018
""The fragrance of a Lady for whom the art of seduction bares no secret. The expression of undeniable femininity, confident and divinely sensual.""

#juliettehasagun #amusespot  #lady #eaudeparfum
Olfactif
@artofperfume
¬∑
Jun 6, 2019
Ladies! Are you ready for sea salt + vanilla? These vibes are coming your way!

#olfactif #subscriptionbox #nicheperfume #discoverolfactif #hellosubscription #subscriptionaddiction #subscriptionboxaddict #beautybox #monthlysubscription #vanillavibes #juliettehasagun
",,
,"Olfactif
@artofperfume
¬∑
Jun 8, 2019
I'm heading into Saturday with some fierce vibes. 

SOTD: Vanilla Vibes by Juliette has a Gun

#hellosummer #vanillavibes #juliettehasagun #seasalt #vanilla #summervibes #sotd #junecollection #forher
Mad About Design Ltd
@madltd
¬∑
May 21, 2019
We were thrilled to have supported Juliette Has Gun‚Äôs new fragrance launch in UK stores. We love the ‚ÄòVibe‚Äô !
.
.
.
#madltd #madlove #creative #london #design #display #retaildisplay #luxuryretail #fragrance #juliettehasagun
Metro Cosmetics
@Metrocosmetics
¬∑
Dec 29, 2022
Festive season essentials: Not A Perfume and a sprinkle of glitter ‚ú®‚ú®‚ú®‚Å†
Light up your NYE party with the musky and clean scent of Not A Perfume.‚Å†
Shop in store or online now.‚Å†
https://bit.ly/3Fthkso
#MetroCosmetics #JulietteHasAGun #NotAPerfume",,
,,,
,"
Parfumerie Marie Antoinette
@parfumeriemarie
¬∑
May 1, 2019
Romano Ricci of Juliette Has a Gun is all geared up to take you on a scented voyage that you won‚Äôt forget! Are you ready for this trip? #comingsoon #newlaunch #juliettehasagun #luxury #nicheperfume #fragrances #perfume
xpression camera
@xpression_app
No time to get ready for your meeting? Use xpression camera to be dressed for all occasions.
0:03 / 1:08
xpressioncamera.com
Become anyone on Zoom, Twitch, or any streaming video
Promoted
B
@brobs1427
¬∑
May 28, 2020
Imagine being able to smell #JulietteHasAGun perfume without paying $4 for a sample bottle the size of my pinky toe.",,
,,,
"Metro Cosmetics","¬∑
Another day, Another Oud... üí´
Another Oud evokes all the modernity, the exuberance, the grandeur, that you go across when you take a walk in the Orient. 
Discover this fragrance in store or online now üëâ https://bit.ly/3DPTfK5
#MetroCosmetics #JulietteHasAGun #perfumeaddict
Melody Barlow Realtor
@MelBarlowRealty
¬∑
Sep 30, 2018
I am so excited! Guess who ‚ÄúHas A Gun‚Äù now?!? Juliette AND Me! Thank you so much Crystal Clark! You are always so thoughtful and I love it!üíù
*
*
*
*
#Turning25x2
#50isthenew40
#JulietteHasAGun
#NotaPerfume
Crystal Clark
Qatar PR Network
@QatarPRNetwork
¬∑
Apr 21, 2019
Juliette has a gun's New Vanilla Vibes Perfume, a hymn to Adventure and Freedom, now in the UAE

#vanillavibes  #juliettehasagun #juliettehasagunparfum #moscowmule #fragrancehouse #pressevent #scents #juliette #nowinUAE #qatarprnetwork

http://qatarprnetwork.com/pr.asp?pr=2624679
",,
,,,
"artofperfume","Okay, so this is a VERY early teaser for the June Collection, but we just couldn't help ourselves! Ladies, you will be getting this and it's ahhhhhh.....mazing! 

#junebox #donthavefomo #subscribetoday #olfactif #subscriptionbox #nicheperfume  #vanillavibes #juliettehasagun
Rola's Momentos
@rolasmomentos
¬∑
Jul 20, 2018
Details...#juliettehasagun #perfume #fragrance #scent #nicheperfume #neutrogena #drugstore #skincare #bathandbodyworks #milkmakeup #cledepeau #aveda #natural #green #greenbeauty #makeup‚Ä¶ https://instagram.com/p/BlbSF3dnMOt/?utm_source=ig_twitter_share&igshid=1t494x8n52u0g
GoDubai.com
@GoDubaicom
¬∑
Apr 21, 2019
Juliette has a gun's New Vanilla Vibes Perfume, a hymn to Adventure and Freedom, now in the UAE

#vanillavibes  #juliettehasagun #juliettehasagunparfum #moscowmule #fragrancehouse #pressevent #scents #juliette #nowinUAE #godubai

http://godubai.com/citylife/press_release_page.asp?PR=138141
Juliette Has a Gun",,
,,,
"saffyishere","replying to 
@conciergemaree
Another brand which does a fantastic sample set is #juliettehasagun.
Dubai PR Network
@Dubaiprnetwork
¬∑
Apr 21, 2019
Juliette has a gun's New Vanilla Vibes Perfume, a hymn to Adventure and Freedom, now in the UAE

#vanillavibes  #juliettehasagun #juliettehasagunparfum #moscowmule  #scents #juliette #nowinUAE #dubaiprnetwork

http://dubaiprnetwork.com/pr.asp?pr=138141
Juliette Has a Gun
DubaiBeautySpot
@dubaibeautyspot
¬∑
May 13, 2019
EID GIFT GUIDE OPTIONS

Read Here:  http://dubaibeautyspot.com/pr.asp?pr=434363630 

#larc #Oud #ArtofShaving #MAISONFRANCISKURKDJIAN #DubaiPlatinum #Lafayette #TheMerchantofVenice #JulietteHasAGun #parfum #perfume  #instafollow #instalove #f4f #dubaibeautyspot
",,
,,,
"@marcastmedia","
üéßNew episode from GentleHuman podcast is out now! Have a listenüëÇ

*This episode is sponsored by Juliette Has A Gun (Mainland, China)

#marcast #podcast #podcasts #women #WomensDay  #elle #movie #film #art #history #arthistory #juliettehasagun #Êí≠ÂÆ¢ #ÁîµÂΩ± #Ëâ∫ÊúØ #Ëâ∫ÊúØÂè≤ #Â•≥ÊÄß
0:03 / 0:58
Show this thread
Sharon Sinclair-Williams
@BeforeEndDate
¬∑
Mar 21, 2018
Oooo isn‚Äôt it? Can‚Äôt beat #juliettehasagun ‚ù§Ô∏è
Beka Warriner
@Bekarington
¬∑
Jul 14, 2019
OMG! This stuff smells AMAZE! #juliettehasagun #mmm @ Harvey Nichols https://instagram.com/p/Bz5bndnFwxT/?igshid=2b7tq6b6z03z
",,
,,,
"iamyasssss","Yasmine¬∑
Apr 29, 2019
A good smelling perfume is one of my powers üíÅüèª‚Äç‚ôÄÔ∏è #juliettehasagun 
@juliettehasagun
 viakco @ Amsterdam, Netherlands https://instagram.com/iamyasssss/p/Bwz3nYiIUGD/?igshid=1kk71chl7ncb0
Alan Ian üü®üü•üü®üü•
@alanian2709
¬∑
Dec 19, 2018
I‚Äôve got Christmas all wrapped up this year. Definitely a one of Luxury. #maisonfranciskurkdjian #creedfragrance #creed #juliettehasagun #fortnumandmason #fragrances #perfume #lgbtqüåà‚Ä¶ https://instagram.com/p/Brk2s3WH46x/?utm_source=ig_twitter_share&igshid=1u454qbppsou0
Universally Proud Troublemaker ‚úàÔ∏èüá∫üá∏üá®üá∫üåäüåà
@UrFaveFltAttndt
¬∑
Nov 13, 2019
Absolutely stunning Do not pass up trying this fragrance! Try it out. You won‚Äôt be disappointed  https://scentbird.com/perfume/juliette-has-a-gun-not-a-perfume-181
#scentbird #juliettehasagun #notaperfume #perfumes2019",,
,,,
"BibiLynch
","Dame Bibi Lynch¬∑
as anyone tried #VanillaVibes yet? I think it sounds gorgeous. #JulietteHasAGun
Twisted Lily
@twistedlily360
¬∑
Oct 1, 2020
October new arrivals out today üö® Shop ‚ÄòNew Arrivals‚Äô or sample the set. Link in bio. 

#newlaunch #juliettehasagun #etatlibredorange #montale #mancera #heretic #twistedlily #newarrivals #nicheperfume #nichefragrances https://instagram.com/p/CFy7hxghXY-/?igshid=11lhhbb6rehh9
Ruxandra Ioana
@ByRuxandra
¬∑
May 9, 2019
Are you a vanilla fan? Then you‚Äôll adore the new Vanilla Vibes perfume from 
@juliettehasagun
 ü§©
Also available at 
@KroonenandBrown
 in Brussels üëÄ
viakco 
‚Ä¢
‚Ä¢
‚Ä¢
#juliettehasagun #vanillavibes #perfume #instascent‚Ä¶ https://instagram.com/p/BxNkwK-hrSK/?igshid=1uqyju5tt3pm8",,
,,,
"gmoneyhighrolla
","¬∑
thank you  Martha and Teric for helping toward my expensive perfume. I love Juliette has a gun!  I'm sure she will not be shooting blank bullets! #boom #juliettehasagun  #sunnysideup #yum #germaineshairstudioinc https://instagram.com/p/B7UB690jfXS/?igshid=42l2ajv4kfb2
Manganum
@manganumapp
You can maximize your productivity with Manganum. With a new browsing tab and integrated ChatGPT, Google Calendar, Keep, Tasks, and Translator, Manganum provides a powerful productivity solution that helps you accomplish more in less time.
manganum.app
Try Manganum ‚Äî the top-rated productivity workspace extension.
Promoted
City Perfume
@cityperfume
¬∑
Jan 2, 2020
Juliet Has A Gun White Spirit 
Cold blood, warm heart. White spirit might blind some boys, winter goals. Discover this luxury collection in stores and online 
-
#juliettehasagun #luxurycollection #whitespirit‚Ä¶ https://instagram.com/p/B6zt8RAgzgR/?igshid=1l9gzj53bk29m
City Perfume
@cityperfume
¬∑
Jul 22, 2018
Juliette Has A Gun fragrances are one of the niche beautiful brands available 
@cityperfume
 boutiques come and explore their beautiful scents 

#juliettehasagun #cityperfume #ootd‚Ä¶ https://instagram.com/p/Blh7EWYgrvY/?utm_source=ig_twitter_share&igshid=ycivdg2bjimj
",,
,,,
"GoDubaicom","EID GIFT GUIDE OPTIONS

http://godubai.com/citylife/press_release_page.asp?pr=138730  

#larc #Oud #ArtofShaving #MAISONFRANCISKURKDJIAN #DubaiPlatinum #Lafayette #TheMerchantofVenice #JulietteHasAGun #parfum #perfume #fragrances #likeforlike #instacool #instafollow #instalove #followforfollow #webstagram #godubai
chinenye Ada Igbo Biafra ‚ù§Ô∏è #Mgboto Owerri . üá´üá∑
@oziudo
¬∑
Jun 21, 2019
W√© cant buy everything in this world , some w√© get them free . Yes i got them free . When you re in paris .be smart comme moi . #Juliettehasagun #yslbeauty . Merci .
LUXSB - Luxury Scent Box ¬ÆÔ∏è
@LuxuryScentBox
¬∑
Apr 8, 2022
The latest article in 
@byrdiebeauty
 has us over excited this spring! Checkout LUXSB‚Äôs latest new arrival Magnolia Bliss 
@juliettehasagun
 featured in BYRDIE! Thank you 
@emelitou
 üñ§

https://byrdie.com/best-new-beauty-products-april-2022-5224950 #Byrdie #LUXSB #LuxuryScentBox #juliettehasagun #MagnoliaBliss
",,
,,,
"@sam_k_xo
¬∑","s a m üíã

Dec 13, 2019
Been trying out ‚ÄúVanilla Vibes‚Äù by 
@JulietteHasaGun
 the past 2 days. I got a sample from 
@Sephora
 & I 100% neeed the full sizeüòçüòç It‚Äôs so simple..yet I‚Äôve never had so many people compliment my perfume & ask what it is & where to buy it. I‚Äôm like a walking #juliettehasagun adüòÇ
LUXSB - Luxury Scent Box ¬ÆÔ∏è
@LuxuryScentBox
¬∑
Apr 7
That feeling wearing Lust For Sun 
@juliettehasagun
 ‚òÄÔ∏è üíõ‚ú® The wait is over, available now at LUXSB! Sample first, full size later! #lustforsun #juliettehasagun

‚ÄúIn Juliette's trail, bursting with light, her perfume's silage is nothing short of a caress.‚Äù -JHG
KZ
@KLZ1987
¬∑
Sep 27, 2019
Had a great visit from my Paris Manager this past week! Thanks for coming to Toronto, nicolasbpic! See you soon! 
@juliettehasagun
 sephoracanada #juliettehasagun #parfum #manager #canada #toronto #gta #marketweek‚Ä¶ https://instagram.com/p/B24s0e1lDy2/?igshid=19ql5ymwkq36w
Dubai PR Network
@Dubaiprnetwork
¬∑
May 13, 2019
EID GIFT GUIDE OPTIONS

Read Here:  http://dubaiprnetwork.com/pr.asp?pr=138730

#larc #Oud #ArtofShaving #MAISONFRANCISKURKDJIAN #DubaiPlatinum #Lafayette #TheMerchantofVenice #JulietteHasAGun #parfum #perfume #instafollow #instalove #f4f #followforfollow #webstagram #dubaiprnetwork
",,
Metro Cosmetics,Looking for the perfect Mother's Day gift?A scented candle is always appreciated Not A Candle by Juliette Has A Gun is the perfect addition to any home Shop online - https://bit.ly/3HvYJMD#MetroCosmetics #JulietteHasAGun #NotACandle #HomeFragrance #Candles,,
Metro Cosmetics,Looking for the perfect Mother's Day gift?A scented candle is always appreciated Not A Candle by Juliette Has A Gun is the perfect addition to any home Shop online - https://bit.ly/3HvYJMD#MetroCosmetics #JulietteHasAGun #NotACandle #HomeFragrance #Candles,,
Metro Cosmetics,Looking for the perfect Mother's Day gift?A scented candle is always appreciated Not A Candle by Juliette Has A Gun is the perfect addition to any home Shop online - https://bit.ly/3HvYJMD#MetroCosmetics #JulietteHasAGun #NotACandle #HomeFragrance #Candles,,
Prestige Perfumes Houston,"Just In! Juliette Has A Gun best selling perfumes. Quantities are limited, visit our two Houston locations 5240 West 34th Street DHouston, TX 7709211264 Fondren Road Houston, TX 77096#prestigeperfumes #juliettehasagun#juliettehasagunparfum",,
Prestige Perfumes Houston,"Just In! Juliette Has A Gun best selling perfumes. Quantities are limited, visit our two Houston locations 5240 West 34th Street DHouston, TX 7709211264 Fondren Road Houston, TX 77096#prestigeperfumes #juliettehasagun#juliettehasagunparfum",,
Mrs. Marvellous , Juliette has a gun PARFUMS*gifted @JulietteHasaGun #juliettehasagun #JulietteGangSHOP: https://us.juliettehasagun.com https://instagram.com/reel/CqRCxyFgF53/?igshid=YmMyMTA2M2Y=‚Ä¶,,
Ms.Malexa,Sunday Scent ~‚Ä¢‚Ä¢#Fashion #Beauty #JulietteHasAGun #MoscowMule #Woody #Citrus #Aromatic #Scent #Perfume #Fragrance #Sunday,Juliette Has a Gun and Mrs. Marvellous| Beauty in Los Angeles ,
,,,
OtherWise,It‚Äôs a Juliette kind of day. #perfume #fragrance #scent #style #juliettehasagun #sotd,,
Prestige Perfumes Houston,Sunday Scent ~‚Ä¢‚Ä¢#Fashion #Beauty #JulietteHasAGun #MoscowMule #Woody #Citrus #Aromatic #Scent #Perfume #Fragrance #Sunday,"Just In! Juliette Has A Gun best selling perfumes. Quantities are limited, visit our two Houston locations 5240 West 34th Street DHouston, TX 7709211264 Fondren Road Houston, TX 77096#prestigeperfumes #juliettehasagun#juliettehasagunparfum","Just In! Juliette Has A Gun best selling perfumes. Quantities are limited, visit our two Houston locations 5240 West 34th Street DHouston, TX 7709211264 Fondren Road Houston, TX 77096#prestigeperfumes #juliettehasagun#juliettehasagunparfum"
,Sunday Scent ~‚Ä¢‚Ä¢#Fashion #Beauty #JulietteHasAGun #MoscowMule #Woody #Citrus #Aromatic #Scent #Perfume #Fragrance #Sunday,,
Metro Cosmetics,Sunday Scent ~‚Ä¢‚Ä¢#Fashion #Beauty #JulietteHasAGun #MoscowMule #Woody #Citrus #Aromatic #Scent #Perfume #Fragrance #Sunday,,
Masiel,"Just In! Juliette Has A Gun best selling perfumes. Quantities are limited, visit our two Houston locations 5240 West 34th Street DHouston, TX 7709211264 Fondren Road Houston, TX 77096#prestigeperfumes #juliettehasagun#juliettehasagunparfum",,
Dame Bibi Lynch,Looking for the perfect Mother's Day gift?A scented candle is always appreciated Not A Candle by Juliette Has A Gun is the perfect addition to any home Shop online - https://bit.ly/3HvYJMD#MetroCosmetics #JulietteHasAGun #NotACandle #HomeFragrance #Candles,,
FranceVisiting,Just got this today. But what happend here? @sephora #juliettehasagun,,
Marcast,Has anyone tried #VanillaVibes yet? I think it sounds gorgeous. #JulietteHasAGun,,
,"https://francevisiting.com/index.php/2022/12/07/ego-stratis-juliette-has-a-gun/‚Ä¶#EgoStratis, the new #fragrance of @JulietteHasaGun offers a new #Cologne facet, with #citrus #ambroxan & #aquaticnotes, in an #androgynous #flask#perfume #RomanoRicci #JulietteHasAGun #genderfluid #MyOrigines #Sephora #PerfumeReview #PerfumeOfTheDay",,
OtherWise,Sunday Scent ~‚Ä¢‚Ä¢#Fashion #Beauty #JulietteHasAGun #MoscowMule #Woody #Citrus #Aromatic #Scent #Perfume #Fragrance #Sunday,"Attention all beginner investors! Stop searching for the perfect investment.Learn how to use THIS tried-and-true, overlooked REAL ESTATE strategy now.Sign up now for my FREE real estate training! #multifamilyrealestate #investing #financialfreedom",Sign up for my FREE real estate training now!
Ms.Malexa,Looking for the perfect Mother's Day gift?A scented candle is always appreciated Not A Candle by Juliette Has A Gun is the perfect addition to any home Shop online - https://bit.ly/3HvYJMD#MetroCosmetics #JulietteHasAGun #NotACandle #HomeFragrance #Candles,,
Ms.Malexa,Looking for the perfect Mother's Day gift?A scented candle is always appreciated Not A Candle by Juliette Has A Gun is the perfect addition to any home Shop online - https://bit.ly/3HvYJMD#MetroCosmetics #JulietteHasAGun #NotACandle #HomeFragrance #Candles,,Just got this today. But what happend here? @sephora #juliettehasagun
Prestige Perfumes Houston,Just got this today. But what happend here? @sephora #juliettehasagun,,Has anyone tried #VanillaVibes yet? I think it sounds gorgeous. #JulietteHasAGun
Metro Cosmetics,Has anyone tried #VanillaVibes yet? I think it sounds gorgeous. #JulietteHasAGun,,
Metro Cosmetics,Sunday Scent ~‚Ä¢‚Ä¢#Fashion #Beauty #JulietteHasAGun #MoscowMule #Woody #Citrus #Aromatic #Scent #Perfume #Fragrance #Sunday,Looking for the perfect Mother's Day gift?A scented candle is always appreciated Not A Candle by Juliette Has A Gun is the perfect addition to any home Shop online - https://bit.ly/3HvYJMD#MetroCosmetics #JulietteHasAGun #NotACandle #HomeFragrance #Candles,Looking for the perfect Mother's Day gift?A scented candle is always appreciated Not A Candle by Juliette Has A Gun is the perfect addition to any home Shop online - https://bit.ly/3HvYJMD#MetroCosmetics #JulietteHasAGun #NotACandle #HomeFragrance #Candles
Prestige Perfumes Houston,"Just In! Juliette Has A Gun best selling perfumes. Quantities are limited, visit our two Houston locations 5240 West 34th Street DHouston, TX 7709211264 Fondren Road Houston, TX 77096#prestigeperfumes #juliettehasagun#juliettehasagunparfum", Juliette has a gun PARFUMS*gifted @JulietteHasaGun #juliettehasagun #JulietteGangSHOP: https://us.juliettehasagun.com https://instagram.com/reel/CqRCxyFgF53/?igshid=YmMyMTA2M2Y=‚Ä¶,Juneteenth Is My Independence Day
,,,Order now: 
Fragrances4ever,"This hypoallergenic, clean, fresh scent is completely allergy free and is perfect for those who don't typically wear perfume Video Credits: @Pinterest#juliettehasagun #juliettehasagunnotaperfumw #fragrances4ever #scentsformoods #fragrancenotes #fragranceforwomen #freshscent","If it‚Äôs 2023 and you haven‚Äôt tried Not a Perfume yet, where have you been? #JulietteHasAGun #AscentsLuxuryCosmetics #notaperfume #perfume #fragrances #perfumelover",
Ascentluxurycosmetics,"If it‚Äôs 2023 and you haven‚Äôt tried Not a Perfume yet, where have you been? #JulietteHasAGun #AscentsLuxuryCosmetics #notaperfume #perfume #fragrances #perfumelover",,
,"Just In! Juliette Has A Gun best selling perfumes. Quantities are limited, visit our two Houston locations 5240 West 34th Street DHouston, TX 7709211264 Fondren Road Houston, TX 77096#prestigeperfumes #juliettehasagun#juliettehasagunparfum","This hypoallergenic, clean, fresh scent is completely allergy free and is perfect for those who don't typically wear perfume Video Credits: @Pinterest#juliettehasagun #juliettehasagunnotaperfumw #fragrances4ever #scentsformoods #fragrancenotes #fragranceforwomen #freshscent","If it‚Äôs 2023 and you haven‚Äôt tried Not a Perfume yet, where have you been? #JulietteHasAGun #AscentsLuxuryCosmetics #notaperfume #perfume #fragrances #perfumelover"
,"If it‚Äôs 2023 and you haven‚Äôt tried Not a Perfume yet, where have you been? #JulietteHasAGun #AscentsLuxuryCosmetics #notaperfume #perfume #fragrances #perfumelover",,
CATH.UNWIN,"Just In! Juliette Has A Gun best selling perfumes. Quantities are limited, visit our two Houston locations 5240 West 34th Street DHouston, TX 7709211264 Fondren Road Houston, TX 77096#prestigeperfumes #juliettehasagun#juliettehasagunparfum","This hypoallergenic, clean, fresh scent is completely allergy free and is perfect for those who don't typically wear perfume Video Credits: @Pinterest#juliettehasagun #juliettehasagunnotaperfumw #fragrances4ever #scentsformoods #fragrancenotes #fragranceforwomen #freshscent","If it‚Äôs 2023 and you haven‚Äôt tried Not a Perfume yet, where have you been? #JulietteHasAGun #AscentsLuxuryCosmetics #notaperfume #perfume #fragrances #perfumelover"
Metro Cosmetics, Juliette has a gun PARFUMS*gifted @JulietteHasaGun #juliettehasagun #JulietteGangSHOP: https://us.juliettehasagun.com https://instagram.com/reel/CqRCxyFgF53/?igshid=YmMyMTA2M2Y=‚Ä¶,"If it‚Äôs 2023 and you haven‚Äôt tried Not a Perfume yet, where have you been? #JulietteHasAGun #AscentsLuxuryCosmetics #notaperfume #perfume #fragrances #perfumelover",‚Å¶@JulietteHasaGun‚Å© very happy #JulietteHasAGun#JHAG #GentleWoman from a lovely #Ebay lady #perfume
,‚Å¶@JulietteHasaGun‚Å© very happy #JulietteHasAGun#JHAG #GentleWoman from a lovely #Ebay lady #perfume,,
LUXSB - Luxury Scent Box ,Looking for the perfect Mother's Day gift?A scented candle is always appreciated Not A Candle by Juliette Has A Gun is the perfect addition to any home Shop online - https://bit.ly/3HvYJMD#MetroCosmetics #JulietteHasAGun #NotACandle #HomeFragrance #Candles,‚Å¶@JulietteHasaGun‚Å© very happy #JulietteHasAGun#JHAG #GentleWoman from a lovely #Ebay lady #perfume,Looking for the perfect Mother's Day gift?A scented candle is always appreciated Not A Candle by Juliette Has A Gun is the perfect addition to any home Shop online - https://bit.ly/3HvYJMD#MetroCosmetics #JulietteHasAGun #NotACandle #HomeFragrance #Candles
BTEGA SG,"This hypoallergenic, clean, fresh scent is completely allergy free and is perfect for those who don't typically wear perfume Video Credits: @Pinterest#juliettehasagun #juliettehasagunnotaperfumw #fragrances4ever #scentsformoods #fragrancenotes #fragranceforwomen #freshscent",Looking for the perfect Mother's Day gift?A scented candle is always appreciated Not A Candle by Juliette Has A Gun is the perfect addition to any home Shop online - https://bit.ly/3HvYJMD#MetroCosmetics #JulietteHasAGun #NotACandle #HomeFragrance #Candles,"That feeling wearing Lust For Sun @juliettehasagun The wait is over, available now at LUXSB! Sample first, full size later! #lustforsun #juliettehasagun‚ÄúIn Juliette's trail, bursting with light, her perfume's silage is nothing short of a caress.‚Äù -JHG"
,"That feeling wearing Lust For Sun @juliettehasagun The wait is over, available now at LUXSB! Sample first, full size later! #lustforsun #juliettehasagun‚ÄúIn Juliette's trail, bursting with light, her perfume's silage is nothing short of a caress.‚Äù -JHG",,
Beno√Æt Thibeault,"If it‚Äôs 2023 and you haven‚Äôt tried Not a Perfume yet, where have you been? #JulietteHasAGun #AscentsLuxuryCosmetics #notaperfume #perfume #fragrances #perfumelover","That feeling wearing Lust For Sun @juliettehasagun The wait is over, available now at LUXSB! Sample first, full size later! #lustforsun #juliettehasagun‚ÄúIn Juliette's trail, bursting with light, her perfume's silage is nothing short of a caress.‚Äù -JHG",Get 32% off on Juliette Has A Gun Lipstick Fever Perfume (EDP) at BTEGA! A perfect scent for any occasion. https://bit.ly/3KzS0n0#JulietteHasAGun #LipstickFever #Perfume #Discount #BTEGA
,Get 32% off on Juliette Has A Gun Lipstick Fever Perfume (EDP) at BTEGA! A perfect scent for any occasion. https://bit.ly/3KzS0n0#JulietteHasAGun #LipstickFever #Perfume #Discount #BTEGA,,
,"Name a more iconic trio. We'll wait... Shop the unforgettable, iconic fragrances from Juliette Has A Gun online.https://bit.ly/3AqQVb4#MetroCosmetics #JulietteHasAGun #Iconic #FragranceAddict",,
Beno√Æt Thibeault,Get 32% off on Juliette Has A Gun Lipstick Fever Perfume (EDP) at BTEGA! A perfect scent for any occasion. https://bit.ly/3KzS0n0#JulietteHasAGun #LipstickFever #Perfume #Discount #BTEGA,What is your favorite fragrance with an animalic note?https://zurl.co/CHs6#Juliettehasagun #perfume #perfumes #wear #perfumery #fragrance #fragrances#fragrancereviewer #PerfumeReviews#review,"Name a more iconic trio. We'll wait... Shop the unforgettable, iconic fragrances from Juliette Has A Gun online.https://bit.ly/3AqQVb4#MetroCosmetics #JulietteHasAGun #Iconic #FragranceAddict"
,So good I had to share! Check out all the items I'm loving on @Poshmarkapp #poshmark #fashion #style #shopmycloset #juliettehasagun #anneklein #carraigdonn: https://posh.mk/xA9vrryBJwb,,
Metro Cosmetics,"Name a more iconic trio. We'll wait... Shop the unforgettable, iconic fragrances from Juliette Has A Gun online.https://bit.ly/3AqQVb4#MetroCosmetics #JulietteHasAGun #Iconic #FragranceAddict","Discretion and simplicity are absolute signs of elegance.Get a glimpse of it with Musc Invisible by Juliette Has A Gun A dreamy and nostalgic smell of comfy notes, laying on a silky base of creamy musk Shop now - https://bit.ly/40r50AP#MetroCosmetics #JulietteHasAGun",So good I had to share! Check out all the items I'm loving on @Poshmarkapp #poshmark #fashion #style #shopmycloset #juliettehasagun #anneklein #carraigdonn: https://posh.mk/xA9vrryBJwb
,Splash into summer wearing @juliettehasagun Lust For Sun!Available at LUXSB on April 6th! Create your own olfactive journey immersing in the summertime with golden skin and sunshine! https://luxsb.com/product/lust-sun‚Ä¶ #juliettehasagun #newperfume #luxsb #luxuryscentbox,,
LUXSB - Luxury Scent Box ,"Discretion and simplicity are absolute signs of elegance.Get a glimpse of it with Musc Invisible by Juliette Has A Gun A dreamy and nostalgic smell of comfy notes, laying on a silky base of creamy musk Shop now - https://bit.ly/40r50AP#MetroCosmetics #JulietteHasAGun",,#Juliettehasagun Perfume MmmmSmellsSo GoodLike MmmmI LoveIt.
,#Juliettehasagun Perfume MmmmSmellsSo GoodLike MmmmI LoveIt.,,
,So good I had to share! Check out all the items I'm loving on @Poshmarkapp from @LQM_SALES #poshmark #fashion #style #shopmycloset #juliettehasagun #polobyralphlauren #timberland: https://posh.mk/YQxp1inXzxb,,
Persephone's Daughter,"Lipstick Fever naturally focuses on the historic notes used in lipsticks : Iris, Violet absolute and Raspberry A contemporary composition, gourmand, ultimately feminine Shop online - https://bit.ly/3x0SHOn#MetroCosmetics #JulietteHasAGun",Splash into summer wearing @juliettehasagun Lust For Sun!Available at LUXSB on April 6th! Create your own olfactive journey immersing in the summertime with golden skin and sunshine! https://luxsb.com/product/lust-sun‚Ä¶ #juliettehasagun #newperfume #luxsb #luxuryscentbox,So good I had to share! Check out all the items I'm loving on @Poshmarkapp #poshmark #fashion #style #shopmycloset #juliettehasagun #screenstars: https://posh.mk/suztrorPDxb
,So good I had to share! Check out all the items I'm loving on @Poshmarkapp #poshmark #fashion #style #shopmycloset #juliettehasagun #screenstars: https://posh.mk/suztrorPDxb,,
Fragrances4ever,,,
Fragrances4ever,"If it‚Äôs 2023 and you haven‚Äôt tried Not a Perfume yet, where have you been? #JulietteHasAGun #AscentsLuxuryCosmetics #notaperfume #perfume #fragrances #perfumelover",‚Å¶@JulietteHasaGun‚Å© very happy #JulietteHasAGun#JHAG #GentleWoman from a lovely #Ebay lady #perfume,‚Å¶@JulietteHasaGun‚Å© very happy #JulietteHasAGun#JHAG #GentleWoman from a lovely #Ebay lady #perfume
Ascentluxurycosmetics,‚Å¶@JulietteHasaGun‚Å© very happy #JulietteHasAGun#JHAG #GentleWoman from a lovely #Ebay lady #perfume,Looking for the perfect Mother's Day gift?A scented candle is always appreciated Not A Candle by Juliette Has A Gun is the perfect addition to any home Shop online - https://bit.ly/3HvYJMD#MetroCosmetics #JulietteHasAGun #NotACandle #HomeFragrance #Candles,Looking for the perfect Mother's Day gift?A scented candle is always appreciated Not A Candle by Juliette Has A Gun is the perfect addition to any home Shop online - https://bit.ly/3HvYJMD#MetroCosmetics #JulietteHasAGun #NotACandle #HomeFragrance #Candles
CATH.UNWIN,Looking for the perfect Mother's Day gift?A scented candle is always appreciated Not A Candle by Juliette Has A Gun is the perfect addition to any home Shop online - https://bit.ly/3HvYJMD#MetroCosmetics #JulietteHasAGun #NotACandle #HomeFragrance #Candles,"That feeling wearing Lust For Sun @juliettehasagun The wait is over, available now at LUXSB! Sample first, full size later! #lustforsun #juliettehasagun‚ÄúIn Juliette's trail, bursting with light, her perfume's silage is nothing short of a caress.‚Äù -JHG","That feeling wearing Lust For Sun @juliettehasagun The wait is over, available now at LUXSB! Sample first, full size later! #lustforsun #juliettehasagun‚ÄúIn Juliette's trail, bursting with light, her perfume's silage is nothing short of a caress.‚Äù -JHG"
Metro Cosmetics,"That feeling wearing Lust For Sun @juliettehasagun The wait is over, available now at LUXSB! Sample first, full size later! #lustforsun #juliettehasagun‚ÄúIn Juliette's trail, bursting with light, her perfume's silage is nothing short of a caress.‚Äù -JHG",What is your favorite clubbing fragrance?https://zcu.io/49WR#juliettehasagun #reviews #reaction #perfume #perfumes #perfumery #fragrance#fragrancereviewer #PerfumeReviews#review,What is your favorite clubbing fragrance?https://zcu.io/49WR#juliettehasagun #reviews #reaction #perfume #perfumes #perfumery #fragrance#fragrancereviewer #PerfumeReviews#review
LUXSB - Luxury Scent Box ,What is your favorite clubbing fragrance?https://zcu.io/49WR#juliettehasagun #reviews #reaction #perfume #perfumes #perfumery #fragrance#fragrancereviewer #PerfumeReviews#review,What is your favorite fragrance with an animalic note?https://zurl.co/CHs6#Juliettehasagun #perfume #perfumes #wear #perfumery #fragrance #fragrances#fragrancereviewer #PerfumeReviews#review,What is your favorite fragrance with an animalic note?https://zurl.co/CHs6#Juliettehasagun #perfume #perfumes #wear #perfumery #fragrance #fragrances#fragrancereviewer #PerfumeReviews#review
Beno√Æt Thibeault,What is your favorite fragrance with an animalic note?https://zurl.co/CHs6#Juliettehasagun #perfume #perfumes #wear #perfumery #fragrance #fragrances#fragrancereviewer #PerfumeReviews#review,,
Ascentluxurycosmetics,"This hypoallergenic, clean, fresh scent is completely allergy free and is perfect for those who don't typically wear perfume Video Credits: @Pinterest#juliettehasagun #juliettehasagunnotaperfumw #fragrances4ever #scentsformoods #fragrancenotes #fragranceforwomen #freshscent","If it‚Äôs 2023 and you haven‚Äôt tried Not a Perfume yet, where have you been? #JulietteHasAGun #AscentsLuxuryCosmetics #notaperfume #perfume #fragrances #perfumelover","If it‚Äôs 2023 and you haven‚Äôt tried Not a Perfume yet, where have you been? #JulietteHasAGun #AscentsLuxuryCosmetics #notaperfume #perfume #fragrances #perfumelover"
Ascentluxurycosmetics,"This hypoallergenic, clean, fresh scent is completely allergy free and is perfect for those who don't typically wear perfume Video Credits: @Pinterest#juliettehasagun #juliettehasagunnotaperfumw #fragrances4ever #scentsformoods #fragrancenotes #fragranceforwomen #freshscent",,
Ascentluxurycosmetics,"This hypoallergenic, clean, fresh scent is completely allergy free and is perfect for those who don't typically wear perfume Video Credits: @Pinterest#juliettehasagun #juliettehasagunnotaperfumw #fragrances4ever #scentsformoods #fragrancenotes #fragranceforwomen #freshscent","If it‚Äôs 2023 and you haven‚Äôt tried Not a Perfume yet, where have you been? #JulietteHasAGun #AscentsLuxuryCosmetics #notaperfume #perfume #fragrances #perfumelover", Juliette has a gun PARFUMS*gifted @JulietteHasaGun #juliettehasagun #JulietteGangSHOP: https://us.juliettehasagun.com https://instagram.com/reel/CqRCxyFgF53/?igshid=YmMyMTA2M2Y=‚Ä¶
Prestige Perfumes Houston,"This hypoallergenic, clean, fresh scent is completely allergy free and is perfect for those who don't typically wear perfume Video Credits: @Pinterest#juliettehasagun #juliettehasagunnotaperfumw #fragrances4ever #scentsformoods #fragrancenotes #fragranceforwomen #freshscent","If it‚Äôs 2023 and you haven‚Äôt tried Not a Perfume yet, where have you been? #JulietteHasAGun #AscentsLuxuryCosmetics #notaperfume #perfume #fragrances #perfumelover",
Prestige Perfumes Houston,"This hypoallergenic, clean, fresh scent is completely allergy free and is perfect for those who don't typically wear perfume Video Credits: @Pinterest#juliettehasagun #juliettehasagunnotaperfumw #fragrances4ever #scentsformoods #fragrancenotes #fragranceforwomen #freshscent","If it‚Äôs 2023 and you haven‚Äôt tried Not a Perfume yet, where have you been? #JulietteHasAGun #AscentsLuxuryCosmetics #notaperfume #perfume #fragrances #perfumelover",‚Å¶@JulietteHasaGun‚Å© very happy #JulietteHasAGun#JHAG #GentleWoman from a lovely #Ebay lady #perfume
Mrs. Marvellous ,"If it‚Äôs 2023 and you haven‚Äôt tried Not a Perfume yet, where have you been? #JulietteHasAGun #AscentsLuxuryCosmetics #notaperfume #perfume #fragrances #perfumelover",‚Å¶@JulietteHasaGun‚Å© very happy #JulietteHasAGun#JHAG #GentleWoman from a lovely #Ebay lady #perfume,Looking for the perfect Mother's Day gift?A scented candle is always appreciated Not A Candle by Juliette Has A Gun is the perfect addition to any home Shop online - https://bit.ly/3HvYJMD#MetroCosmetics #JulietteHasAGun #NotACandle #HomeFragrance #Candles
,‚Å¶@JulietteHasaGun‚Å© very happy #JulietteHasAGun#JHAG #GentleWoman from a lovely #Ebay lady #perfume,Looking for the perfect Mother's Day gift?A scented candle is always appreciated Not A Candle by Juliette Has A Gun is the perfect addition to any home Shop online - https://bit.ly/3HvYJMD#MetroCosmetics #JulietteHasAGun #NotACandle #HomeFragrance #Candles,"That feeling wearing Lust For Sun @juliettehasagun The wait is over, available now at LUXSB! Sample first, full size later! #lustforsun #juliettehasagun‚ÄúIn Juliette's trail, bursting with light, her perfume's silage is nothing short of a caress.‚Äù -JHG"
Fragrances4ever,Looking for the perfect Mother's Day gift?A scented candle is always appreciated Not A Candle by Juliette Has A Gun is the perfect addition to any home Shop online - https://bit.ly/3HvYJMD#MetroCosmetics #JulietteHasAGun #NotACandle #HomeFragrance #Candles,"That feeling wearing Lust For Sun @juliettehasagun The wait is over, available now at LUXSB! Sample first, full size later! #lustforsun #juliettehasagun‚ÄúIn Juliette's trail, bursting with light, her perfume's silage is nothing short of a caress.‚Äù -JHG",What is your favorite clubbing fragrance?https://zcu.io/49WR#juliettehasagun #reviews #reaction #perfume #perfumes #perfumery #fragrance#fragrancereviewer #PerfumeReviews#review
Ascentluxurycosmetics,"That feeling wearing Lust For Sun @juliettehasagun The wait is over, available now at LUXSB! Sample first, full size later! #lustforsun #juliettehasagun‚ÄúIn Juliette's trail, bursting with light, her perfume's silage is nothing short of a caress.‚Äù -JHG",What is your favorite clubbing fragrance?https://zcu.io/49WR#juliettehasagun #reviews #reaction #perfume #perfumes #perfumery #fragrance#fragrancereviewer #PerfumeReviews#review,What is your favorite fragrance with a note of pear?Here is my review of Pear inc. by Juliette has a gun: https://zurl.co/zPPt#Juliettehasagun #perfume #perfumes #wear #perfumery #fragrance #fragrances#fragrancereviewer #PerfumeReviews#review
CATH.UNWIN,What is your favorite clubbing fragrance?https://zcu.io/49WR#juliettehasagun #reviews #reaction #perfume #perfumes #perfumery #fragrance#fragrancereviewer #PerfumeReviews#review,What is your favorite fragrance with a note of pear?Here is my review of Pear inc. by Juliette has a gun: https://zurl.co/zPPt#Juliettehasagun #perfume #perfumes #wear #perfumery #fragrance #fragrances#fragrancereviewer #PerfumeReviews#review,
,"This hypoallergenic, clean, fresh scent is completely allergy free and is perfect for those who don't typically wear perfume Video Credits: @Pinterest#juliettehasagun #juliettehasagunnotaperfumw #fragrances4ever #scentsformoods #fragrancenotes #fragranceforwomen #freshscent", Juliette has a gun PARFUMS*gifted @JulietteHasaGun #juliettehasagun #JulietteGangSHOP: https://us.juliettehasagun.com https://instagram.com/reel/CqRCxyFgF53/?igshid=YmMyMTA2M2Y=‚Ä¶,
Fragrances4ever,"This hypoallergenic, clean, fresh scent is completely allergy free and is perfect for those who don't typically wear perfume Video Credits: @Pinterest#juliettehasagun #juliettehasagunnotaperfumw #fragrances4ever #scentsformoods #fragrancenotes #fragranceforwomen #freshscent",,
,"
MS
@MS94522704
¬∑
So good I had to share! Check out all the items I'm loving on 
@Poshmarkapp
 #poshmark #fashion #style #shopmycloset #juliettehasagun #screenstars: https://posh.mk/suztrorPDxb
Abu Shakra
@AbuShakratrd
¬∑
Feb 6
Date night with MMMM by 
@juliettehasagun
 ‚Ä¶ A captivating and sensual fragrance, with Orange Blossom, Vanilla, Neroli and Raspberry‚Ä¶ for immediate gourmand pleasure!

Available at #Abu_shakra.

#JulietteHasAGun #valentinesday
0:03 / 0:08
LUXSB - Luxury Scent Box ¬ÆÔ∏è
@LuxuryScentBox
¬∑
Apr 4
Splash into summer wearing 
@juliettehasagun
 Lust For Sun! ‚òÄÔ∏èüíõ 
Available at LUXSB on April 6th! Create your own olfactive journey immersing in the summertime with golden skin and sunshine! https://luxsb.com/product/lust-sun #juliettehasagun #newperfume #luxsb #luxuryscentbox
Sandton City
@SandtonCity
¬∑
Mar 6
Orange blossom, Vanilla, Neroli, Raspberry‚Ä¶ Sounds like summer in a bottle! üòç‚òÄÔ∏è
Mmm by Juliette Has A Gun is our fragrance of choice this season üëå
Shop the range in-store at 
@skins_sa

#IconicSandton #JulietteHasAGun #JulietteGang #Fragrance #LastOfTheSummerGreatsSC",,